2026-05-26 12:51:55.319 +0530 [debug] (configs.js) loaded default configs as "{"updates":{"manifest_url":"https://cdn.freshdev.io/assets/fdk/updates.json","changelog_url":"https://cdn.freshdev.io/assets/fdk/change-log.json","period":24},"log":{"level":"info"},"javascript":{"ecma_version":2020},"request":{"timeout":15000,"maxFilesPerRequest":5},"global_apps":{"enabled":true},"easel":{"enabled":false},"job":{"timeout":120000}}"
2026-05-26 12:51:55.323 +0530 [debug] (configs.js) loaded global configs as "{"request":{"timeout":15000},"job":{"timeout":120000},"global_apps":{"enabled":"true"}}"
2026-05-26 12:51:55.323 +0530 [debug] (configs.js) loaded local configs as "{"request":{"timeout":15000},"job":{"timeout":120000},"global_apps":{"enabled":"true"}}"
2026-05-26 12:51:55.323 +0530 [debug] (configs.js) loaded env configs as "{"updates":{},"log":{},"javascript":{},"request":{"timeout":15000,"maxFilesPerRequest":5},"job":{"timeout":120000}}"
2026-05-26 12:51:55.323 +0530 [debug] (configs.js) loaded resolved configs as "{"updates":{"manifest_url":"https://cdn.freshdev.io/assets/fdk/updates.json","changelog_url":"https://cdn.freshdev.io/assets/fdk/change-log.json","period":24},"log":{"level":"info"},"javascript":{"ecma_version":2020},"request":{"timeout":15000,"maxFilesPerRequest":5},"global_apps":{"enabled":"true"},"easel":{"enabled":false},"job":{"timeout":120000}}"
2026-05-26 12:51:55.323 +0530 [debug] (logger.js) Starting FDK in node v24.11.0 on darwin
2026-05-26 12:51:55.323 +0530 [debug] (sequelize.js) setting up sqilite at "/Users/sivakumar/Documents/freshworks/freshservice/superops_production/.fdk/store.sqlite"
2026-05-26 12:51:55.323 +0530 [debug] (data.js) Read {"version_details":{"cli":{"deprecated":{"version":"<9","message":"This FDK version has been deprecated. There will be no further feature updates to this version. For a seamless app-building experience, ensure to move to the latest FDK version. For more information, see https://developers.freshworks.com/docs/app-sdk/v2.3/freshdesk/migration-guide/#migrate-to-the-latest-platform-version."},"forced":{"version":"7.0.0","command":"npm install https://dl.freshdev.io/cli/fdk-7.0.0.tgz -g","message":"Your FDK version has been forced updated to v7.0.0, please visit https://community.developers.freshworks.com/t/fdk-v7-0-announcing-node-js-v12-and-es6-support/3606 to know more"},"latest":{"version":"10.1.2","command":"npm install https://cdn.freshdev.io/fdk/latest-v24.tgz -g","message":"You are on the latest FDK version. For information on the features available as part of this FDK version, see https://developers.freshworks.com/docs/?tab=modules."}},"addon":{"version":"2.2.7","url":"https://cdn.freshdev.io/assets/fdk/addons/addon.zip"}},"last_updated":{"time_stamp":1779694115295}}
2026-05-26 12:51:55.323 +0530 [debug] (updater.js) last check less than 24 hours ago, not looking for updates
2026-05-26 12:51:55.325 +0530 [debug] (index.js) running with opts {}
2026-05-26 12:51:55.394 +0530 [debug] (data.js) Read {"version_details":{"cli":{"deprecated":{"version":"<9","message":"This FDK version has been deprecated. There will be no further feature updates to this version. For a seamless app-building experience, ensure to move to the latest FDK version. For more information, see https://developers.freshworks.com/docs/app-sdk/v2.3/freshdesk/migration-guide/#migrate-to-the-latest-platform-version."},"forced":{"version":"7.0.0","command":"npm install https://dl.freshdev.io/cli/fdk-7.0.0.tgz -g","message":"Your FDK version has been forced updated to v7.0.0, please visit https://community.developers.freshworks.com/t/fdk-v7-0-announcing-node-js-v12-and-es6-support/3606 to know more"},"latest":{"version":"10.1.2","command":"npm install https://cdn.freshdev.io/fdk/latest-v24.tgz -g","message":"You are on the latest FDK version. For information on the features available as part of this FDK version, see https://developers.freshworks.com/docs/?tab=modules."}},"addon":{"version":"2.2.7","url":"https://cdn.freshdev.io/assets/fdk/addons/addon.zip"}},"last_updated":{"time_stamp":1779694115295}}
2026-05-26 12:51:55.396 +0530 [debug] (manifest.js) Reloading manifest with {"platform-version":"3.1","modules":{"common":{"functions":{"registerUser":{},"authConnection":{},"verifyLogin":{},"updateKonnector":{},"getAssetById":{}},"requests":{"getAllTickets":{},"getAssets":{},"getFreshserviceAssetTypes":{},"getFreshserviceAssetFields":{},"getAdminAccessToken":{},"getTenantToken":{},"getFreshserviceWorkspace":{},"getAssetById":{},"getRequesters":{},"getAgents":{},"getAllTicketFields":{},"getAgentById":{},"getRequesterById":{},"getAllSiteFromSuperops":{},"getLocations":{}},"events":{"onAppInstall":{"handler":"onAppInstallCallback"},"onAppUninstall":{"handler":"onAppUninstallCallback"}}},"service_ticket":{"location":{"ticket_sidebar":{"url":"index.html","icon":"./styles/images/logo.svg"}},"events":{"onTicketUpdate":{"handler":"onTicketUpdateCallback"}}}},"engines":{"node":"24.11.0","fdk":"10.1.1"},"dependencies":{"axios":"0.20.0"},"scripts":{"fdk-unit-test":"vitest run --coverage"}}.
2026-05-26 12:51:55.396 +0530 [debug] (manifest.js) Inferred db,backend as features.
2026-05-26 12:51:55.420 +0530 [debug] (data.js) Read {"version_details":{"cli":{"deprecated":{"version":"<9","message":"This FDK version has been deprecated. There will be no further feature updates to this version. For a seamless app-building experience, ensure to move to the latest FDK version. For more information, see https://developers.freshworks.com/docs/app-sdk/v2.3/freshdesk/migration-guide/#migrate-to-the-latest-platform-version."},"forced":{"version":"7.0.0","command":"npm install https://dl.freshdev.io/cli/fdk-7.0.0.tgz -g","message":"Your FDK version has been forced updated to v7.0.0, please visit https://community.developers.freshworks.com/t/fdk-v7-0-announcing-node-js-v12-and-es6-support/3606 to know more"},"latest":{"version":"10.1.2","command":"npm install https://cdn.freshdev.io/fdk/latest-v24.tgz -g","message":"You are on the latest FDK version. For information on the features available as part of this FDK version, see https://developers.freshworks.com/docs/?tab=modules."}},"addon":{"version":"2.2.7","url":"https://cdn.freshdev.io/assets/fdk/addons/addon.zip"}},"last_updated":{"time_stamp":1779694115295}}
2026-05-26 12:51:55.573 +0530 [debug] (coverage.js) INIT: About to merge initial coverage data with 3 files
2026-05-26 12:51:55.574 +0530 [debug] (coverage.js) INIT: After merge - Files in map: 3
2026-05-26 12:51:55.620 +0530 [debug] (index.js) Initializing AJV schemas from individual files
2026-05-26 12:51:55.620 +0530 [debug] (index.js) Compiling schemas...
2026-05-26 12:51:55.628 +0530 [debug] (index.js) All schemas compiled successfully
2026-05-26 12:51:55.660 +0530 [debug] (index.js) loading model at "/Users/sivakumar/.nvm/versions/node/v24.11.0/lib/node_modules/@freshworks/fdk/lib/models/bigint-pivot.js"
2026-05-26 12:51:55.661 +0530 [debug] (index.js) loading model at "/Users/sivakumar/.nvm/versions/node/v24.11.0/lib/node_modules/@freshworks/fdk/lib/models/entity-field-choice.js"
2026-05-26 12:51:55.661 +0530 [debug] (index.js) loading model at "/Users/sivakumar/.nvm/versions/node/v24.11.0/lib/node_modules/@freshworks/fdk/lib/models/entity-field.js"
2026-05-26 12:51:55.661 +0530 [debug] (index.js) loading model at "/Users/sivakumar/.nvm/versions/node/v24.11.0/lib/node_modules/@freshworks/fdk/lib/models/entity.js"
2026-05-26 12:51:55.662 +0530 [debug] (index.js) loading model at "/Users/sivakumar/.nvm/versions/node/v24.11.0/lib/node_modules/@freshworks/fdk/lib/models/files.js"
2026-05-26 12:51:55.662 +0530 [debug] (index.js) loading model at "/Users/sivakumar/.nvm/versions/node/v24.11.0/lib/node_modules/@freshworks/fdk/lib/models/oauth-details.js"
2026-05-26 12:51:55.662 +0530 [debug] (index.js) loading model at "/Users/sivakumar/.nvm/versions/node/v24.11.0/lib/node_modules/@freshworks/fdk/lib/models/record.js"
2026-05-26 12:51:55.664 +0530 [debug] (index.js) loading model at "/Users/sivakumar/.nvm/versions/node/v24.11.0/lib/node_modules/@freshworks/fdk/lib/models/string-pivot.js"
2026-05-26 12:51:55.713 +0530 [debug] (index.js) 'schema: ' [object Object]
2026-05-26 12:51:55.721 +0530 [debug] (index.js) 'schema: ' [object Object]
2026-05-26 12:51:55.721 +0530 [debug] (index.js) 'schema: ' [object Object]
2026-05-26 12:51:55.721 +0530 [debug] (index.js) 'schema: ' [object Object]
2026-05-26 12:51:55.722 +0530 [debug] (index.js) 'schema: ' [object Object]
2026-05-26 12:51:55.723 +0530 [debug] (index.js) 'schema: ' [object Object]
2026-05-26 12:51:55.724 +0530 [debug] (index.js) 'schema: ' [object Object]
2026-05-26 12:51:55.728 +0530 [debug] (index.js) 'schema: ' [object Object]
2026-05-26 12:51:55.728 +0530 [debug] (index.js) 'schema: ' [object Object]
2026-05-26 12:51:55.728 +0530 [debug] (index.js) 'schema: ' [object Object]
2026-05-26 12:51:55.732 +0530 [debug] (index.js) 'schema: ' [object Object]
2026-05-26 12:51:55.733 +0530 [debug] (index.js) 'schema: ' [object Object]
2026-05-26 12:51:55.735 +0530 [debug] (index.js) 'schema: ' [object Object]
2026-05-26 12:51:55.736 +0530 [debug] (index.js) 'schema: ' [object Object]
2026-05-26 12:51:55.736 +0530 [debug] (index.js) 'schema: ' [object Object]
2026-05-26 12:51:55.737 +0530 [debug] (index.js) 'schema: ' [object Object]
2026-05-26 12:51:55.739 +0530 [debug] (index.js) 'schema: ' [object Object]
2026-05-26 12:51:55.745 +0530 [debug] (index.js) 'schema: ' [object Object]
2026-05-26 12:51:55.902 +0530 [debug] (data.js) Read {"version_details":{"cli":{"deprecated":{"version":"<9","message":"This FDK version has been deprecated. There will be no further feature updates to this version. For a seamless app-building experience, ensure to move to the latest FDK version. For more information, see https://developers.freshworks.com/docs/app-sdk/v2.3/freshdesk/migration-guide/#migrate-to-the-latest-platform-version."},"forced":{"version":"7.0.0","command":"npm install https://dl.freshdev.io/cli/fdk-7.0.0.tgz -g","message":"Your FDK version has been forced updated to v7.0.0, please visit https://community.developers.freshworks.com/t/fdk-v7-0-announcing-node-js-v12-and-es6-support/3606 to know more"},"latest":{"version":"10.1.2","command":"npm install https://cdn.freshdev.io/fdk/latest-v24.tgz -g","message":"You are on the latest FDK version. For information on the features available as part of this FDK version, see https://developers.freshworks.com/docs/?tab=modules."}},"addon":{"version":"2.2.7","url":"https://cdn.freshdev.io/assets/fdk/addons/addon.zip"}},"last_updated":{"time_stamp":1779694115295}}
2026-05-26 12:51:56.485 +0530 [debug] (validate.js) asked to skip the following validations, lint
2026-05-26 12:51:56.485 +0530 [debug] (validate.js) running validator actions
2026-05-26 12:51:56.485 +0530 [debug] (validate.js) running validator requests
2026-05-26 12:51:56.485 +0530 [debug] (requests.js) validating request template for "getAllTickets"
2026-05-26 12:51:56.485 +0530 [debug] (validate.js) running validator app-dir
2026-05-26 12:51:56.485 +0530 [debug] (validate.js) running validator config-dir
2026-05-26 12:51:56.485 +0530 [debug] (config-dir.js) Checking to see if /Users/sivakumar/Documents/freshworks/freshservice/superops_production/config/ exists.
2026-05-26 12:51:56.486 +0530 [debug] (config-dir.js) Fetched the following config files assets,iparams.html,requests.json
2026-05-26 12:51:56.486 +0530 [debug] (validate.js) running validator custom-objects
2026-05-26 12:51:56.486 +0530 [debug] (validate.js) running validator event
2026-05-26 12:51:56.495 +0530 [debug] (event.js) Found ["onAppInstallCallback","onTicketUpdateCallback","onAppUninstallCallback","updateKonnector","registerUser","authConnection","verifyLogin","getAssetById"] as exported functions.
2026-05-26 12:51:56.495 +0530 [debug] (validate.js) running validator iparam
2026-05-26 12:51:56.515 +0530 [debug] (validate.js) skipping validator lint
2026-05-26 12:51:56.515 +0530 [debug] (validate.js) running validator manifest
2026-05-26 12:51:56.515 +0530 [debug] (validate.js) skipping validator manifest-dependency
2026-05-26 12:51:56.515 +0530 [debug] (validate.js) running validator manifest-scripts
2026-05-26 12:51:56.515 +0530 [debug] (validate.js) running validator oauth
2026-05-26 12:51:56.515 +0530 [debug] (validate.js) skipping validator pkgsize
2026-05-26 12:51:56.515 +0530 [debug] (validate.js) running validator schema
2026-05-26 12:51:56.516 +0530 [debug] (validate.js) running validator version-check
2026-05-26 12:51:56.516 +0530 [debug] (validate.js) running validator app-settings
2026-05-26 12:51:56.517 +0530 [debug] (event.js) Found ["onAppInstallCallback","onTicketUpdateCallback","onAppUninstallCallback","updateKonnector","registerUser","authConnection","verifyLogin","getAssetById"] as exported functions.
2026-05-26 12:51:56.517 +0530 [debug] (manifest.js) Validating function registerUser
2026-05-26 12:51:56.518 +0530 [debug] (http.js) Failed to parse URL: https://<%= context.host %>, error: Invalid URL
2026-05-26 12:51:56.519 +0530 [debug] (manifest.js) Validating function authConnection
2026-05-26 12:51:56.519 +0530 [debug] (requests.js) validating request template for "getAssets"
2026-05-26 12:51:56.519 +0530 [debug] (manifest.js) Validating function verifyLogin
2026-05-26 12:51:56.519 +0530 [debug] (http.js) Failed to parse URL: https://<%= context.host %>, error: Invalid URL
2026-05-26 12:51:56.519 +0530 [debug] (manifest.js) Validating function updateKonnector
2026-05-26 12:51:56.519 +0530 [debug] (requests.js) validating request template for "getFreshserviceAssetTypes"
2026-05-26 12:51:56.519 +0530 [debug] (manifest.js) Validating function getAssetById
2026-05-26 12:51:56.519 +0530 [debug] (http.js) Failed to parse URL: https://<%=context.host%>.freshservice.com, error: Invalid URL
2026-05-26 12:51:56.519 +0530 [debug] (requests.js) validating request template for "getFreshserviceAssetFields"
2026-05-26 12:51:56.519 +0530 [debug] (http.js) Failed to parse URL: https://<%=context.host%>.freshservice.com, error: Invalid URL
2026-05-26 12:51:56.521 +0530 [debug] (requests.js) validating request template for "getAdminAccessToken"
2026-05-26 12:51:56.521 +0530 [debug] (http.js) Failed to parse URL: https://<%= context.host %>.konnectifyapp.co, error: Invalid URL
2026-05-26 12:51:56.521 +0530 [debug] (http.js) Failed to parse URL: https://<%= context.host %>, error: Invalid URL
2026-05-26 12:51:56.521 +0530 [debug] (requests.js) validating request template for "getTenantToken"
2026-05-26 12:51:56.521 +0530 [debug] (request.js) Checking request template for multi-oauth app
2026-05-26 12:51:56.521 +0530 [debug] (http.js) Failed to parse URL: https://<%= context.host %>.konnectifyapp.co, error: Invalid URL
2026-05-26 12:51:56.521 +0530 [debug] (requests.js) validating request template for "getFreshserviceWorkspace"
2026-05-26 12:51:56.521 +0530 [debug] (http.js) Failed to parse URL: https://<%= context.host %>, error: Invalid URL
2026-05-26 12:51:56.521 +0530 [debug] (http.js) Failed to parse URL: https://<%= context.domain %>.freshservice.com, error: Invalid URL
2026-05-26 12:51:56.521 +0530 [debug] (request.js) Checking request template for multi-oauth app
2026-05-26 12:51:56.521 +0530 [debug] (requests.js) validating request template for "getAssetById"
2026-05-26 12:51:56.521 +0530 [debug] (http.js) Failed to parse URL: https://<%=context.host%>.freshservice.com, error: Invalid URL
2026-05-26 12:51:56.521 +0530 [debug] (http.js) Failed to parse URL: https://<%= context.domain %>, error: Invalid URL
2026-05-26 12:51:56.521 +0530 [debug] (request.js) Checking request template for multi-oauth app
2026-05-26 12:51:56.521 +0530 [debug] (requests.js) validating request template for "getRequesters"
2026-05-26 12:51:56.521 +0530 [debug] (http.js) Failed to parse URL: https://<%= context.host %>, error: Invalid URL
2026-05-26 12:51:56.522 +0530 [debug] (http.js) Failed to parse URL: https://<%=context.host%>.freshservice.com, error: Invalid URL
2026-05-26 12:51:56.522 +0530 [debug] (requests.js) validating request template for "getAgents"
2026-05-26 12:51:56.522 +0530 [debug] (request.js) Checking request template for multi-oauth app
2026-05-26 12:51:56.522 +0530 [debug] (http.js) Failed to parse URL: https://<%= context.host %>, error: Invalid URL
2026-05-26 12:51:56.522 +0530 [debug] (http.js) Failed to parse URL: https://<%= context.host %>.konnectifyapp.co, error: Invalid URL
2026-05-26 12:51:56.522 +0530 [debug] (requests.js) validating request template for "getAllTicketFields"
2026-05-26 12:51:56.522 +0530 [debug] (request.js) Checking request template for multi-oauth app
2026-05-26 12:51:56.522 +0530 [debug] (http.js) Failed to parse URL: https://<%= context.host %>, error: Invalid URL
2026-05-26 12:51:56.522 +0530 [debug] (requests.js) validating request template for "getRequesterById"
2026-05-26 12:51:56.522 +0530 [debug] (http.js) Failed to parse URL: https://<%= context.host %>.konnectifyapp.co, error: Invalid URL
2026-05-26 12:51:56.522 +0530 [debug] (http.js) Failed to parse URL: https://<%= context.host %>, error: Invalid URL
2026-05-26 12:51:56.522 +0530 [debug] (request.js) Checking request template for multi-oauth app
2026-05-26 12:51:56.522 +0530 [debug] (requests.js) validating request template for "getAgentById"
2026-05-26 12:51:56.522 +0530 [debug] (http.js) Failed to parse URL: https://<%= context.domain %>.freshservice.com, error: Invalid URL
2026-05-26 12:51:56.522 +0530 [debug] (http.js) Failed to parse URL: https://<%= context.host %>, error: Invalid URL
2026-05-26 12:51:56.522 +0530 [debug] (request.js) Checking request template for multi-oauth app
2026-05-26 12:51:56.522 +0530 [debug] (requests.js) validating request template for "getAllSiteFromSuperops"
2026-05-26 12:51:56.522 +0530 [debug] (http.js) Failed to parse URL: https://<%= context.host %>, error: Invalid URL
2026-05-26 12:51:56.522 +0530 [debug] (http.js) Failed to parse URL: https://<%= context.domain %>, error: Invalid URL
2026-05-26 12:51:56.522 +0530 [debug] (requests.js) validating request template for "getLocations"
2026-05-26 12:51:56.522 +0530 [debug] (request.js) Checking request template for multi-oauth app
2026-05-26 12:51:56.522 +0530 [debug] (http.js) Failed to parse URL: https://<%= context.host %>, error: Invalid URL
2026-05-26 12:51:56.522 +0530 [debug] (http.js) Failed to parse URL: https://<%= context.host %>, error: Invalid URL
2026-05-26 12:51:56.522 +0530 [debug] (request.js) Checking request template for multi-oauth app
2026-05-26 12:51:56.522 +0530 [debug] (http.js) Failed to parse URL: https://<%= context.host %>, error: Invalid URL
2026-05-26 12:51:56.522 +0530 [debug] (request.js) Checking request template for multi-oauth app
2026-05-26 12:51:56.522 +0530 [debug] (http.js) Failed to parse URL: https://<%= context.host %>, error: Invalid URL
2026-05-26 12:51:56.522 +0530 [debug] (request.js) Checking request template for multi-oauth app
2026-05-26 12:51:56.522 +0530 [debug] (http.js) Failed to parse URL: https://<%= context.host %>, error: Invalid URL
2026-05-26 12:51:56.522 +0530 [debug] (request.js) Checking request template for multi-oauth app
2026-05-26 12:51:56.522 +0530 [debug] (http.js) Failed to parse URL: https://<%= context.host %>, error: Invalid URL
2026-05-26 12:51:56.522 +0530 [debug] (request.js) Checking request template for multi-oauth app
2026-05-26 12:51:56.522 +0530 [debug] (http.js) Failed to parse URL: https://<%= context.host %>, error: Invalid URL
2026-05-26 12:51:56.522 +0530 [debug] (request.js) Checking request template for multi-oauth app
2026-05-26 12:51:56.522 +0530 [debug] (http.js) Failed to parse URL: https://<%= context.host %>, error: Invalid URL
2026-05-26 12:51:56.522 +0530 [debug] (request.js) Checking request template for multi-oauth app
2026-05-26 12:51:56.524 +0530 [debug] (watcher.js) Preparing to watch the following files ./app,./config,./manifest.json
2026-05-26 12:51:56.570 +0530 [debug] (install.js) dependency installer called with {"axios":"0.20.0"}
2026-05-26 12:51:56.570 +0530 [debug] (install.js) Preparing to install the following dependencies axios@0.20.0
2026-05-26 12:51:56.570 +0530 [info] Installing dependencies...
2026-05-26 12:51:56.570 +0530 [debug] (install.js) Installing dependencies with the following environment variables: {"PATH":"/opt/homebrew/bin:/opt/homebrew/sbin:/Users/sivakumar/.nvm/versions/node/v24.11.0/bin:/usr/local/bin:/System/Cryptexes/App/usr/bin:/usr/bin:/bin:/usr/sbin:/sbin:/var/run/com.apple.security.cryptexd/codex.system/bootstrap/usr/local/bin:/var/run/com.apple.security.cryptexd/codex.system/bootstrap/usr/bin:/var/run/com.apple.security.cryptexd/codex.system/bootstrap/usr/appleinternal/bin:/Library/Apple/usr/bin","HOME":"/Users/sivakumar","TMPDIR":"/var/folders/8z/3gylz6xx5w910n0f08grs6kw0000gq/T/","npm_config_depth":"0"}
2026-05-26 12:51:57.348 +0530 [debug] (data.js) Read {"report_hash":"164b6b376a3cd05500ae5d339dfa82b58fb0cf355e2ffc1a3429433c142392eb","supero_101_101_migrate_oauth_status":true,"supero_101_101_modules":{"supero_101_101_system_settings":{"currentHost":{"endpoint_urls":{"freshservice":"https://sivakumar.freshservice.com"},"subscribed_modules":["service_ticket"],"org_domain":"https://sivakumar-877416007896811476.myfreshworks.com","product_types":{"freshservice":"ITSM"},"itam_version":{"freshservice":"BASIC"}}},"supero_101_101_custom_iparams":{"__meta":{"secure":["app1_apikey"]},"domain":"skdemo","accessToken":"fGOnTMOApoEz3ag9dB3Vg+SvNGA/go4kBkcu5cO1LFw4qv9m7/Fyls3MvX8+dflize0NIWoIpu+7TovEsgSEyM609Uejca+XBNgjqeC0FdPMWKueFE5D47zSmWFwhDZfYveCfiktVWAmY4nrj1L46aV3xeFAaeFUeHFWCa9qGk4w2Zn6+HrgQYOvhHCpzF6bXVa8joFanHQmb01vPaAJpnVdAILZARS7a6k5gYul0a2A9RCDOkGsCZBpQEI85c3ArqKB1PjX7A3UD1a32ITqVWZE4v+4hRWrMt2demOn+EGVI/HllCEZwMi3wd4NkkS77L2fFCp+BdzAV81hybXmtmowJExtUD0I/U+PjK1QZnPxXtTHAVBUk++E+bSLCbQq5X0qthjGRXW03TuEVVllFndmMxsITF87LGyYx/WSZTg=","tenantToken":"eyJhbGciOiJSUzI1NiIsInR5cCI6IkpXVCJ9.eyJleHAiOjE4MjI5Nzc4MzEsImlhdCI6MTc3OTc3NzgzMSwib3JnSWQiOiI2NiIsImV4dGVybmFsVGVuYW50SWQiOiJzaXZhLWl0LXVzIiwiZXh0ZXJuYWxVc2VySWQiOiJEZWZhdWx0IHRlbmFudCB1c2VyIn0.Jkh9zPlKsFfU9PdSoU-OgoJsA3y0DvE4146Z20M3_dwD1u3H-_4AJFdRinB4zRgsAMTh4AOHuVsFNZX3rFat9J_hAO6WRiD_opNWAbP_tY2oiPp_o-PFsoqx9rs-qKV65-3maVGoKr41X5tjOLUHjwFevoLBhxy51LcvZiURDrU25h0BGfxCClEyV3xKVD-9rC3IrVkBVaTpr79vuXpAGx5NNlGbUlHbW1TrDvUuN4p9TRwoQfWEliMHOuZnfo7QXVX_fVad-Soay6QjK8qN-6_W_1WVDognMl7LHwThGUFyu6NwRCt_J3SmAvBFoOvatf61BSLotwWUQlclQTs0gA","tenantId":"781","adminEmail":"sivakumar@konnectify.co","adminPassword":"konnectify","freshserviceAppName":"Freshservice","freshserviceAppId":"freshservice-1.0.0","freshserviceDomain":"sivakumar.freshservice.com","freshserviceApikey":"ZHgKqHflrMs94pFikuiD","freshserviceConnectionId":"3039","freshserviceConnectionName":"Freshservice Connection - 2026-05-26T06:42:45.868Z","superopsAppName":"SuperOps IT","superopsAppId":"superopsit-1.0.0","superopsDomain":"siva-it-us","superopsConnectionId":"3040","superopsApikey":"api-eyJhbGciOiJSUzI1NiJ9.eyJqdGkiOiIxOTg3Mzk1MzkxNzUzMTU0NTYwIiwicmFuZG9taXplciI6Iu-_vUbvv73vv70877-977-9X--_ve-_vSJ9.m6JxYTLA3ETs3HRrRWbRqGTmOirwOtyESdy0shf476qwJJfkcDZIuMn-p1mmrbMjBuaCmBpXRm3illwFqJdN9Aw9kkVnQnMs3IgCNewXDxDqCtf4e3EDWaWNtGs5inDGoLRbsHa68Dp8hV8X1riObW3RpkzgkFeEgKf6EWLT4SatkCgM8JfNF1k2l_rrTwrpoTkC5wYatojeAmWhyrwqbMCWEe_sIuxVbclev5q1VcymcNYC6ylPNYJ3Pa6MR2FzJ1Y8e0hz66hgL_M3hi9mCUI0evv57VRsAD3uSSh06etHS5WqLvmDcKonKj2bXrpM0KQ3fO6lT4YNx_MGepb15g","superopsConnectionName":"Superops Connection - 2026-05-26T06:42:45.868Z","superopsAccountType":"it","superopsRegion":"us","sinceDate":"04-05-2026","isInEditConfig":"","assetMapping":[{"superops_asset_class":{"id":"23","name":"Domain Controller"},"freshservice_asset_type":{"id":"30000367000","name":"Application Gateway"},"field_mappings":[{"superops_field":{"id":"assetId","name":"Asset Id"},"freshservice_field":{"id":"asset_tag","name":"Asset Tag"}},{"superops_field":{"id":"name","name":"Name"},"freshservice_field":{"id":"name","name":"Display Name"}}]}],"siteSeverityMapping":{"siteLocationMapping":[{"superops_site":"6027178066613911552","freshservice_location":30000039635}],"severityPriorityMapping":[{"superops_severity":"Low","freshservice_priority":1},{"superops_severity":"Critical","freshservice_priority":4}]},"ticketForm":{"subject":"Test ticket","planned_start_date":"","planned_end_date":"","planned_effort":"","impacted_locations":"","no_of_customers_impacted":"","unique_code":"","redington_ticket_id":"","description":"sample desc","business_impact":"","workspace_id":2,"status":2,"ticket_type":"","source":"","urgency":"","impact":"","group":"","department":"","category":"","major_incident_type":"","requester":"sivakumar@konnectify.co","requester_email":"","agent":""},"formattedTicketForm":{"subject":{"schema":"Test ticket","type":"string"},"description":{"schema":"sample desc","type":"string"},"workspace_id":{"schema":"2","type":"number"},"status":{"schema":"2","type":"number"},"email":{"schema":"sivakumar@konnectify.co","type":"string"}}},"isLocalAppInstalled":true,"isLocalAppEnabled":true},"superops_production:assetConnector_modules":{"newAssetId":"3020","updateAssetId":"3021","createdAt":1779777832955,"updatedAt":1779777832955},"superops_production:alertConnector_modules":{"alertCreatedConnectorId":"3022","alertResolvedConnectorId":"3023","resolveAlertOnTicketChangeConnectorId":"3024","webhookUrl":"https://skdemo.konnectifyapp.co/webhook/3105","createdAt":1779777837593,"updatedAt":1779777837593}}
2026-05-26 12:51:57.348 +0530 [debug] (custom-objects.js) to force or not? undefined
2026-05-26 12:51:57.348 +0530 [debug] (custom-objects.js) beginning to re-sync db
2026-05-26 12:51:57.391 +0530 [debug] (data.js) Read {"report_hash":"164b6b376a3cd05500ae5d339dfa82b58fb0cf355e2ffc1a3429433c142392eb","supero_101_101_migrate_oauth_status":true,"supero_101_101_modules":{"supero_101_101_system_settings":{"currentHost":{"endpoint_urls":{"freshservice":"https://sivakumar.freshservice.com"},"subscribed_modules":["service_ticket"],"org_domain":"https://sivakumar-877416007896811476.myfreshworks.com","product_types":{"freshservice":"ITSM"},"itam_version":{"freshservice":"BASIC"}}},"supero_101_101_custom_iparams":{"__meta":{"secure":["app1_apikey"]},"domain":"skdemo","accessToken":"fGOnTMOApoEz3ag9dB3Vg+SvNGA/go4kBkcu5cO1LFw4qv9m7/Fyls3MvX8+dflize0NIWoIpu+7TovEsgSEyM609Uejca+XBNgjqeC0FdPMWKueFE5D47zSmWFwhDZfYveCfiktVWAmY4nrj1L46aV3xeFAaeFUeHFWCa9qGk4w2Zn6+HrgQYOvhHCpzF6bXVa8joFanHQmb01vPaAJpnVdAILZARS7a6k5gYul0a2A9RCDOkGsCZBpQEI85c3ArqKB1PjX7A3UD1a32ITqVWZE4v+4hRWrMt2demOn+EGVI/HllCEZwMi3wd4NkkS77L2fFCp+BdzAV81hybXmtmowJExtUD0I/U+PjK1QZnPxXtTHAVBUk++E+bSLCbQq5X0qthjGRXW03TuEVVllFndmMxsITF87LGyYx/WSZTg=","tenantToken":"eyJhbGciOiJSUzI1NiIsInR5cCI6IkpXVCJ9.eyJleHAiOjE4MjI5Nzc4MzEsImlhdCI6MTc3OTc3NzgzMSwib3JnSWQiOiI2NiIsImV4dGVybmFsVGVuYW50SWQiOiJzaXZhLWl0LXVzIiwiZXh0ZXJuYWxVc2VySWQiOiJEZWZhdWx0IHRlbmFudCB1c2VyIn0.Jkh9zPlKsFfU9PdSoU-OgoJsA3y0DvE4146Z20M3_dwD1u3H-_4AJFdRinB4zRgsAMTh4AOHuVsFNZX3rFat9J_hAO6WRiD_opNWAbP_tY2oiPp_o-PFsoqx9rs-qKV65-3maVGoKr41X5tjOLUHjwFevoLBhxy51LcvZiURDrU25h0BGfxCClEyV3xKVD-9rC3IrVkBVaTpr79vuXpAGx5NNlGbUlHbW1TrDvUuN4p9TRwoQfWEliMHOuZnfo7QXVX_fVad-Soay6QjK8qN-6_W_1WVDognMl7LHwThGUFyu6NwRCt_J3SmAvBFoOvatf61BSLotwWUQlclQTs0gA","tenantId":"781","adminEmail":"sivakumar@konnectify.co","adminPassword":"konnectify","freshserviceAppName":"Freshservice","freshserviceAppId":"freshservice-1.0.0","freshserviceDomain":"sivakumar.freshservice.com","freshserviceApikey":"ZHgKqHflrMs94pFikuiD","freshserviceConnectionId":"3039","freshserviceConnectionName":"Freshservice Connection - 2026-05-26T06:42:45.868Z","superopsAppName":"SuperOps IT","superopsAppId":"superopsit-1.0.0","superopsDomain":"siva-it-us","superopsConnectionId":"3040","superopsApikey":"api-eyJhbGciOiJSUzI1NiJ9.eyJqdGkiOiIxOTg3Mzk1MzkxNzUzMTU0NTYwIiwicmFuZG9taXplciI6Iu-_vUbvv73vv70877-977-9X--_ve-_vSJ9.m6JxYTLA3ETs3HRrRWbRqGTmOirwOtyESdy0shf476qwJJfkcDZIuMn-p1mmrbMjBuaCmBpXRm3illwFqJdN9Aw9kkVnQnMs3IgCNewXDxDqCtf4e3EDWaWNtGs5inDGoLRbsHa68Dp8hV8X1riObW3RpkzgkFeEgKf6EWLT4SatkCgM8JfNF1k2l_rrTwrpoTkC5wYatojeAmWhyrwqbMCWEe_sIuxVbclev5q1VcymcNYC6ylPNYJ3Pa6MR2FzJ1Y8e0hz66hgL_M3hi9mCUI0evv57VRsAD3uSSh06etHS5WqLvmDcKonKj2bXrpM0KQ3fO6lT4YNx_MGepb15g","superopsConnectionName":"Superops Connection - 2026-05-26T06:42:45.868Z","superopsAccountType":"it","superopsRegion":"us","sinceDate":"04-05-2026","isInEditConfig":"","assetMapping":[{"superops_asset_class":{"id":"23","name":"Domain Controller"},"freshservice_asset_type":{"id":"30000367000","name":"Application Gateway"},"field_mappings":[{"superops_field":{"id":"assetId","name":"Asset Id"},"freshservice_field":{"id":"asset_tag","name":"Asset Tag"}},{"superops_field":{"id":"name","name":"Name"},"freshservice_field":{"id":"name","name":"Display Name"}}]}],"siteSeverityMapping":{"siteLocationMapping":[{"superops_site":"6027178066613911552","freshservice_location":30000039635}],"severityPriorityMapping":[{"superops_severity":"Low","freshservice_priority":1},{"superops_severity":"Critical","freshservice_priority":4}]},"ticketForm":{"subject":"Test ticket","planned_start_date":"","planned_end_date":"","planned_effort":"","impacted_locations":"","no_of_customers_impacted":"","unique_code":"","redington_ticket_id":"","description":"sample desc","business_impact":"","workspace_id":2,"status":2,"ticket_type":"","source":"","urgency":"","impact":"","group":"","department":"","category":"","major_incident_type":"","requester":"sivakumar@konnectify.co","requester_email":"","agent":""},"formattedTicketForm":{"subject":{"schema":"Test ticket","type":"string"},"description":{"schema":"sample desc","type":"string"},"workspace_id":{"schema":"2","type":"number"},"status":{"schema":"2","type":"number"},"email":{"schema":"sivakumar@konnectify.co","type":"string"}}},"isLocalAppInstalled":true,"isLocalAppEnabled":true},"superops_production:assetConnector_modules":{"newAssetId":"3020","updateAssetId":"3021","createdAt":1779777832955,"updatedAt":1779777832955},"superops_production:alertConnector_modules":{"alertCreatedConnectorId":"3022","alertResolvedConnectorId":"3023","resolveAlertOnTicketChangeConnectorId":"3024","webhookUrl":"https://skdemo.konnectifyapp.co/webhook/3105","createdAt":1779777837593,"updatedAt":1779777837593}}
2026-05-26 12:51:57.392 +0530 [debug] (custom-objects.js) updated local store with latest entity hash
2026-05-26 12:51:57.392 +0530 [debug] (run.js) migrate stored oauth configs from localstore to sqlite
2026-05-26 12:51:57.392 +0530 [debug] (data.js) Read {"report_hash":"164b6b376a3cd05500ae5d339dfa82b58fb0cf355e2ffc1a3429433c142392eb","supero_101_101_migrate_oauth_status":true,"supero_101_101_modules":{"supero_101_101_system_settings":{"currentHost":{"endpoint_urls":{"freshservice":"https://sivakumar.freshservice.com"},"subscribed_modules":["service_ticket"],"org_domain":"https://sivakumar-877416007896811476.myfreshworks.com","product_types":{"freshservice":"ITSM"},"itam_version":{"freshservice":"BASIC"}}},"supero_101_101_custom_iparams":{"__meta":{"secure":["app1_apikey"]},"domain":"skdemo","accessToken":"fGOnTMOApoEz3ag9dB3Vg+SvNGA/go4kBkcu5cO1LFw4qv9m7/Fyls3MvX8+dflize0NIWoIpu+7TovEsgSEyM609Uejca+XBNgjqeC0FdPMWKueFE5D47zSmWFwhDZfYveCfiktVWAmY4nrj1L46aV3xeFAaeFUeHFWCa9qGk4w2Zn6+HrgQYOvhHCpzF6bXVa8joFanHQmb01vPaAJpnVdAILZARS7a6k5gYul0a2A9RCDOkGsCZBpQEI85c3ArqKB1PjX7A3UD1a32ITqVWZE4v+4hRWrMt2demOn+EGVI/HllCEZwMi3wd4NkkS77L2fFCp+BdzAV81hybXmtmowJExtUD0I/U+PjK1QZnPxXtTHAVBUk++E+bSLCbQq5X0qthjGRXW03TuEVVllFndmMxsITF87LGyYx/WSZTg=","tenantToken":"eyJhbGciOiJSUzI1NiIsInR5cCI6IkpXVCJ9.eyJleHAiOjE4MjI5Nzc4MzEsImlhdCI6MTc3OTc3NzgzMSwib3JnSWQiOiI2NiIsImV4dGVybmFsVGVuYW50SWQiOiJzaXZhLWl0LXVzIiwiZXh0ZXJuYWxVc2VySWQiOiJEZWZhdWx0IHRlbmFudCB1c2VyIn0.Jkh9zPlKsFfU9PdSoU-OgoJsA3y0DvE4146Z20M3_dwD1u3H-_4AJFdRinB4zRgsAMTh4AOHuVsFNZX3rFat9J_hAO6WRiD_opNWAbP_tY2oiPp_o-PFsoqx9rs-qKV65-3maVGoKr41X5tjOLUHjwFevoLBhxy51LcvZiURDrU25h0BGfxCClEyV3xKVD-9rC3IrVkBVaTpr79vuXpAGx5NNlGbUlHbW1TrDvUuN4p9TRwoQfWEliMHOuZnfo7QXVX_fVad-Soay6QjK8qN-6_W_1WVDognMl7LHwThGUFyu6NwRCt_J3SmAvBFoOvatf61BSLotwWUQlclQTs0gA","tenantId":"781","adminEmail":"sivakumar@konnectify.co","adminPassword":"konnectify","freshserviceAppName":"Freshservice","freshserviceAppId":"freshservice-1.0.0","freshserviceDomain":"sivakumar.freshservice.com","freshserviceApikey":"ZHgKqHflrMs94pFikuiD","freshserviceConnectionId":"3039","freshserviceConnectionName":"Freshservice Connection - 2026-05-26T06:42:45.868Z","superopsAppName":"SuperOps IT","superopsAppId":"superopsit-1.0.0","superopsDomain":"siva-it-us","superopsConnectionId":"3040","superopsApikey":"api-eyJhbGciOiJSUzI1NiJ9.eyJqdGkiOiIxOTg3Mzk1MzkxNzUzMTU0NTYwIiwicmFuZG9taXplciI6Iu-_vUbvv73vv70877-977-9X--_ve-_vSJ9.m6JxYTLA3ETs3HRrRWbRqGTmOirwOtyESdy0shf476qwJJfkcDZIuMn-p1mmrbMjBuaCmBpXRm3illwFqJdN9Aw9kkVnQnMs3IgCNewXDxDqCtf4e3EDWaWNtGs5inDGoLRbsHa68Dp8hV8X1riObW3RpkzgkFeEgKf6EWLT4SatkCgM8JfNF1k2l_rrTwrpoTkC5wYatojeAmWhyrwqbMCWEe_sIuxVbclev5q1VcymcNYC6ylPNYJ3Pa6MR2FzJ1Y8e0hz66hgL_M3hi9mCUI0evv57VRsAD3uSSh06etHS5WqLvmDcKonKj2bXrpM0KQ3fO6lT4YNx_MGepb15g","superopsConnectionName":"Superops Connection - 2026-05-26T06:42:45.868Z","superopsAccountType":"it","superopsRegion":"us","sinceDate":"04-05-2026","isInEditConfig":"","assetMapping":[{"superops_asset_class":{"id":"23","name":"Domain Controller"},"freshservice_asset_type":{"id":"30000367000","name":"Application Gateway"},"field_mappings":[{"superops_field":{"id":"assetId","name":"Asset Id"},"freshservice_field":{"id":"asset_tag","name":"Asset Tag"}},{"superops_field":{"id":"name","name":"Name"},"freshservice_field":{"id":"name","name":"Display Name"}}]}],"siteSeverityMapping":{"siteLocationMapping":[{"superops_site":"6027178066613911552","freshservice_location":30000039635}],"severityPriorityMapping":[{"superops_severity":"Low","freshservice_priority":1},{"superops_severity":"Critical","freshservice_priority":4}]},"ticketForm":{"subject":"Test ticket","planned_start_date":"","planned_end_date":"","planned_effort":"","impacted_locations":"","no_of_customers_impacted":"","unique_code":"","redington_ticket_id":"","description":"sample desc","business_impact":"","workspace_id":2,"status":2,"ticket_type":"","source":"","urgency":"","impact":"","group":"","department":"","category":"","major_incident_type":"","requester":"sivakumar@konnectify.co","requester_email":"","agent":""},"formattedTicketForm":{"subject":{"schema":"Test ticket","type":"string"},"description":{"schema":"sample desc","type":"string"},"workspace_id":{"schema":"2","type":"number"},"status":{"schema":"2","type":"number"},"email":{"schema":"sivakumar@konnectify.co","type":"string"}}},"isLocalAppInstalled":true,"isLocalAppEnabled":true},"superops_production:assetConnector_modules":{"newAssetId":"3020","updateAssetId":"3021","createdAt":1779777832955,"updatedAt":1779777832955},"superops_production:alertConnector_modules":{"alertCreatedConnectorId":"3022","alertResolvedConnectorId":"3023","resolveAlertOnTicketChangeConnectorId":"3024","webhookUrl":"https://skdemo.konnectifyapp.co/webhook/3105","createdAt":1779777837593,"updatedAt":1779777837593}}
2026-05-26 12:51:57.392 +0530 [debug] (data.js) Read {"report_hash":"164b6b376a3cd05500ae5d339dfa82b58fb0cf355e2ffc1a3429433c142392eb","supero_101_101_migrate_oauth_status":true,"supero_101_101_modules":{"supero_101_101_system_settings":{"currentHost":{"endpoint_urls":{"freshservice":"https://sivakumar.freshservice.com"},"subscribed_modules":["service_ticket"],"org_domain":"https://sivakumar-877416007896811476.myfreshworks.com","product_types":{"freshservice":"ITSM"},"itam_version":{"freshservice":"BASIC"}}},"supero_101_101_custom_iparams":{"__meta":{"secure":["app1_apikey"]},"domain":"skdemo","accessToken":"fGOnTMOApoEz3ag9dB3Vg+SvNGA/go4kBkcu5cO1LFw4qv9m7/Fyls3MvX8+dflize0NIWoIpu+7TovEsgSEyM609Uejca+XBNgjqeC0FdPMWKueFE5D47zSmWFwhDZfYveCfiktVWAmY4nrj1L46aV3xeFAaeFUeHFWCa9qGk4w2Zn6+HrgQYOvhHCpzF6bXVa8joFanHQmb01vPaAJpnVdAILZARS7a6k5gYul0a2A9RCDOkGsCZBpQEI85c3ArqKB1PjX7A3UD1a32ITqVWZE4v+4hRWrMt2demOn+EGVI/HllCEZwMi3wd4NkkS77L2fFCp+BdzAV81hybXmtmowJExtUD0I/U+PjK1QZnPxXtTHAVBUk++E+bSLCbQq5X0qthjGRXW03TuEVVllFndmMxsITF87LGyYx/WSZTg=","tenantToken":"eyJhbGciOiJSUzI1NiIsInR5cCI6IkpXVCJ9.eyJleHAiOjE4MjI5Nzc4MzEsImlhdCI6MTc3OTc3NzgzMSwib3JnSWQiOiI2NiIsImV4dGVybmFsVGVuYW50SWQiOiJzaXZhLWl0LXVzIiwiZXh0ZXJuYWxVc2VySWQiOiJEZWZhdWx0IHRlbmFudCB1c2VyIn0.Jkh9zPlKsFfU9PdSoU-OgoJsA3y0DvE4146Z20M3_dwD1u3H-_4AJFdRinB4zRgsAMTh4AOHuVsFNZX3rFat9J_hAO6WRiD_opNWAbP_tY2oiPp_o-PFsoqx9rs-qKV65-3maVGoKr41X5tjOLUHjwFevoLBhxy51LcvZiURDrU25h0BGfxCClEyV3xKVD-9rC3IrVkBVaTpr79vuXpAGx5NNlGbUlHbW1TrDvUuN4p9TRwoQfWEliMHOuZnfo7QXVX_fVad-Soay6QjK8qN-6_W_1WVDognMl7LHwThGUFyu6NwRCt_J3SmAvBFoOvatf61BSLotwWUQlclQTs0gA","tenantId":"781","adminEmail":"sivakumar@konnectify.co","adminPassword":"konnectify","freshserviceAppName":"Freshservice","freshserviceAppId":"freshservice-1.0.0","freshserviceDomain":"sivakumar.freshservice.com","freshserviceApikey":"ZHgKqHflrMs94pFikuiD","freshserviceConnectionId":"3039","freshserviceConnectionName":"Freshservice Connection - 2026-05-26T06:42:45.868Z","superopsAppName":"SuperOps IT","superopsAppId":"superopsit-1.0.0","superopsDomain":"siva-it-us","superopsConnectionId":"3040","superopsApikey":"api-eyJhbGciOiJSUzI1NiJ9.eyJqdGkiOiIxOTg3Mzk1MzkxNzUzMTU0NTYwIiwicmFuZG9taXplciI6Iu-_vUbvv73vv70877-977-9X--_ve-_vSJ9.m6JxYTLA3ETs3HRrRWbRqGTmOirwOtyESdy0shf476qwJJfkcDZIuMn-p1mmrbMjBuaCmBpXRm3illwFqJdN9Aw9kkVnQnMs3IgCNewXDxDqCtf4e3EDWaWNtGs5inDGoLRbsHa68Dp8hV8X1riObW3RpkzgkFeEgKf6EWLT4SatkCgM8JfNF1k2l_rrTwrpoTkC5wYatojeAmWhyrwqbMCWEe_sIuxVbclev5q1VcymcNYC6ylPNYJ3Pa6MR2FzJ1Y8e0hz66hgL_M3hi9mCUI0evv57VRsAD3uSSh06etHS5WqLvmDcKonKj2bXrpM0KQ3fO6lT4YNx_MGepb15g","superopsConnectionName":"Superops Connection - 2026-05-26T06:42:45.868Z","superopsAccountType":"it","superopsRegion":"us","sinceDate":"04-05-2026","isInEditConfig":"","assetMapping":[{"superops_asset_class":{"id":"23","name":"Domain Controller"},"freshservice_asset_type":{"id":"30000367000","name":"Application Gateway"},"field_mappings":[{"superops_field":{"id":"assetId","name":"Asset Id"},"freshservice_field":{"id":"asset_tag","name":"Asset Tag"}},{"superops_field":{"id":"name","name":"Name"},"freshservice_field":{"id":"name","name":"Display Name"}}]}],"siteSeverityMapping":{"siteLocationMapping":[{"superops_site":"6027178066613911552","freshservice_location":30000039635}],"severityPriorityMapping":[{"superops_severity":"Low","freshservice_priority":1},{"superops_severity":"Critical","freshservice_priority":4}]},"ticketForm":{"subject":"Test ticket","planned_start_date":"","planned_end_date":"","planned_effort":"","impacted_locations":"","no_of_customers_impacted":"","unique_code":"","redington_ticket_id":"","description":"sample desc","business_impact":"","workspace_id":2,"status":2,"ticket_type":"","source":"","urgency":"","impact":"","group":"","department":"","category":"","major_incident_type":"","requester":"sivakumar@konnectify.co","requester_email":"","agent":""},"formattedTicketForm":{"subject":{"schema":"Test ticket","type":"string"},"description":{"schema":"sample desc","type":"string"},"workspace_id":{"schema":"2","type":"number"},"status":{"schema":"2","type":"number"},"email":{"schema":"sivakumar@konnectify.co","type":"string"}}},"isLocalAppInstalled":true,"isLocalAppEnabled":true},"superops_production:assetConnector_modules":{"newAssetId":"3020","updateAssetId":"3021","createdAt":1779777832955,"updatedAt":1779777832955},"superops_production:alertConnector_modules":{"alertCreatedConnectorId":"3022","alertResolvedConnectorId":"3023","resolveAlertOnTicketChangeConnectorId":"3024","webhookUrl":"https://skdemo.konnectifyapp.co/webhook/3105","createdAt":1779777837593,"updatedAt":1779777837593}}
2026-05-26 12:51:57.392 +0530 [debug] (oauth.js) migration completed, returning
2026-05-26 12:51:57.392 +0530 [info] Starting local testing server at http://*:10001/    
Append 'dev=true' to your current host URL to start testing    
     
e.g:     
2026-05-26 12:51:57.392 +0530 [info]   https://domain.freshservice.com/helpdesk/tickets/1?dev=true
2026-05-26 12:51:57.392 +0530 [info] 
Quit the server with Control-C.
2026-05-26 12:51:57.392 +0530 [info] 
To test the installation page, visit - http://localhost:10001/custom_configs
2026-05-26 12:51:57.392 +0530 [info] 
To simulate product, app setup, and external events, visit - http://localhost:10001/web/test
2026-05-26 12:51:57.392 +0530 [info] Populating test data with events found in the app
2026-05-26 12:52:09.555 +0530 [debug] (data.js) Read {"report_hash":"164b6b376a3cd05500ae5d339dfa82b58fb0cf355e2ffc1a3429433c142392eb","supero_101_101_migrate_oauth_status":true,"supero_101_101_modules":{"supero_101_101_system_settings":{"currentHost":{"endpoint_urls":{"freshservice":"https://sivakumar.freshservice.com"},"subscribed_modules":["service_ticket"],"org_domain":"https://sivakumar-877416007896811476.myfreshworks.com","product_types":{"freshservice":"ITSM"},"itam_version":{"freshservice":"BASIC"}}},"supero_101_101_custom_iparams":{"__meta":{"secure":["app1_apikey"]},"domain":"skdemo","accessToken":"fGOnTMOApoEz3ag9dB3Vg+SvNGA/go4kBkcu5cO1LFw4qv9m7/Fyls3MvX8+dflize0NIWoIpu+7TovEsgSEyM609Uejca+XBNgjqeC0FdPMWKueFE5D47zSmWFwhDZfYveCfiktVWAmY4nrj1L46aV3xeFAaeFUeHFWCa9qGk4w2Zn6+HrgQYOvhHCpzF6bXVa8joFanHQmb01vPaAJpnVdAILZARS7a6k5gYul0a2A9RCDOkGsCZBpQEI85c3ArqKB1PjX7A3UD1a32ITqVWZE4v+4hRWrMt2demOn+EGVI/HllCEZwMi3wd4NkkS77L2fFCp+BdzAV81hybXmtmowJExtUD0I/U+PjK1QZnPxXtTHAVBUk++E+bSLCbQq5X0qthjGRXW03TuEVVllFndmMxsITF87LGyYx/WSZTg=","tenantToken":"eyJhbGciOiJSUzI1NiIsInR5cCI6IkpXVCJ9.eyJleHAiOjE4MjI5Nzc4MzEsImlhdCI6MTc3OTc3NzgzMSwib3JnSWQiOiI2NiIsImV4dGVybmFsVGVuYW50SWQiOiJzaXZhLWl0LXVzIiwiZXh0ZXJuYWxVc2VySWQiOiJEZWZhdWx0IHRlbmFudCB1c2VyIn0.Jkh9zPlKsFfU9PdSoU-OgoJsA3y0DvE4146Z20M3_dwD1u3H-_4AJFdRinB4zRgsAMTh4AOHuVsFNZX3rFat9J_hAO6WRiD_opNWAbP_tY2oiPp_o-PFsoqx9rs-qKV65-3maVGoKr41X5tjOLUHjwFevoLBhxy51LcvZiURDrU25h0BGfxCClEyV3xKVD-9rC3IrVkBVaTpr79vuXpAGx5NNlGbUlHbW1TrDvUuN4p9TRwoQfWEliMHOuZnfo7QXVX_fVad-Soay6QjK8qN-6_W_1WVDognMl7LHwThGUFyu6NwRCt_J3SmAvBFoOvatf61BSLotwWUQlclQTs0gA","tenantId":"781","adminEmail":"sivakumar@konnectify.co","adminPassword":"konnectify","freshserviceAppName":"Freshservice","freshserviceAppId":"freshservice-1.0.0","freshserviceDomain":"sivakumar.freshservice.com","freshserviceApikey":"ZHgKqHflrMs94pFikuiD","freshserviceConnectionId":"3039","freshserviceConnectionName":"Freshservice Connection - 2026-05-26T06:42:45.868Z","superopsAppName":"SuperOps IT","superopsAppId":"superopsit-1.0.0","superopsDomain":"siva-it-us","superopsConnectionId":"3040","superopsApikey":"api-eyJhbGciOiJSUzI1NiJ9.eyJqdGkiOiIxOTg3Mzk1MzkxNzUzMTU0NTYwIiwicmFuZG9taXplciI6Iu-_vUbvv73vv70877-977-9X--_ve-_vSJ9.m6JxYTLA3ETs3HRrRWbRqGTmOirwOtyESdy0shf476qwJJfkcDZIuMn-p1mmrbMjBuaCmBpXRm3illwFqJdN9Aw9kkVnQnMs3IgCNewXDxDqCtf4e3EDWaWNtGs5inDGoLRbsHa68Dp8hV8X1riObW3RpkzgkFeEgKf6EWLT4SatkCgM8JfNF1k2l_rrTwrpoTkC5wYatojeAmWhyrwqbMCWEe_sIuxVbclev5q1VcymcNYC6ylPNYJ3Pa6MR2FzJ1Y8e0hz66hgL_M3hi9mCUI0evv57VRsAD3uSSh06etHS5WqLvmDcKonKj2bXrpM0KQ3fO6lT4YNx_MGepb15g","superopsConnectionName":"Superops Connection - 2026-05-26T06:42:45.868Z","superopsAccountType":"it","superopsRegion":"us","sinceDate":"04-05-2026","isInEditConfig":"","assetMapping":[{"superops_asset_class":{"id":"23","name":"Domain Controller"},"freshservice_asset_type":{"id":"30000367000","name":"Application Gateway"},"field_mappings":[{"superops_field":{"id":"assetId","name":"Asset Id"},"freshservice_field":{"id":"asset_tag","name":"Asset Tag"}},{"superops_field":{"id":"name","name":"Name"},"freshservice_field":{"id":"name","name":"Display Name"}}]}],"siteSeverityMapping":{"siteLocationMapping":[{"superops_site":"6027178066613911552","freshservice_location":30000039635}],"severityPriorityMapping":[{"superops_severity":"Low","freshservice_priority":1},{"superops_severity":"Critical","freshservice_priority":4}]},"ticketForm":{"subject":"Test ticket","planned_start_date":"","planned_end_date":"","planned_effort":"","impacted_locations":"","no_of_customers_impacted":"","unique_code":"","redington_ticket_id":"","description":"sample desc","business_impact":"","workspace_id":2,"status":2,"ticket_type":"","source":"","urgency":"","impact":"","group":"","department":"","category":"","major_incident_type":"","requester":"sivakumar@konnectify.co","requester_email":"","agent":""},"formattedTicketForm":{"subject":{"schema":"Test ticket","type":"string"},"description":{"schema":"sample desc","type":"string"},"workspace_id":{"schema":"2","type":"number"},"status":{"schema":"2","type":"number"},"email":{"schema":"sivakumar@konnectify.co","type":"string"}}},"isLocalAppInstalled":true,"isLocalAppEnabled":true},"superops_production:assetConnector_modules":{"newAssetId":"3020","updateAssetId":"3021","createdAt":1779777832955,"updatedAt":1779777832955},"superops_production:alertConnector_modules":{"alertCreatedConnectorId":"3022","alertResolvedConnectorId":"3023","resolveAlertOnTicketChangeConnectorId":"3024","webhookUrl":"https://skdemo.konnectifyapp.co/webhook/3105","createdAt":1779777837593,"updatedAt":1779777837593}}
2026-05-26 12:52:09.558 +0530 [debug] (data.js) Read {"report_hash":"164b6b376a3cd05500ae5d339dfa82b58fb0cf355e2ffc1a3429433c142392eb","supero_101_101_migrate_oauth_status":true,"supero_101_101_modules":{"supero_101_101_system_settings":{"currentHost":{"endpoint_urls":{"freshservice":"https://sivakumar.freshservice.com"},"subscribed_modules":["service_ticket"],"org_domain":"https://sivakumar-877416007896811476.myfreshworks.com","product_types":{"freshservice":"ITSM"},"itam_version":{"freshservice":"BASIC"}}},"supero_101_101_custom_iparams":{"__meta":{"secure":["app1_apikey"]},"domain":"skdemo","accessToken":"fGOnTMOApoEz3ag9dB3Vg+SvNGA/go4kBkcu5cO1LFw4qv9m7/Fyls3MvX8+dflize0NIWoIpu+7TovEsgSEyM609Uejca+XBNgjqeC0FdPMWKueFE5D47zSmWFwhDZfYveCfiktVWAmY4nrj1L46aV3xeFAaeFUeHFWCa9qGk4w2Zn6+HrgQYOvhHCpzF6bXVa8joFanHQmb01vPaAJpnVdAILZARS7a6k5gYul0a2A9RCDOkGsCZBpQEI85c3ArqKB1PjX7A3UD1a32ITqVWZE4v+4hRWrMt2demOn+EGVI/HllCEZwMi3wd4NkkS77L2fFCp+BdzAV81hybXmtmowJExtUD0I/U+PjK1QZnPxXtTHAVBUk++E+bSLCbQq5X0qthjGRXW03TuEVVllFndmMxsITF87LGyYx/WSZTg=","tenantToken":"eyJhbGciOiJSUzI1NiIsInR5cCI6IkpXVCJ9.eyJleHAiOjE4MjI5Nzc4MzEsImlhdCI6MTc3OTc3NzgzMSwib3JnSWQiOiI2NiIsImV4dGVybmFsVGVuYW50SWQiOiJzaXZhLWl0LXVzIiwiZXh0ZXJuYWxVc2VySWQiOiJEZWZhdWx0IHRlbmFudCB1c2VyIn0.Jkh9zPlKsFfU9PdSoU-OgoJsA3y0DvE4146Z20M3_dwD1u3H-_4AJFdRinB4zRgsAMTh4AOHuVsFNZX3rFat9J_hAO6WRiD_opNWAbP_tY2oiPp_o-PFsoqx9rs-qKV65-3maVGoKr41X5tjOLUHjwFevoLBhxy51LcvZiURDrU25h0BGfxCClEyV3xKVD-9rC3IrVkBVaTpr79vuXpAGx5NNlGbUlHbW1TrDvUuN4p9TRwoQfWEliMHOuZnfo7QXVX_fVad-Soay6QjK8qN-6_W_1WVDognMl7LHwThGUFyu6NwRCt_J3SmAvBFoOvatf61BSLotwWUQlclQTs0gA","tenantId":"781","adminEmail":"sivakumar@konnectify.co","adminPassword":"konnectify","freshserviceAppName":"Freshservice","freshserviceAppId":"freshservice-1.0.0","freshserviceDomain":"sivakumar.freshservice.com","freshserviceApikey":"ZHgKqHflrMs94pFikuiD","freshserviceConnectionId":"3039","freshserviceConnectionName":"Freshservice Connection - 2026-05-26T06:42:45.868Z","superopsAppName":"SuperOps IT","superopsAppId":"superopsit-1.0.0","superopsDomain":"siva-it-us","superopsConnectionId":"3040","superopsApikey":"api-eyJhbGciOiJSUzI1NiJ9.eyJqdGkiOiIxOTg3Mzk1MzkxNzUzMTU0NTYwIiwicmFuZG9taXplciI6Iu-_vUbvv73vv70877-977-9X--_ve-_vSJ9.m6JxYTLA3ETs3HRrRWbRqGTmOirwOtyESdy0shf476qwJJfkcDZIuMn-p1mmrbMjBuaCmBpXRm3illwFqJdN9Aw9kkVnQnMs3IgCNewXDxDqCtf4e3EDWaWNtGs5inDGoLRbsHa68Dp8hV8X1riObW3RpkzgkFeEgKf6EWLT4SatkCgM8JfNF1k2l_rrTwrpoTkC5wYatojeAmWhyrwqbMCWEe_sIuxVbclev5q1VcymcNYC6ylPNYJ3Pa6MR2FzJ1Y8e0hz66hgL_M3hi9mCUI0evv57VRsAD3uSSh06etHS5WqLvmDcKonKj2bXrpM0KQ3fO6lT4YNx_MGepb15g","superopsConnectionName":"Superops Connection - 2026-05-26T06:42:45.868Z","superopsAccountType":"it","superopsRegion":"us","sinceDate":"04-05-2026","isInEditConfig":"","assetMapping":[{"superops_asset_class":{"id":"23","name":"Domain Controller"},"freshservice_asset_type":{"id":"30000367000","name":"Application Gateway"},"field_mappings":[{"superops_field":{"id":"assetId","name":"Asset Id"},"freshservice_field":{"id":"asset_tag","name":"Asset Tag"}},{"superops_field":{"id":"name","name":"Name"},"freshservice_field":{"id":"name","name":"Display Name"}}]}],"siteSeverityMapping":{"siteLocationMapping":[{"superops_site":"6027178066613911552","freshservice_location":30000039635}],"severityPriorityMapping":[{"superops_severity":"Low","freshservice_priority":1},{"superops_severity":"Critical","freshservice_priority":4}]},"ticketForm":{"subject":"Test ticket","planned_start_date":"","planned_end_date":"","planned_effort":"","impacted_locations":"","no_of_customers_impacted":"","unique_code":"","redington_ticket_id":"","description":"sample desc","business_impact":"","workspace_id":2,"status":2,"ticket_type":"","source":"","urgency":"","impact":"","group":"","department":"","category":"","major_incident_type":"","requester":"sivakumar@konnectify.co","requester_email":"","agent":""},"formattedTicketForm":{"subject":{"schema":"Test ticket","type":"string"},"description":{"schema":"sample desc","type":"string"},"workspace_id":{"schema":"2","type":"number"},"status":{"schema":"2","type":"number"},"email":{"schema":"sivakumar@konnectify.co","type":"string"}}},"isLocalAppInstalled":true,"isLocalAppEnabled":true},"superops_production:assetConnector_modules":{"newAssetId":"3020","updateAssetId":"3021","createdAt":1779777832955,"updatedAt":1779777832955},"superops_production:alertConnector_modules":{"alertCreatedConnectorId":"3022","alertResolvedConnectorId":"3023","resolveAlertOnTicketChangeConnectorId":"3024","webhookUrl":"https://skdemo.konnectifyapp.co/webhook/3105","createdAt":1779777837593,"updatedAt":1779777837593}}
2026-05-26 12:52:09.559 +0530 [debug] (oauth.js) Fetching oauth configs of product : modules
2026-05-26 12:52:09.561 +0530 [debug] (data.js) Read {"report_hash":"164b6b376a3cd05500ae5d339dfa82b58fb0cf355e2ffc1a3429433c142392eb","supero_101_101_migrate_oauth_status":true,"supero_101_101_modules":{"supero_101_101_system_settings":{"currentHost":{"endpoint_urls":{"freshservice":"https://sivakumar.freshservice.com"},"subscribed_modules":["service_ticket"],"org_domain":"https://sivakumar-877416007896811476.myfreshworks.com","product_types":{"freshservice":"ITSM"},"itam_version":{"freshservice":"BASIC"}}},"supero_101_101_custom_iparams":{"__meta":{"secure":["app1_apikey"]},"domain":"skdemo","accessToken":"fGOnTMOApoEz3ag9dB3Vg+SvNGA/go4kBkcu5cO1LFw4qv9m7/Fyls3MvX8+dflize0NIWoIpu+7TovEsgSEyM609Uejca+XBNgjqeC0FdPMWKueFE5D47zSmWFwhDZfYveCfiktVWAmY4nrj1L46aV3xeFAaeFUeHFWCa9qGk4w2Zn6+HrgQYOvhHCpzF6bXVa8joFanHQmb01vPaAJpnVdAILZARS7a6k5gYul0a2A9RCDOkGsCZBpQEI85c3ArqKB1PjX7A3UD1a32ITqVWZE4v+4hRWrMt2demOn+EGVI/HllCEZwMi3wd4NkkS77L2fFCp+BdzAV81hybXmtmowJExtUD0I/U+PjK1QZnPxXtTHAVBUk++E+bSLCbQq5X0qthjGRXW03TuEVVllFndmMxsITF87LGyYx/WSZTg=","tenantToken":"eyJhbGciOiJSUzI1NiIsInR5cCI6IkpXVCJ9.eyJleHAiOjE4MjI5Nzc4MzEsImlhdCI6MTc3OTc3NzgzMSwib3JnSWQiOiI2NiIsImV4dGVybmFsVGVuYW50SWQiOiJzaXZhLWl0LXVzIiwiZXh0ZXJuYWxVc2VySWQiOiJEZWZhdWx0IHRlbmFudCB1c2VyIn0.Jkh9zPlKsFfU9PdSoU-OgoJsA3y0DvE4146Z20M3_dwD1u3H-_4AJFdRinB4zRgsAMTh4AOHuVsFNZX3rFat9J_hAO6WRiD_opNWAbP_tY2oiPp_o-PFsoqx9rs-qKV65-3maVGoKr41X5tjOLUHjwFevoLBhxy51LcvZiURDrU25h0BGfxCClEyV3xKVD-9rC3IrVkBVaTpr79vuXpAGx5NNlGbUlHbW1TrDvUuN4p9TRwoQfWEliMHOuZnfo7QXVX_fVad-Soay6QjK8qN-6_W_1WVDognMl7LHwThGUFyu6NwRCt_J3SmAvBFoOvatf61BSLotwWUQlclQTs0gA","tenantId":"781","adminEmail":"sivakumar@konnectify.co","adminPassword":"konnectify","freshserviceAppName":"Freshservice","freshserviceAppId":"freshservice-1.0.0","freshserviceDomain":"sivakumar.freshservice.com","freshserviceApikey":"ZHgKqHflrMs94pFikuiD","freshserviceConnectionId":"3039","freshserviceConnectionName":"Freshservice Connection - 2026-05-26T06:42:45.868Z","superopsAppName":"SuperOps IT","superopsAppId":"superopsit-1.0.0","superopsDomain":"siva-it-us","superopsConnectionId":"3040","superopsApikey":"api-eyJhbGciOiJSUzI1NiJ9.eyJqdGkiOiIxOTg3Mzk1MzkxNzUzMTU0NTYwIiwicmFuZG9taXplciI6Iu-_vUbvv73vv70877-977-9X--_ve-_vSJ9.m6JxYTLA3ETs3HRrRWbRqGTmOirwOtyESdy0shf476qwJJfkcDZIuMn-p1mmrbMjBuaCmBpXRm3illwFqJdN9Aw9kkVnQnMs3IgCNewXDxDqCtf4e3EDWaWNtGs5inDGoLRbsHa68Dp8hV8X1riObW3RpkzgkFeEgKf6EWLT4SatkCgM8JfNF1k2l_rrTwrpoTkC5wYatojeAmWhyrwqbMCWEe_sIuxVbclev5q1VcymcNYC6ylPNYJ3Pa6MR2FzJ1Y8e0hz66hgL_M3hi9mCUI0evv57VRsAD3uSSh06etHS5WqLvmDcKonKj2bXrpM0KQ3fO6lT4YNx_MGepb15g","superopsConnectionName":"Superops Connection - 2026-05-26T06:42:45.868Z","superopsAccountType":"it","superopsRegion":"us","sinceDate":"04-05-2026","isInEditConfig":"","assetMapping":[{"superops_asset_class":{"id":"23","name":"Domain Controller"},"freshservice_asset_type":{"id":"30000367000","name":"Application Gateway"},"field_mappings":[{"superops_field":{"id":"assetId","name":"Asset Id"},"freshservice_field":{"id":"asset_tag","name":"Asset Tag"}},{"superops_field":{"id":"name","name":"Name"},"freshservice_field":{"id":"name","name":"Display Name"}}]}],"siteSeverityMapping":{"siteLocationMapping":[{"superops_site":"6027178066613911552","freshservice_location":30000039635}],"severityPriorityMapping":[{"superops_severity":"Low","freshservice_priority":1},{"superops_severity":"Critical","freshservice_priority":4}]},"ticketForm":{"subject":"Test ticket","planned_start_date":"","planned_end_date":"","planned_effort":"","impacted_locations":"","no_of_customers_impacted":"","unique_code":"","redington_ticket_id":"","description":"sample desc","business_impact":"","workspace_id":2,"status":2,"ticket_type":"","source":"","urgency":"","impact":"","group":"","department":"","category":"","major_incident_type":"","requester":"sivakumar@konnectify.co","requester_email":"","agent":""},"formattedTicketForm":{"subject":{"schema":"Test ticket","type":"string"},"description":{"schema":"sample desc","type":"string"},"workspace_id":{"schema":"2","type":"number"},"status":{"schema":"2","type":"number"},"email":{"schema":"sivakumar@konnectify.co","type":"string"}}},"isLocalAppInstalled":true,"isLocalAppEnabled":true},"superops_production:assetConnector_modules":{"newAssetId":"3020","updateAssetId":"3021","createdAt":1779777832955,"updatedAt":1779777832955},"superops_production:alertConnector_modules":{"alertCreatedConnectorId":"3022","alertResolvedConnectorId":"3023","resolveAlertOnTicketChangeConnectorId":"3024","webhookUrl":"https://skdemo.konnectifyapp.co/webhook/3105","createdAt":1779777837593,"updatedAt":1779777837593}}
2026-05-26 12:52:09.561 +0530 [debug] (data.js) Read {"report_hash":"164b6b376a3cd05500ae5d339dfa82b58fb0cf355e2ffc1a3429433c142392eb","supero_101_101_migrate_oauth_status":true,"supero_101_101_modules":{"supero_101_101_system_settings":{"currentHost":{"endpoint_urls":{"freshservice":"https://sivakumar.freshservice.com"},"subscribed_modules":["service_ticket"],"org_domain":"https://sivakumar-877416007896811476.myfreshworks.com","product_types":{"freshservice":"ITSM"},"itam_version":{"freshservice":"BASIC"}}},"supero_101_101_custom_iparams":{"__meta":{"secure":["app1_apikey"]},"domain":"skdemo","accessToken":"fGOnTMOApoEz3ag9dB3Vg+SvNGA/go4kBkcu5cO1LFw4qv9m7/Fyls3MvX8+dflize0NIWoIpu+7TovEsgSEyM609Uejca+XBNgjqeC0FdPMWKueFE5D47zSmWFwhDZfYveCfiktVWAmY4nrj1L46aV3xeFAaeFUeHFWCa9qGk4w2Zn6+HrgQYOvhHCpzF6bXVa8joFanHQmb01vPaAJpnVdAILZARS7a6k5gYul0a2A9RCDOkGsCZBpQEI85c3ArqKB1PjX7A3UD1a32ITqVWZE4v+4hRWrMt2demOn+EGVI/HllCEZwMi3wd4NkkS77L2fFCp+BdzAV81hybXmtmowJExtUD0I/U+PjK1QZnPxXtTHAVBUk++E+bSLCbQq5X0qthjGRXW03TuEVVllFndmMxsITF87LGyYx/WSZTg=","tenantToken":"eyJhbGciOiJSUzI1NiIsInR5cCI6IkpXVCJ9.eyJleHAiOjE4MjI5Nzc4MzEsImlhdCI6MTc3OTc3NzgzMSwib3JnSWQiOiI2NiIsImV4dGVybmFsVGVuYW50SWQiOiJzaXZhLWl0LXVzIiwiZXh0ZXJuYWxVc2VySWQiOiJEZWZhdWx0IHRlbmFudCB1c2VyIn0.Jkh9zPlKsFfU9PdSoU-OgoJsA3y0DvE4146Z20M3_dwD1u3H-_4AJFdRinB4zRgsAMTh4AOHuVsFNZX3rFat9J_hAO6WRiD_opNWAbP_tY2oiPp_o-PFsoqx9rs-qKV65-3maVGoKr41X5tjOLUHjwFevoLBhxy51LcvZiURDrU25h0BGfxCClEyV3xKVD-9rC3IrVkBVaTpr79vuXpAGx5NNlGbUlHbW1TrDvUuN4p9TRwoQfWEliMHOuZnfo7QXVX_fVad-Soay6QjK8qN-6_W_1WVDognMl7LHwThGUFyu6NwRCt_J3SmAvBFoOvatf61BSLotwWUQlclQTs0gA","tenantId":"781","adminEmail":"sivakumar@konnectify.co","adminPassword":"konnectify","freshserviceAppName":"Freshservice","freshserviceAppId":"freshservice-1.0.0","freshserviceDomain":"sivakumar.freshservice.com","freshserviceApikey":"ZHgKqHflrMs94pFikuiD","freshserviceConnectionId":"3039","freshserviceConnectionName":"Freshservice Connection - 2026-05-26T06:42:45.868Z","superopsAppName":"SuperOps IT","superopsAppId":"superopsit-1.0.0","superopsDomain":"siva-it-us","superopsConnectionId":"3040","superopsApikey":"api-eyJhbGciOiJSUzI1NiJ9.eyJqdGkiOiIxOTg3Mzk1MzkxNzUzMTU0NTYwIiwicmFuZG9taXplciI6Iu-_vUbvv73vv70877-977-9X--_ve-_vSJ9.m6JxYTLA3ETs3HRrRWbRqGTmOirwOtyESdy0shf476qwJJfkcDZIuMn-p1mmrbMjBuaCmBpXRm3illwFqJdN9Aw9kkVnQnMs3IgCNewXDxDqCtf4e3EDWaWNtGs5inDGoLRbsHa68Dp8hV8X1riObW3RpkzgkFeEgKf6EWLT4SatkCgM8JfNF1k2l_rrTwrpoTkC5wYatojeAmWhyrwqbMCWEe_sIuxVbclev5q1VcymcNYC6ylPNYJ3Pa6MR2FzJ1Y8e0hz66hgL_M3hi9mCUI0evv57VRsAD3uSSh06etHS5WqLvmDcKonKj2bXrpM0KQ3fO6lT4YNx_MGepb15g","superopsConnectionName":"Superops Connection - 2026-05-26T06:42:45.868Z","superopsAccountType":"it","superopsRegion":"us","sinceDate":"04-05-2026","isInEditConfig":"","assetMapping":[{"superops_asset_class":{"id":"23","name":"Domain Controller"},"freshservice_asset_type":{"id":"30000367000","name":"Application Gateway"},"field_mappings":[{"superops_field":{"id":"assetId","name":"Asset Id"},"freshservice_field":{"id":"asset_tag","name":"Asset Tag"}},{"superops_field":{"id":"name","name":"Name"},"freshservice_field":{"id":"name","name":"Display Name"}}]}],"siteSeverityMapping":{"siteLocationMapping":[{"superops_site":"6027178066613911552","freshservice_location":30000039635}],"severityPriorityMapping":[{"superops_severity":"Low","freshservice_priority":1},{"superops_severity":"Critical","freshservice_priority":4}]},"ticketForm":{"subject":"Test ticket","planned_start_date":"","planned_end_date":"","planned_effort":"","impacted_locations":"","no_of_customers_impacted":"","unique_code":"","redington_ticket_id":"","description":"sample desc","business_impact":"","workspace_id":2,"status":2,"ticket_type":"","source":"","urgency":"","impact":"","group":"","department":"","category":"","major_incident_type":"","requester":"sivakumar@konnectify.co","requester_email":"","agent":""},"formattedTicketForm":{"subject":{"schema":"Test ticket","type":"string"},"description":{"schema":"sample desc","type":"string"},"workspace_id":{"schema":"2","type":"number"},"status":{"schema":"2","type":"number"},"email":{"schema":"sivakumar@konnectify.co","type":"string"}}},"isLocalAppInstalled":true,"isLocalAppEnabled":true},"superops_production:assetConnector_modules":{"newAssetId":"3020","updateAssetId":"3021","createdAt":1779777832955,"updatedAt":1779777832955},"superops_production:alertConnector_modules":{"alertCreatedConnectorId":"3022","alertResolvedConnectorId":"3023","resolveAlertOnTicketChangeConnectorId":"3024","webhookUrl":"https://skdemo.konnectifyapp.co/webhook/3105","createdAt":1779777837593,"updatedAt":1779777837593}}
2026-05-26 12:52:09.563 +0530 [debug] (data.js) Read {"report_hash":"164b6b376a3cd05500ae5d339dfa82b58fb0cf355e2ffc1a3429433c142392eb","supero_101_101_migrate_oauth_status":true,"supero_101_101_modules":{"supero_101_101_system_settings":{"currentHost":{"endpoint_urls":{"freshservice":"https://sivakumar.freshservice.com"},"subscribed_modules":["service_ticket"],"org_domain":"https://sivakumar-877416007896811476.myfreshworks.com","product_types":{"freshservice":"ITSM"},"itam_version":{"freshservice":"BASIC"}}},"supero_101_101_custom_iparams":{"__meta":{"secure":["app1_apikey"]},"domain":"skdemo","accessToken":"fGOnTMOApoEz3ag9dB3Vg+SvNGA/go4kBkcu5cO1LFw4qv9m7/Fyls3MvX8+dflize0NIWoIpu+7TovEsgSEyM609Uejca+XBNgjqeC0FdPMWKueFE5D47zSmWFwhDZfYveCfiktVWAmY4nrj1L46aV3xeFAaeFUeHFWCa9qGk4w2Zn6+HrgQYOvhHCpzF6bXVa8joFanHQmb01vPaAJpnVdAILZARS7a6k5gYul0a2A9RCDOkGsCZBpQEI85c3ArqKB1PjX7A3UD1a32ITqVWZE4v+4hRWrMt2demOn+EGVI/HllCEZwMi3wd4NkkS77L2fFCp+BdzAV81hybXmtmowJExtUD0I/U+PjK1QZnPxXtTHAVBUk++E+bSLCbQq5X0qthjGRXW03TuEVVllFndmMxsITF87LGyYx/WSZTg=","tenantToken":"eyJhbGciOiJSUzI1NiIsInR5cCI6IkpXVCJ9.eyJleHAiOjE4MjI5Nzc4MzEsImlhdCI6MTc3OTc3NzgzMSwib3JnSWQiOiI2NiIsImV4dGVybmFsVGVuYW50SWQiOiJzaXZhLWl0LXVzIiwiZXh0ZXJuYWxVc2VySWQiOiJEZWZhdWx0IHRlbmFudCB1c2VyIn0.Jkh9zPlKsFfU9PdSoU-OgoJsA3y0DvE4146Z20M3_dwD1u3H-_4AJFdRinB4zRgsAMTh4AOHuVsFNZX3rFat9J_hAO6WRiD_opNWAbP_tY2oiPp_o-PFsoqx9rs-qKV65-3maVGoKr41X5tjOLUHjwFevoLBhxy51LcvZiURDrU25h0BGfxCClEyV3xKVD-9rC3IrVkBVaTpr79vuXpAGx5NNlGbUlHbW1TrDvUuN4p9TRwoQfWEliMHOuZnfo7QXVX_fVad-Soay6QjK8qN-6_W_1WVDognMl7LHwThGUFyu6NwRCt_J3SmAvBFoOvatf61BSLotwWUQlclQTs0gA","tenantId":"781","adminEmail":"sivakumar@konnectify.co","adminPassword":"konnectify","freshserviceAppName":"Freshservice","freshserviceAppId":"freshservice-1.0.0","freshserviceDomain":"sivakumar.freshservice.com","freshserviceApikey":"ZHgKqHflrMs94pFikuiD","freshserviceConnectionId":"3039","freshserviceConnectionName":"Freshservice Connection - 2026-05-26T06:42:45.868Z","superopsAppName":"SuperOps IT","superopsAppId":"superopsit-1.0.0","superopsDomain":"siva-it-us","superopsConnectionId":"3040","superopsApikey":"api-eyJhbGciOiJSUzI1NiJ9.eyJqdGkiOiIxOTg3Mzk1MzkxNzUzMTU0NTYwIiwicmFuZG9taXplciI6Iu-_vUbvv73vv70877-977-9X--_ve-_vSJ9.m6JxYTLA3ETs3HRrRWbRqGTmOirwOtyESdy0shf476qwJJfkcDZIuMn-p1mmrbMjBuaCmBpXRm3illwFqJdN9Aw9kkVnQnMs3IgCNewXDxDqCtf4e3EDWaWNtGs5inDGoLRbsHa68Dp8hV8X1riObW3RpkzgkFeEgKf6EWLT4SatkCgM8JfNF1k2l_rrTwrpoTkC5wYatojeAmWhyrwqbMCWEe_sIuxVbclev5q1VcymcNYC6ylPNYJ3Pa6MR2FzJ1Y8e0hz66hgL_M3hi9mCUI0evv57VRsAD3uSSh06etHS5WqLvmDcKonKj2bXrpM0KQ3fO6lT4YNx_MGepb15g","superopsConnectionName":"Superops Connection - 2026-05-26T06:42:45.868Z","superopsAccountType":"it","superopsRegion":"us","sinceDate":"04-05-2026","isInEditConfig":"","assetMapping":[{"superops_asset_class":{"id":"23","name":"Domain Controller"},"freshservice_asset_type":{"id":"30000367000","name":"Application Gateway"},"field_mappings":[{"superops_field":{"id":"assetId","name":"Asset Id"},"freshservice_field":{"id":"asset_tag","name":"Asset Tag"}},{"superops_field":{"id":"name","name":"Name"},"freshservice_field":{"id":"name","name":"Display Name"}}]}],"siteSeverityMapping":{"siteLocationMapping":[{"superops_site":"6027178066613911552","freshservice_location":30000039635}],"severityPriorityMapping":[{"superops_severity":"Low","freshservice_priority":1},{"superops_severity":"Critical","freshservice_priority":4}]},"ticketForm":{"subject":"Test ticket","planned_start_date":"","planned_end_date":"","planned_effort":"","impacted_locations":"","no_of_customers_impacted":"","unique_code":"","redington_ticket_id":"","description":"sample desc","business_impact":"","workspace_id":2,"status":2,"ticket_type":"","source":"","urgency":"","impact":"","group":"","department":"","category":"","major_incident_type":"","requester":"sivakumar@konnectify.co","requester_email":"","agent":""},"formattedTicketForm":{"subject":{"schema":"Test ticket","type":"string"},"description":{"schema":"sample desc","type":"string"},"workspace_id":{"schema":"2","type":"number"},"status":{"schema":"2","type":"number"},"email":{"schema":"sivakumar@konnectify.co","type":"string"}}},"isLocalAppInstalled":true,"isLocalAppEnabled":true},"superops_production:assetConnector_modules":{"newAssetId":"3020","updateAssetId":"3021","createdAt":1779777832955,"updatedAt":1779777832955},"superops_production:alertConnector_modules":{"alertCreatedConnectorId":"3022","alertResolvedConnectorId":"3023","resolveAlertOnTicketChangeConnectorId":"3024","webhookUrl":"https://skdemo.konnectifyapp.co/webhook/3105","createdAt":1779777837593,"updatedAt":1779777837593}}
2026-05-26 12:52:09.565 +0530 [debug] (oauth.js) Fetching oauth configs of product : modules
2026-05-26 12:52:09.566 +0530 [debug] (data.js) Read {"report_hash":"164b6b376a3cd05500ae5d339dfa82b58fb0cf355e2ffc1a3429433c142392eb","supero_101_101_migrate_oauth_status":true,"supero_101_101_modules":{"supero_101_101_system_settings":{"currentHost":{"endpoint_urls":{"freshservice":"https://sivakumar.freshservice.com"},"subscribed_modules":["service_ticket"],"org_domain":"https://sivakumar-877416007896811476.myfreshworks.com","product_types":{"freshservice":"ITSM"},"itam_version":{"freshservice":"BASIC"}}},"supero_101_101_custom_iparams":{"__meta":{"secure":["app1_apikey"]},"domain":"skdemo","accessToken":"fGOnTMOApoEz3ag9dB3Vg+SvNGA/go4kBkcu5cO1LFw4qv9m7/Fyls3MvX8+dflize0NIWoIpu+7TovEsgSEyM609Uejca+XBNgjqeC0FdPMWKueFE5D47zSmWFwhDZfYveCfiktVWAmY4nrj1L46aV3xeFAaeFUeHFWCa9qGk4w2Zn6+HrgQYOvhHCpzF6bXVa8joFanHQmb01vPaAJpnVdAILZARS7a6k5gYul0a2A9RCDOkGsCZBpQEI85c3ArqKB1PjX7A3UD1a32ITqVWZE4v+4hRWrMt2demOn+EGVI/HllCEZwMi3wd4NkkS77L2fFCp+BdzAV81hybXmtmowJExtUD0I/U+PjK1QZnPxXtTHAVBUk++E+bSLCbQq5X0qthjGRXW03TuEVVllFndmMxsITF87LGyYx/WSZTg=","tenantToken":"eyJhbGciOiJSUzI1NiIsInR5cCI6IkpXVCJ9.eyJleHAiOjE4MjI5Nzc4MzEsImlhdCI6MTc3OTc3NzgzMSwib3JnSWQiOiI2NiIsImV4dGVybmFsVGVuYW50SWQiOiJzaXZhLWl0LXVzIiwiZXh0ZXJuYWxVc2VySWQiOiJEZWZhdWx0IHRlbmFudCB1c2VyIn0.Jkh9zPlKsFfU9PdSoU-OgoJsA3y0DvE4146Z20M3_dwD1u3H-_4AJFdRinB4zRgsAMTh4AOHuVsFNZX3rFat9J_hAO6WRiD_opNWAbP_tY2oiPp_o-PFsoqx9rs-qKV65-3maVGoKr41X5tjOLUHjwFevoLBhxy51LcvZiURDrU25h0BGfxCClEyV3xKVD-9rC3IrVkBVaTpr79vuXpAGx5NNlGbUlHbW1TrDvUuN4p9TRwoQfWEliMHOuZnfo7QXVX_fVad-Soay6QjK8qN-6_W_1WVDognMl7LHwThGUFyu6NwRCt_J3SmAvBFoOvatf61BSLotwWUQlclQTs0gA","tenantId":"781","adminEmail":"sivakumar@konnectify.co","adminPassword":"konnectify","freshserviceAppName":"Freshservice","freshserviceAppId":"freshservice-1.0.0","freshserviceDomain":"sivakumar.freshservice.com","freshserviceApikey":"ZHgKqHflrMs94pFikuiD","freshserviceConnectionId":"3039","freshserviceConnectionName":"Freshservice Connection - 2026-05-26T06:42:45.868Z","superopsAppName":"SuperOps IT","superopsAppId":"superopsit-1.0.0","superopsDomain":"siva-it-us","superopsConnectionId":"3040","superopsApikey":"api-eyJhbGciOiJSUzI1NiJ9.eyJqdGkiOiIxOTg3Mzk1MzkxNzUzMTU0NTYwIiwicmFuZG9taXplciI6Iu-_vUbvv73vv70877-977-9X--_ve-_vSJ9.m6JxYTLA3ETs3HRrRWbRqGTmOirwOtyESdy0shf476qwJJfkcDZIuMn-p1mmrbMjBuaCmBpXRm3illwFqJdN9Aw9kkVnQnMs3IgCNewXDxDqCtf4e3EDWaWNtGs5inDGoLRbsHa68Dp8hV8X1riObW3RpkzgkFeEgKf6EWLT4SatkCgM8JfNF1k2l_rrTwrpoTkC5wYatojeAmWhyrwqbMCWEe_sIuxVbclev5q1VcymcNYC6ylPNYJ3Pa6MR2FzJ1Y8e0hz66hgL_M3hi9mCUI0evv57VRsAD3uSSh06etHS5WqLvmDcKonKj2bXrpM0KQ3fO6lT4YNx_MGepb15g","superopsConnectionName":"Superops Connection - 2026-05-26T06:42:45.868Z","superopsAccountType":"it","superopsRegion":"us","sinceDate":"04-05-2026","isInEditConfig":"","assetMapping":[{"superops_asset_class":{"id":"23","name":"Domain Controller"},"freshservice_asset_type":{"id":"30000367000","name":"Application Gateway"},"field_mappings":[{"superops_field":{"id":"assetId","name":"Asset Id"},"freshservice_field":{"id":"asset_tag","name":"Asset Tag"}},{"superops_field":{"id":"name","name":"Name"},"freshservice_field":{"id":"name","name":"Display Name"}}]}],"siteSeverityMapping":{"siteLocationMapping":[{"superops_site":"6027178066613911552","freshservice_location":30000039635}],"severityPriorityMapping":[{"superops_severity":"Low","freshservice_priority":1},{"superops_severity":"Critical","freshservice_priority":4}]},"ticketForm":{"subject":"Test ticket","planned_start_date":"","planned_end_date":"","planned_effort":"","impacted_locations":"","no_of_customers_impacted":"","unique_code":"","redington_ticket_id":"","description":"sample desc","business_impact":"","workspace_id":2,"status":2,"ticket_type":"","source":"","urgency":"","impact":"","group":"","department":"","category":"","major_incident_type":"","requester":"sivakumar@konnectify.co","requester_email":"","agent":""},"formattedTicketForm":{"subject":{"schema":"Test ticket","type":"string"},"description":{"schema":"sample desc","type":"string"},"workspace_id":{"schema":"2","type":"number"},"status":{"schema":"2","type":"number"},"email":{"schema":"sivakumar@konnectify.co","type":"string"}}},"isLocalAppInstalled":true,"isLocalAppEnabled":true},"superops_production:assetConnector_modules":{"newAssetId":"3020","updateAssetId":"3021","createdAt":1779777832955,"updatedAt":1779777832955},"superops_production:alertConnector_modules":{"alertCreatedConnectorId":"3022","alertResolvedConnectorId":"3023","resolveAlertOnTicketChangeConnectorId":"3024","webhookUrl":"https://skdemo.konnectifyapp.co/webhook/3105","createdAt":1779777837593,"updatedAt":1779777837593}}
2026-05-26 12:52:09.566 +0530 [debug] (data.js) Read {"report_hash":"164b6b376a3cd05500ae5d339dfa82b58fb0cf355e2ffc1a3429433c142392eb","supero_101_101_migrate_oauth_status":true,"supero_101_101_modules":{"supero_101_101_system_settings":{"currentHost":{"endpoint_urls":{"freshservice":"https://sivakumar.freshservice.com"},"subscribed_modules":["service_ticket"],"org_domain":"https://sivakumar-877416007896811476.myfreshworks.com","product_types":{"freshservice":"ITSM"},"itam_version":{"freshservice":"BASIC"}}},"supero_101_101_custom_iparams":{"__meta":{"secure":["app1_apikey"]},"domain":"skdemo","accessToken":"fGOnTMOApoEz3ag9dB3Vg+SvNGA/go4kBkcu5cO1LFw4qv9m7/Fyls3MvX8+dflize0NIWoIpu+7TovEsgSEyM609Uejca+XBNgjqeC0FdPMWKueFE5D47zSmWFwhDZfYveCfiktVWAmY4nrj1L46aV3xeFAaeFUeHFWCa9qGk4w2Zn6+HrgQYOvhHCpzF6bXVa8joFanHQmb01vPaAJpnVdAILZARS7a6k5gYul0a2A9RCDOkGsCZBpQEI85c3ArqKB1PjX7A3UD1a32ITqVWZE4v+4hRWrMt2demOn+EGVI/HllCEZwMi3wd4NkkS77L2fFCp+BdzAV81hybXmtmowJExtUD0I/U+PjK1QZnPxXtTHAVBUk++E+bSLCbQq5X0qthjGRXW03TuEVVllFndmMxsITF87LGyYx/WSZTg=","tenantToken":"eyJhbGciOiJSUzI1NiIsInR5cCI6IkpXVCJ9.eyJleHAiOjE4MjI5Nzc4MzEsImlhdCI6MTc3OTc3NzgzMSwib3JnSWQiOiI2NiIsImV4dGVybmFsVGVuYW50SWQiOiJzaXZhLWl0LXVzIiwiZXh0ZXJuYWxVc2VySWQiOiJEZWZhdWx0IHRlbmFudCB1c2VyIn0.Jkh9zPlKsFfU9PdSoU-OgoJsA3y0DvE4146Z20M3_dwD1u3H-_4AJFdRinB4zRgsAMTh4AOHuVsFNZX3rFat9J_hAO6WRiD_opNWAbP_tY2oiPp_o-PFsoqx9rs-qKV65-3maVGoKr41X5tjOLUHjwFevoLBhxy51LcvZiURDrU25h0BGfxCClEyV3xKVD-9rC3IrVkBVaTpr79vuXpAGx5NNlGbUlHbW1TrDvUuN4p9TRwoQfWEliMHOuZnfo7QXVX_fVad-Soay6QjK8qN-6_W_1WVDognMl7LHwThGUFyu6NwRCt_J3SmAvBFoOvatf61BSLotwWUQlclQTs0gA","tenantId":"781","adminEmail":"sivakumar@konnectify.co","adminPassword":"konnectify","freshserviceAppName":"Freshservice","freshserviceAppId":"freshservice-1.0.0","freshserviceDomain":"sivakumar.freshservice.com","freshserviceApikey":"ZHgKqHflrMs94pFikuiD","freshserviceConnectionId":"3039","freshserviceConnectionName":"Freshservice Connection - 2026-05-26T06:42:45.868Z","superopsAppName":"SuperOps IT","superopsAppId":"superopsit-1.0.0","superopsDomain":"siva-it-us","superopsConnectionId":"3040","superopsApikey":"api-eyJhbGciOiJSUzI1NiJ9.eyJqdGkiOiIxOTg3Mzk1MzkxNzUzMTU0NTYwIiwicmFuZG9taXplciI6Iu-_vUbvv73vv70877-977-9X--_ve-_vSJ9.m6JxYTLA3ETs3HRrRWbRqGTmOirwOtyESdy0shf476qwJJfkcDZIuMn-p1mmrbMjBuaCmBpXRm3illwFqJdN9Aw9kkVnQnMs3IgCNewXDxDqCtf4e3EDWaWNtGs5inDGoLRbsHa68Dp8hV8X1riObW3RpkzgkFeEgKf6EWLT4SatkCgM8JfNF1k2l_rrTwrpoTkC5wYatojeAmWhyrwqbMCWEe_sIuxVbclev5q1VcymcNYC6ylPNYJ3Pa6MR2FzJ1Y8e0hz66hgL_M3hi9mCUI0evv57VRsAD3uSSh06etHS5WqLvmDcKonKj2bXrpM0KQ3fO6lT4YNx_MGepb15g","superopsConnectionName":"Superops Connection - 2026-05-26T06:42:45.868Z","superopsAccountType":"it","superopsRegion":"us","sinceDate":"04-05-2026","isInEditConfig":"","assetMapping":[{"superops_asset_class":{"id":"23","name":"Domain Controller"},"freshservice_asset_type":{"id":"30000367000","name":"Application Gateway"},"field_mappings":[{"superops_field":{"id":"assetId","name":"Asset Id"},"freshservice_field":{"id":"asset_tag","name":"Asset Tag"}},{"superops_field":{"id":"name","name":"Name"},"freshservice_field":{"id":"name","name":"Display Name"}}]}],"siteSeverityMapping":{"siteLocationMapping":[{"superops_site":"6027178066613911552","freshservice_location":30000039635}],"severityPriorityMapping":[{"superops_severity":"Low","freshservice_priority":1},{"superops_severity":"Critical","freshservice_priority":4}]},"ticketForm":{"subject":"Test ticket","planned_start_date":"","planned_end_date":"","planned_effort":"","impacted_locations":"","no_of_customers_impacted":"","unique_code":"","redington_ticket_id":"","description":"sample desc","business_impact":"","workspace_id":2,"status":2,"ticket_type":"","source":"","urgency":"","impact":"","group":"","department":"","category":"","major_incident_type":"","requester":"sivakumar@konnectify.co","requester_email":"","agent":""},"formattedTicketForm":{"subject":{"schema":"Test ticket","type":"string"},"description":{"schema":"sample desc","type":"string"},"workspace_id":{"schema":"2","type":"number"},"status":{"schema":"2","type":"number"},"email":{"schema":"sivakumar@konnectify.co","type":"string"}}},"isLocalAppInstalled":true,"isLocalAppEnabled":true},"superops_production:assetConnector_modules":{"newAssetId":"3020","updateAssetId":"3021","createdAt":1779777832955,"updatedAt":1779777832955},"superops_production:alertConnector_modules":{"alertCreatedConnectorId":"3022","alertResolvedConnectorId":"3023","resolveAlertOnTicketChangeConnectorId":"3024","webhookUrl":"https://skdemo.konnectifyapp.co/webhook/3105","createdAt":1779777837593,"updatedAt":1779777837593}}
2026-05-26 12:52:09.566 +0530 [debug] (data.js) Read {"report_hash":"164b6b376a3cd05500ae5d339dfa82b58fb0cf355e2ffc1a3429433c142392eb","supero_101_101_migrate_oauth_status":true,"supero_101_101_modules":{"supero_101_101_system_settings":{"currentHost":{"endpoint_urls":{"freshservice":"https://sivakumar.freshservice.com"},"subscribed_modules":["service_ticket"],"org_domain":"https://sivakumar-877416007896811476.myfreshworks.com","product_types":{"freshservice":"ITSM"},"itam_version":{"freshservice":"BASIC"}}},"supero_101_101_custom_iparams":{"__meta":{"secure":["app1_apikey"]},"domain":"skdemo","accessToken":"fGOnTMOApoEz3ag9dB3Vg+SvNGA/go4kBkcu5cO1LFw4qv9m7/Fyls3MvX8+dflize0NIWoIpu+7TovEsgSEyM609Uejca+XBNgjqeC0FdPMWKueFE5D47zSmWFwhDZfYveCfiktVWAmY4nrj1L46aV3xeFAaeFUeHFWCa9qGk4w2Zn6+HrgQYOvhHCpzF6bXVa8joFanHQmb01vPaAJpnVdAILZARS7a6k5gYul0a2A9RCDOkGsCZBpQEI85c3ArqKB1PjX7A3UD1a32ITqVWZE4v+4hRWrMt2demOn+EGVI/HllCEZwMi3wd4NkkS77L2fFCp+BdzAV81hybXmtmowJExtUD0I/U+PjK1QZnPxXtTHAVBUk++E+bSLCbQq5X0qthjGRXW03TuEVVllFndmMxsITF87LGyYx/WSZTg=","tenantToken":"eyJhbGciOiJSUzI1NiIsInR5cCI6IkpXVCJ9.eyJleHAiOjE4MjI5Nzc4MzEsImlhdCI6MTc3OTc3NzgzMSwib3JnSWQiOiI2NiIsImV4dGVybmFsVGVuYW50SWQiOiJzaXZhLWl0LXVzIiwiZXh0ZXJuYWxVc2VySWQiOiJEZWZhdWx0IHRlbmFudCB1c2VyIn0.Jkh9zPlKsFfU9PdSoU-OgoJsA3y0DvE4146Z20M3_dwD1u3H-_4AJFdRinB4zRgsAMTh4AOHuVsFNZX3rFat9J_hAO6WRiD_opNWAbP_tY2oiPp_o-PFsoqx9rs-qKV65-3maVGoKr41X5tjOLUHjwFevoLBhxy51LcvZiURDrU25h0BGfxCClEyV3xKVD-9rC3IrVkBVaTpr79vuXpAGx5NNlGbUlHbW1TrDvUuN4p9TRwoQfWEliMHOuZnfo7QXVX_fVad-Soay6QjK8qN-6_W_1WVDognMl7LHwThGUFyu6NwRCt_J3SmAvBFoOvatf61BSLotwWUQlclQTs0gA","tenantId":"781","adminEmail":"sivakumar@konnectify.co","adminPassword":"konnectify","freshserviceAppName":"Freshservice","freshserviceAppId":"freshservice-1.0.0","freshserviceDomain":"sivakumar.freshservice.com","freshserviceApikey":"ZHgKqHflrMs94pFikuiD","freshserviceConnectionId":"3039","freshserviceConnectionName":"Freshservice Connection - 2026-05-26T06:42:45.868Z","superopsAppName":"SuperOps IT","superopsAppId":"superopsit-1.0.0","superopsDomain":"siva-it-us","superopsConnectionId":"3040","superopsApikey":"api-eyJhbGciOiJSUzI1NiJ9.eyJqdGkiOiIxOTg3Mzk1MzkxNzUzMTU0NTYwIiwicmFuZG9taXplciI6Iu-_vUbvv73vv70877-977-9X--_ve-_vSJ9.m6JxYTLA3ETs3HRrRWbRqGTmOirwOtyESdy0shf476qwJJfkcDZIuMn-p1mmrbMjBuaCmBpXRm3illwFqJdN9Aw9kkVnQnMs3IgCNewXDxDqCtf4e3EDWaWNtGs5inDGoLRbsHa68Dp8hV8X1riObW3RpkzgkFeEgKf6EWLT4SatkCgM8JfNF1k2l_rrTwrpoTkC5wYatojeAmWhyrwqbMCWEe_sIuxVbclev5q1VcymcNYC6ylPNYJ3Pa6MR2FzJ1Y8e0hz66hgL_M3hi9mCUI0evv57VRsAD3uSSh06etHS5WqLvmDcKonKj2bXrpM0KQ3fO6lT4YNx_MGepb15g","superopsConnectionName":"Superops Connection - 2026-05-26T06:42:45.868Z","superopsAccountType":"it","superopsRegion":"us","sinceDate":"04-05-2026","isInEditConfig":"","assetMapping":[{"superops_asset_class":{"id":"23","name":"Domain Controller"},"freshservice_asset_type":{"id":"30000367000","name":"Application Gateway"},"field_mappings":[{"superops_field":{"id":"assetId","name":"Asset Id"},"freshservice_field":{"id":"asset_tag","name":"Asset Tag"}},{"superops_field":{"id":"name","name":"Name"},"freshservice_field":{"id":"name","name":"Display Name"}}]}],"siteSeverityMapping":{"siteLocationMapping":[{"superops_site":"6027178066613911552","freshservice_location":30000039635}],"severityPriorityMapping":[{"superops_severity":"Low","freshservice_priority":1},{"superops_severity":"Critical","freshservice_priority":4}]},"ticketForm":{"subject":"Test ticket","planned_start_date":"","planned_end_date":"","planned_effort":"","impacted_locations":"","no_of_customers_impacted":"","unique_code":"","redington_ticket_id":"","description":"sample desc","business_impact":"","workspace_id":2,"status":2,"ticket_type":"","source":"","urgency":"","impact":"","group":"","department":"","category":"","major_incident_type":"","requester":"sivakumar@konnectify.co","requester_email":"","agent":""},"formattedTicketForm":{"subject":{"schema":"Test ticket","type":"string"},"description":{"schema":"sample desc","type":"string"},"workspace_id":{"schema":"2","type":"number"},"status":{"schema":"2","type":"number"},"email":{"schema":"sivakumar@konnectify.co","type":"string"}}},"isLocalAppInstalled":true,"isLocalAppEnabled":true},"superops_production:assetConnector_modules":{"newAssetId":"3020","updateAssetId":"3021","createdAt":1779777832955,"updatedAt":1779777832955},"superops_production:alertConnector_modules":{"alertCreatedConnectorId":"3022","alertResolvedConnectorId":"3023","resolveAlertOnTicketChangeConnectorId":"3024","webhookUrl":"https://skdemo.konnectifyapp.co/webhook/3105","createdAt":1779777837593,"updatedAt":1779777837593}}
2026-05-26 12:52:09.572 +0530 [debug] (oauth.js) Fetching oauth configs of product : modules
2026-05-26 12:52:09.783 +0530 [debug] (http.js) Failed to parse URL: , error: Invalid URL
2026-05-26 12:52:23.331 +0530 [debug] (data.js) Read {"report_hash":"164b6b376a3cd05500ae5d339dfa82b58fb0cf355e2ffc1a3429433c142392eb","supero_101_101_migrate_oauth_status":true,"supero_101_101_modules":{"supero_101_101_system_settings":{"currentHost":{"endpoint_urls":{"freshservice":"https://sivakumar.freshservice.com"},"subscribed_modules":["service_ticket"],"org_domain":"https://sivakumar-877416007896811476.myfreshworks.com","product_types":{"freshservice":"ITSM"},"itam_version":{"freshservice":"BASIC"}}},"supero_101_101_custom_iparams":{"__meta":{"secure":["app1_apikey"]},"domain":"skdemo","accessToken":"fGOnTMOApoEz3ag9dB3Vg+SvNGA/go4kBkcu5cO1LFw4qv9m7/Fyls3MvX8+dflize0NIWoIpu+7TovEsgSEyM609Uejca+XBNgjqeC0FdPMWKueFE5D47zSmWFwhDZfYveCfiktVWAmY4nrj1L46aV3xeFAaeFUeHFWCa9qGk4w2Zn6+HrgQYOvhHCpzF6bXVa8joFanHQmb01vPaAJpnVdAILZARS7a6k5gYul0a2A9RCDOkGsCZBpQEI85c3ArqKB1PjX7A3UD1a32ITqVWZE4v+4hRWrMt2demOn+EGVI/HllCEZwMi3wd4NkkS77L2fFCp+BdzAV81hybXmtmowJExtUD0I/U+PjK1QZnPxXtTHAVBUk++E+bSLCbQq5X0qthjGRXW03TuEVVllFndmMxsITF87LGyYx/WSZTg=","tenantToken":"eyJhbGciOiJSUzI1NiIsInR5cCI6IkpXVCJ9.eyJleHAiOjE4MjI5Nzc4MzEsImlhdCI6MTc3OTc3NzgzMSwib3JnSWQiOiI2NiIsImV4dGVybmFsVGVuYW50SWQiOiJzaXZhLWl0LXVzIiwiZXh0ZXJuYWxVc2VySWQiOiJEZWZhdWx0IHRlbmFudCB1c2VyIn0.Jkh9zPlKsFfU9PdSoU-OgoJsA3y0DvE4146Z20M3_dwD1u3H-_4AJFdRinB4zRgsAMTh4AOHuVsFNZX3rFat9J_hAO6WRiD_opNWAbP_tY2oiPp_o-PFsoqx9rs-qKV65-3maVGoKr41X5tjOLUHjwFevoLBhxy51LcvZiURDrU25h0BGfxCClEyV3xKVD-9rC3IrVkBVaTpr79vuXpAGx5NNlGbUlHbW1TrDvUuN4p9TRwoQfWEliMHOuZnfo7QXVX_fVad-Soay6QjK8qN-6_W_1WVDognMl7LHwThGUFyu6NwRCt_J3SmAvBFoOvatf61BSLotwWUQlclQTs0gA","tenantId":"781","adminEmail":"sivakumar@konnectify.co","adminPassword":"konnectify","freshserviceAppName":"Freshservice","freshserviceAppId":"freshservice-1.0.0","freshserviceDomain":"sivakumar.freshservice.com","freshserviceApikey":"ZHgKqHflrMs94pFikuiD","freshserviceConnectionId":"3039","freshserviceConnectionName":"Freshservice Connection - 2026-05-26T06:42:45.868Z","superopsAppName":"SuperOps IT","superopsAppId":"superopsit-1.0.0","superopsDomain":"siva-it-us","superopsConnectionId":"3040","superopsApikey":"api-eyJhbGciOiJSUzI1NiJ9.eyJqdGkiOiIxOTg3Mzk1MzkxNzUzMTU0NTYwIiwicmFuZG9taXplciI6Iu-_vUbvv73vv70877-977-9X--_ve-_vSJ9.m6JxYTLA3ETs3HRrRWbRqGTmOirwOtyESdy0shf476qwJJfkcDZIuMn-p1mmrbMjBuaCmBpXRm3illwFqJdN9Aw9kkVnQnMs3IgCNewXDxDqCtf4e3EDWaWNtGs5inDGoLRbsHa68Dp8hV8X1riObW3RpkzgkFeEgKf6EWLT4SatkCgM8JfNF1k2l_rrTwrpoTkC5wYatojeAmWhyrwqbMCWEe_sIuxVbclev5q1VcymcNYC6ylPNYJ3Pa6MR2FzJ1Y8e0hz66hgL_M3hi9mCUI0evv57VRsAD3uSSh06etHS5WqLvmDcKonKj2bXrpM0KQ3fO6lT4YNx_MGepb15g","superopsConnectionName":"Superops Connection - 2026-05-26T06:42:45.868Z","superopsAccountType":"it","superopsRegion":"us","sinceDate":"04-05-2026","isInEditConfig":"","assetMapping":[{"superops_asset_class":{"id":"23","name":"Domain Controller"},"freshservice_asset_type":{"id":"30000367000","name":"Application Gateway"},"field_mappings":[{"superops_field":{"id":"assetId","name":"Asset Id"},"freshservice_field":{"id":"asset_tag","name":"Asset Tag"}},{"superops_field":{"id":"name","name":"Name"},"freshservice_field":{"id":"name","name":"Display Name"}}]}],"siteSeverityMapping":{"siteLocationMapping":[{"superops_site":"6027178066613911552","freshservice_location":30000039635}],"severityPriorityMapping":[{"superops_severity":"Low","freshservice_priority":1},{"superops_severity":"Critical","freshservice_priority":4}]},"ticketForm":{"subject":"Test ticket","planned_start_date":"","planned_end_date":"","planned_effort":"","impacted_locations":"","no_of_customers_impacted":"","unique_code":"","redington_ticket_id":"","description":"sample desc","business_impact":"","workspace_id":2,"status":2,"ticket_type":"","source":"","urgency":"","impact":"","group":"","department":"","category":"","major_incident_type":"","requester":"sivakumar@konnectify.co","requester_email":"","agent":""},"formattedTicketForm":{"subject":{"schema":"Test ticket","type":"string"},"description":{"schema":"sample desc","type":"string"},"workspace_id":{"schema":"2","type":"number"},"status":{"schema":"2","type":"number"},"email":{"schema":"sivakumar@konnectify.co","type":"string"}}},"isLocalAppInstalled":true,"isLocalAppEnabled":true},"superops_production:assetConnector_modules":{"newAssetId":"3020","updateAssetId":"3021","createdAt":1779777832955,"updatedAt":1779777832955},"superops_production:alertConnector_modules":{"alertCreatedConnectorId":"3022","alertResolvedConnectorId":"3023","resolveAlertOnTicketChangeConnectorId":"3024","webhookUrl":"https://skdemo.konnectifyapp.co/webhook/3105","createdAt":1779777837593,"updatedAt":1779777837593}}
2026-05-26 12:52:23.332 +0530 [debug] (oauth.js) Fetching oauth configs of product : modules
2026-05-26 12:52:23.332 +0530 [debug] (data.js) Read {"report_hash":"164b6b376a3cd05500ae5d339dfa82b58fb0cf355e2ffc1a3429433c142392eb","supero_101_101_migrate_oauth_status":true,"supero_101_101_modules":{"supero_101_101_system_settings":{"currentHost":{"endpoint_urls":{"freshservice":"https://sivakumar.freshservice.com"},"subscribed_modules":["service_ticket"],"org_domain":"https://sivakumar-877416007896811476.myfreshworks.com","product_types":{"freshservice":"ITSM"},"itam_version":{"freshservice":"BASIC"}}},"supero_101_101_custom_iparams":{"__meta":{"secure":["app1_apikey"]},"domain":"skdemo","accessToken":"fGOnTMOApoEz3ag9dB3Vg+SvNGA/go4kBkcu5cO1LFw4qv9m7/Fyls3MvX8+dflize0NIWoIpu+7TovEsgSEyM609Uejca+XBNgjqeC0FdPMWKueFE5D47zSmWFwhDZfYveCfiktVWAmY4nrj1L46aV3xeFAaeFUeHFWCa9qGk4w2Zn6+HrgQYOvhHCpzF6bXVa8joFanHQmb01vPaAJpnVdAILZARS7a6k5gYul0a2A9RCDOkGsCZBpQEI85c3ArqKB1PjX7A3UD1a32ITqVWZE4v+4hRWrMt2demOn+EGVI/HllCEZwMi3wd4NkkS77L2fFCp+BdzAV81hybXmtmowJExtUD0I/U+PjK1QZnPxXtTHAVBUk++E+bSLCbQq5X0qthjGRXW03TuEVVllFndmMxsITF87LGyYx/WSZTg=","tenantToken":"eyJhbGciOiJSUzI1NiIsInR5cCI6IkpXVCJ9.eyJleHAiOjE4MjI5Nzc4MzEsImlhdCI6MTc3OTc3NzgzMSwib3JnSWQiOiI2NiIsImV4dGVybmFsVGVuYW50SWQiOiJzaXZhLWl0LXVzIiwiZXh0ZXJuYWxVc2VySWQiOiJEZWZhdWx0IHRlbmFudCB1c2VyIn0.Jkh9zPlKsFfU9PdSoU-OgoJsA3y0DvE4146Z20M3_dwD1u3H-_4AJFdRinB4zRgsAMTh4AOHuVsFNZX3rFat9J_hAO6WRiD_opNWAbP_tY2oiPp_o-PFsoqx9rs-qKV65-3maVGoKr41X5tjOLUHjwFevoLBhxy51LcvZiURDrU25h0BGfxCClEyV3xKVD-9rC3IrVkBVaTpr79vuXpAGx5NNlGbUlHbW1TrDvUuN4p9TRwoQfWEliMHOuZnfo7QXVX_fVad-Soay6QjK8qN-6_W_1WVDognMl7LHwThGUFyu6NwRCt_J3SmAvBFoOvatf61BSLotwWUQlclQTs0gA","tenantId":"781","adminEmail":"sivakumar@konnectify.co","adminPassword":"konnectify","freshserviceAppName":"Freshservice","freshserviceAppId":"freshservice-1.0.0","freshserviceDomain":"sivakumar.freshservice.com","freshserviceApikey":"ZHgKqHflrMs94pFikuiD","freshserviceConnectionId":"3039","freshserviceConnectionName":"Freshservice Connection - 2026-05-26T06:42:45.868Z","superopsAppName":"SuperOps IT","superopsAppId":"superopsit-1.0.0","superopsDomain":"siva-it-us","superopsConnectionId":"3040","superopsApikey":"api-eyJhbGciOiJSUzI1NiJ9.eyJqdGkiOiIxOTg3Mzk1MzkxNzUzMTU0NTYwIiwicmFuZG9taXplciI6Iu-_vUbvv73vv70877-977-9X--_ve-_vSJ9.m6JxYTLA3ETs3HRrRWbRqGTmOirwOtyESdy0shf476qwJJfkcDZIuMn-p1mmrbMjBuaCmBpXRm3illwFqJdN9Aw9kkVnQnMs3IgCNewXDxDqCtf4e3EDWaWNtGs5inDGoLRbsHa68Dp8hV8X1riObW3RpkzgkFeEgKf6EWLT4SatkCgM8JfNF1k2l_rrTwrpoTkC5wYatojeAmWhyrwqbMCWEe_sIuxVbclev5q1VcymcNYC6ylPNYJ3Pa6MR2FzJ1Y8e0hz66hgL_M3hi9mCUI0evv57VRsAD3uSSh06etHS5WqLvmDcKonKj2bXrpM0KQ3fO6lT4YNx_MGepb15g","superopsConnectionName":"Superops Connection - 2026-05-26T06:42:45.868Z","superopsAccountType":"it","superopsRegion":"us","sinceDate":"04-05-2026","isInEditConfig":"","assetMapping":[{"superops_asset_class":{"id":"23","name":"Domain Controller"},"freshservice_asset_type":{"id":"30000367000","name":"Application Gateway"},"field_mappings":[{"superops_field":{"id":"assetId","name":"Asset Id"},"freshservice_field":{"id":"asset_tag","name":"Asset Tag"}},{"superops_field":{"id":"name","name":"Name"},"freshservice_field":{"id":"name","name":"Display Name"}}]}],"siteSeverityMapping":{"siteLocationMapping":[{"superops_site":"6027178066613911552","freshservice_location":30000039635}],"severityPriorityMapping":[{"superops_severity":"Low","freshservice_priority":1},{"superops_severity":"Critical","freshservice_priority":4}]},"ticketForm":{"subject":"Test ticket","planned_start_date":"","planned_end_date":"","planned_effort":"","impacted_locations":"","no_of_customers_impacted":"","unique_code":"","redington_ticket_id":"","description":"sample desc","business_impact":"","workspace_id":2,"status":2,"ticket_type":"","source":"","urgency":"","impact":"","group":"","department":"","category":"","major_incident_type":"","requester":"sivakumar@konnectify.co","requester_email":"","agent":""},"formattedTicketForm":{"subject":{"schema":"Test ticket","type":"string"},"description":{"schema":"sample desc","type":"string"},"workspace_id":{"schema":"2","type":"number"},"status":{"schema":"2","type":"number"},"email":{"schema":"sivakumar@konnectify.co","type":"string"}}},"isLocalAppInstalled":true,"isLocalAppEnabled":true},"superops_production:assetConnector_modules":{"newAssetId":"3020","updateAssetId":"3021","createdAt":1779777832955,"updatedAt":1779777832955},"superops_production:alertConnector_modules":{"alertCreatedConnectorId":"3022","alertResolvedConnectorId":"3023","resolveAlertOnTicketChangeConnectorId":"3024","webhookUrl":"https://skdemo.konnectifyapp.co/webhook/3105","createdAt":1779777837593,"updatedAt":1779777837593}}
2026-05-26 12:52:23.332 +0530 [debug] (oauth.js) Fetching oauth configs of product : modules
2026-05-26 12:52:23.332 +0530 [debug] (data.js) Read {"report_hash":"164b6b376a3cd05500ae5d339dfa82b58fb0cf355e2ffc1a3429433c142392eb","supero_101_101_migrate_oauth_status":true,"supero_101_101_modules":{"supero_101_101_system_settings":{"currentHost":{"endpoint_urls":{"freshservice":"https://sivakumar.freshservice.com"},"subscribed_modules":["service_ticket"],"org_domain":"https://sivakumar-877416007896811476.myfreshworks.com","product_types":{"freshservice":"ITSM"},"itam_version":{"freshservice":"BASIC"}}},"supero_101_101_custom_iparams":{"__meta":{"secure":["app1_apikey"]},"domain":"skdemo","accessToken":"fGOnTMOApoEz3ag9dB3Vg+SvNGA/go4kBkcu5cO1LFw4qv9m7/Fyls3MvX8+dflize0NIWoIpu+7TovEsgSEyM609Uejca+XBNgjqeC0FdPMWKueFE5D47zSmWFwhDZfYveCfiktVWAmY4nrj1L46aV3xeFAaeFUeHFWCa9qGk4w2Zn6+HrgQYOvhHCpzF6bXVa8joFanHQmb01vPaAJpnVdAILZARS7a6k5gYul0a2A9RCDOkGsCZBpQEI85c3ArqKB1PjX7A3UD1a32ITqVWZE4v+4hRWrMt2demOn+EGVI/HllCEZwMi3wd4NkkS77L2fFCp+BdzAV81hybXmtmowJExtUD0I/U+PjK1QZnPxXtTHAVBUk++E+bSLCbQq5X0qthjGRXW03TuEVVllFndmMxsITF87LGyYx/WSZTg=","tenantToken":"eyJhbGciOiJSUzI1NiIsInR5cCI6IkpXVCJ9.eyJleHAiOjE4MjI5Nzc4MzEsImlhdCI6MTc3OTc3NzgzMSwib3JnSWQiOiI2NiIsImV4dGVybmFsVGVuYW50SWQiOiJzaXZhLWl0LXVzIiwiZXh0ZXJuYWxVc2VySWQiOiJEZWZhdWx0IHRlbmFudCB1c2VyIn0.Jkh9zPlKsFfU9PdSoU-OgoJsA3y0DvE4146Z20M3_dwD1u3H-_4AJFdRinB4zRgsAMTh4AOHuVsFNZX3rFat9J_hAO6WRiD_opNWAbP_tY2oiPp_o-PFsoqx9rs-qKV65-3maVGoKr41X5tjOLUHjwFevoLBhxy51LcvZiURDrU25h0BGfxCClEyV3xKVD-9rC3IrVkBVaTpr79vuXpAGx5NNlGbUlHbW1TrDvUuN4p9TRwoQfWEliMHOuZnfo7QXVX_fVad-Soay6QjK8qN-6_W_1WVDognMl7LHwThGUFyu6NwRCt_J3SmAvBFoOvatf61BSLotwWUQlclQTs0gA","tenantId":"781","adminEmail":"sivakumar@konnectify.co","adminPassword":"konnectify","freshserviceAppName":"Freshservice","freshserviceAppId":"freshservice-1.0.0","freshserviceDomain":"sivakumar.freshservice.com","freshserviceApikey":"ZHgKqHflrMs94pFikuiD","freshserviceConnectionId":"3039","freshserviceConnectionName":"Freshservice Connection - 2026-05-26T06:42:45.868Z","superopsAppName":"SuperOps IT","superopsAppId":"superopsit-1.0.0","superopsDomain":"siva-it-us","superopsConnectionId":"3040","superopsApikey":"api-eyJhbGciOiJSUzI1NiJ9.eyJqdGkiOiIxOTg3Mzk1MzkxNzUzMTU0NTYwIiwicmFuZG9taXplciI6Iu-_vUbvv73vv70877-977-9X--_ve-_vSJ9.m6JxYTLA3ETs3HRrRWbRqGTmOirwOtyESdy0shf476qwJJfkcDZIuMn-p1mmrbMjBuaCmBpXRm3illwFqJdN9Aw9kkVnQnMs3IgCNewXDxDqCtf4e3EDWaWNtGs5inDGoLRbsHa68Dp8hV8X1riObW3RpkzgkFeEgKf6EWLT4SatkCgM8JfNF1k2l_rrTwrpoTkC5wYatojeAmWhyrwqbMCWEe_sIuxVbclev5q1VcymcNYC6ylPNYJ3Pa6MR2FzJ1Y8e0hz66hgL_M3hi9mCUI0evv57VRsAD3uSSh06etHS5WqLvmDcKonKj2bXrpM0KQ3fO6lT4YNx_MGepb15g","superopsConnectionName":"Superops Connection - 2026-05-26T06:42:45.868Z","superopsAccountType":"it","superopsRegion":"us","sinceDate":"04-05-2026","isInEditConfig":"","assetMapping":[{"superops_asset_class":{"id":"23","name":"Domain Controller"},"freshservice_asset_type":{"id":"30000367000","name":"Application Gateway"},"field_mappings":[{"superops_field":{"id":"assetId","name":"Asset Id"},"freshservice_field":{"id":"asset_tag","name":"Asset Tag"}},{"superops_field":{"id":"name","name":"Name"},"freshservice_field":{"id":"name","name":"Display Name"}}]}],"siteSeverityMapping":{"siteLocationMapping":[{"superops_site":"6027178066613911552","freshservice_location":30000039635}],"severityPriorityMapping":[{"superops_severity":"Low","freshservice_priority":1},{"superops_severity":"Critical","freshservice_priority":4}]},"ticketForm":{"subject":"Test ticket","planned_start_date":"","planned_end_date":"","planned_effort":"","impacted_locations":"","no_of_customers_impacted":"","unique_code":"","redington_ticket_id":"","description":"sample desc","business_impact":"","workspace_id":2,"status":2,"ticket_type":"","source":"","urgency":"","impact":"","group":"","department":"","category":"","major_incident_type":"","requester":"sivakumar@konnectify.co","requester_email":"","agent":""},"formattedTicketForm":{"subject":{"schema":"Test ticket","type":"string"},"description":{"schema":"sample desc","type":"string"},"workspace_id":{"schema":"2","type":"number"},"status":{"schema":"2","type":"number"},"email":{"schema":"sivakumar@konnectify.co","type":"string"}}},"isLocalAppInstalled":true,"isLocalAppEnabled":true},"superops_production:assetConnector_modules":{"newAssetId":"3020","updateAssetId":"3021","createdAt":1779777832955,"updatedAt":1779777832955},"superops_production:alertConnector_modules":{"alertCreatedConnectorId":"3022","alertResolvedConnectorId":"3023","resolveAlertOnTicketChangeConnectorId":"3024","webhookUrl":"https://skdemo.konnectifyapp.co/webhook/3105","createdAt":1779777837593,"updatedAt":1779777837593}}
2026-05-26 12:52:23.334 +0530 [debug] (data.js) Read {"report_hash":"164b6b376a3cd05500ae5d339dfa82b58fb0cf355e2ffc1a3429433c142392eb","supero_101_101_migrate_oauth_status":true,"supero_101_101_modules":{"supero_101_101_system_settings":{"currentHost":{"endpoint_urls":{"freshservice":"https://sivakumar.freshservice.com"},"subscribed_modules":["service_ticket"],"org_domain":"https://sivakumar-877416007896811476.myfreshworks.com","product_types":{"freshservice":"ITSM"},"itam_version":{"freshservice":"BASIC"}}},"supero_101_101_custom_iparams":{"__meta":{"secure":["app1_apikey"]},"domain":"skdemo","accessToken":"fGOnTMOApoEz3ag9dB3Vg+SvNGA/go4kBkcu5cO1LFw4qv9m7/Fyls3MvX8+dflize0NIWoIpu+7TovEsgSEyM609Uejca+XBNgjqeC0FdPMWKueFE5D47zSmWFwhDZfYveCfiktVWAmY4nrj1L46aV3xeFAaeFUeHFWCa9qGk4w2Zn6+HrgQYOvhHCpzF6bXVa8joFanHQmb01vPaAJpnVdAILZARS7a6k5gYul0a2A9RCDOkGsCZBpQEI85c3ArqKB1PjX7A3UD1a32ITqVWZE4v+4hRWrMt2demOn+EGVI/HllCEZwMi3wd4NkkS77L2fFCp+BdzAV81hybXmtmowJExtUD0I/U+PjK1QZnPxXtTHAVBUk++E+bSLCbQq5X0qthjGRXW03TuEVVllFndmMxsITF87LGyYx/WSZTg=","tenantToken":"eyJhbGciOiJSUzI1NiIsInR5cCI6IkpXVCJ9.eyJleHAiOjE4MjI5Nzc4MzEsImlhdCI6MTc3OTc3NzgzMSwib3JnSWQiOiI2NiIsImV4dGVybmFsVGVuYW50SWQiOiJzaXZhLWl0LXVzIiwiZXh0ZXJuYWxVc2VySWQiOiJEZWZhdWx0IHRlbmFudCB1c2VyIn0.Jkh9zPlKsFfU9PdSoU-OgoJsA3y0DvE4146Z20M3_dwD1u3H-_4AJFdRinB4zRgsAMTh4AOHuVsFNZX3rFat9J_hAO6WRiD_opNWAbP_tY2oiPp_o-PFsoqx9rs-qKV65-3maVGoKr41X5tjOLUHjwFevoLBhxy51LcvZiURDrU25h0BGfxCClEyV3xKVD-9rC3IrVkBVaTpr79vuXpAGx5NNlGbUlHbW1TrDvUuN4p9TRwoQfWEliMHOuZnfo7QXVX_fVad-Soay6QjK8qN-6_W_1WVDognMl7LHwThGUFyu6NwRCt_J3SmAvBFoOvatf61BSLotwWUQlclQTs0gA","tenantId":"781","adminEmail":"sivakumar@konnectify.co","adminPassword":"konnectify","freshserviceAppName":"Freshservice","freshserviceAppId":"freshservice-1.0.0","freshserviceDomain":"sivakumar.freshservice.com","freshserviceApikey":"ZHgKqHflrMs94pFikuiD","freshserviceConnectionId":"3039","freshserviceConnectionName":"Freshservice Connection - 2026-05-26T06:42:45.868Z","superopsAppName":"SuperOps IT","superopsAppId":"superopsit-1.0.0","superopsDomain":"siva-it-us","superopsConnectionId":"3040","superopsApikey":"api-eyJhbGciOiJSUzI1NiJ9.eyJqdGkiOiIxOTg3Mzk1MzkxNzUzMTU0NTYwIiwicmFuZG9taXplciI6Iu-_vUbvv73vv70877-977-9X--_ve-_vSJ9.m6JxYTLA3ETs3HRrRWbRqGTmOirwOtyESdy0shf476qwJJfkcDZIuMn-p1mmrbMjBuaCmBpXRm3illwFqJdN9Aw9kkVnQnMs3IgCNewXDxDqCtf4e3EDWaWNtGs5inDGoLRbsHa68Dp8hV8X1riObW3RpkzgkFeEgKf6EWLT4SatkCgM8JfNF1k2l_rrTwrpoTkC5wYatojeAmWhyrwqbMCWEe_sIuxVbclev5q1VcymcNYC6ylPNYJ3Pa6MR2FzJ1Y8e0hz66hgL_M3hi9mCUI0evv57VRsAD3uSSh06etHS5WqLvmDcKonKj2bXrpM0KQ3fO6lT4YNx_MGepb15g","superopsConnectionName":"Superops Connection - 2026-05-26T06:42:45.868Z","superopsAccountType":"it","superopsRegion":"us","sinceDate":"04-05-2026","isInEditConfig":"","assetMapping":[{"superops_asset_class":{"id":"23","name":"Domain Controller"},"freshservice_asset_type":{"id":"30000367000","name":"Application Gateway"},"field_mappings":[{"superops_field":{"id":"assetId","name":"Asset Id"},"freshservice_field":{"id":"asset_tag","name":"Asset Tag"}},{"superops_field":{"id":"name","name":"Name"},"freshservice_field":{"id":"name","name":"Display Name"}}]}],"siteSeverityMapping":{"siteLocationMapping":[{"superops_site":"6027178066613911552","freshservice_location":30000039635}],"severityPriorityMapping":[{"superops_severity":"Low","freshservice_priority":1},{"superops_severity":"Critical","freshservice_priority":4}]},"ticketForm":{"subject":"Test ticket","planned_start_date":"","planned_end_date":"","planned_effort":"","impacted_locations":"","no_of_customers_impacted":"","unique_code":"","redington_ticket_id":"","description":"sample desc","business_impact":"","workspace_id":2,"status":2,"ticket_type":"","source":"","urgency":"","impact":"","group":"","department":"","category":"","major_incident_type":"","requester":"sivakumar@konnectify.co","requester_email":"","agent":""},"formattedTicketForm":{"subject":{"schema":"Test ticket","type":"string"},"description":{"schema":"sample desc","type":"string"},"workspace_id":{"schema":"2","type":"number"},"status":{"schema":"2","type":"number"},"email":{"schema":"sivakumar@konnectify.co","type":"string"}}},"isLocalAppInstalled":true,"isLocalAppEnabled":true},"superops_production:assetConnector_modules":{"newAssetId":"3020","updateAssetId":"3021","createdAt":1779777832955,"updatedAt":1779777832955},"superops_production:alertConnector_modules":{"alertCreatedConnectorId":"3022","alertResolvedConnectorId":"3023","resolveAlertOnTicketChangeConnectorId":"3024","webhookUrl":"https://skdemo.konnectifyapp.co/webhook/3105","createdAt":1779777837593,"updatedAt":1779777837593}}
2026-05-26 12:52:23.334 +0530 [debug] (data.js) Read {"report_hash":"164b6b376a3cd05500ae5d339dfa82b58fb0cf355e2ffc1a3429433c142392eb","supero_101_101_migrate_oauth_status":true,"supero_101_101_modules":{"supero_101_101_system_settings":{"currentHost":{"endpoint_urls":{"freshservice":"https://sivakumar.freshservice.com"},"subscribed_modules":["service_ticket"],"org_domain":"https://sivakumar-877416007896811476.myfreshworks.com","product_types":{"freshservice":"ITSM"},"itam_version":{"freshservice":"BASIC"}}},"supero_101_101_custom_iparams":{"__meta":{"secure":["app1_apikey"]},"domain":"skdemo","accessToken":"fGOnTMOApoEz3ag9dB3Vg+SvNGA/go4kBkcu5cO1LFw4qv9m7/Fyls3MvX8+dflize0NIWoIpu+7TovEsgSEyM609Uejca+XBNgjqeC0FdPMWKueFE5D47zSmWFwhDZfYveCfiktVWAmY4nrj1L46aV3xeFAaeFUeHFWCa9qGk4w2Zn6+HrgQYOvhHCpzF6bXVa8joFanHQmb01vPaAJpnVdAILZARS7a6k5gYul0a2A9RCDOkGsCZBpQEI85c3ArqKB1PjX7A3UD1a32ITqVWZE4v+4hRWrMt2demOn+EGVI/HllCEZwMi3wd4NkkS77L2fFCp+BdzAV81hybXmtmowJExtUD0I/U+PjK1QZnPxXtTHAVBUk++E+bSLCbQq5X0qthjGRXW03TuEVVllFndmMxsITF87LGyYx/WSZTg=","tenantToken":"eyJhbGciOiJSUzI1NiIsInR5cCI6IkpXVCJ9.eyJleHAiOjE4MjI5Nzc4MzEsImlhdCI6MTc3OTc3NzgzMSwib3JnSWQiOiI2NiIsImV4dGVybmFsVGVuYW50SWQiOiJzaXZhLWl0LXVzIiwiZXh0ZXJuYWxVc2VySWQiOiJEZWZhdWx0IHRlbmFudCB1c2VyIn0.Jkh9zPlKsFfU9PdSoU-OgoJsA3y0DvE4146Z20M3_dwD1u3H-_4AJFdRinB4zRgsAMTh4AOHuVsFNZX3rFat9J_hAO6WRiD_opNWAbP_tY2oiPp_o-PFsoqx9rs-qKV65-3maVGoKr41X5tjOLUHjwFevoLBhxy51LcvZiURDrU25h0BGfxCClEyV3xKVD-9rC3IrVkBVaTpr79vuXpAGx5NNlGbUlHbW1TrDvUuN4p9TRwoQfWEliMHOuZnfo7QXVX_fVad-Soay6QjK8qN-6_W_1WVDognMl7LHwThGUFyu6NwRCt_J3SmAvBFoOvatf61BSLotwWUQlclQTs0gA","tenantId":"781","adminEmail":"sivakumar@konnectify.co","adminPassword":"konnectify","freshserviceAppName":"Freshservice","freshserviceAppId":"freshservice-1.0.0","freshserviceDomain":"sivakumar.freshservice.com","freshserviceApikey":"ZHgKqHflrMs94pFikuiD","freshserviceConnectionId":"3039","freshserviceConnectionName":"Freshservice Connection - 2026-05-26T06:42:45.868Z","superopsAppName":"SuperOps IT","superopsAppId":"superopsit-1.0.0","superopsDomain":"siva-it-us","superopsConnectionId":"3040","superopsApikey":"api-eyJhbGciOiJSUzI1NiJ9.eyJqdGkiOiIxOTg3Mzk1MzkxNzUzMTU0NTYwIiwicmFuZG9taXplciI6Iu-_vUbvv73vv70877-977-9X--_ve-_vSJ9.m6JxYTLA3ETs3HRrRWbRqGTmOirwOtyESdy0shf476qwJJfkcDZIuMn-p1mmrbMjBuaCmBpXRm3illwFqJdN9Aw9kkVnQnMs3IgCNewXDxDqCtf4e3EDWaWNtGs5inDGoLRbsHa68Dp8hV8X1riObW3RpkzgkFeEgKf6EWLT4SatkCgM8JfNF1k2l_rrTwrpoTkC5wYatojeAmWhyrwqbMCWEe_sIuxVbclev5q1VcymcNYC6ylPNYJ3Pa6MR2FzJ1Y8e0hz66hgL_M3hi9mCUI0evv57VRsAD3uSSh06etHS5WqLvmDcKonKj2bXrpM0KQ3fO6lT4YNx_MGepb15g","superopsConnectionName":"Superops Connection - 2026-05-26T06:42:45.868Z","superopsAccountType":"it","superopsRegion":"us","sinceDate":"04-05-2026","isInEditConfig":"","assetMapping":[{"superops_asset_class":{"id":"23","name":"Domain Controller"},"freshservice_asset_type":{"id":"30000367000","name":"Application Gateway"},"field_mappings":[{"superops_field":{"id":"assetId","name":"Asset Id"},"freshservice_field":{"id":"asset_tag","name":"Asset Tag"}},{"superops_field":{"id":"name","name":"Name"},"freshservice_field":{"id":"name","name":"Display Name"}}]}],"siteSeverityMapping":{"siteLocationMapping":[{"superops_site":"6027178066613911552","freshservice_location":30000039635}],"severityPriorityMapping":[{"superops_severity":"Low","freshservice_priority":1},{"superops_severity":"Critical","freshservice_priority":4}]},"ticketForm":{"subject":"Test ticket","planned_start_date":"","planned_end_date":"","planned_effort":"","impacted_locations":"","no_of_customers_impacted":"","unique_code":"","redington_ticket_id":"","description":"sample desc","business_impact":"","workspace_id":2,"status":2,"ticket_type":"","source":"","urgency":"","impact":"","group":"","department":"","category":"","major_incident_type":"","requester":"sivakumar@konnectify.co","requester_email":"","agent":""},"formattedTicketForm":{"subject":{"schema":"Test ticket","type":"string"},"description":{"schema":"sample desc","type":"string"},"workspace_id":{"schema":"2","type":"number"},"status":{"schema":"2","type":"number"},"email":{"schema":"sivakumar@konnectify.co","type":"string"}}},"isLocalAppInstalled":true,"isLocalAppEnabled":true},"superops_production:assetConnector_modules":{"newAssetId":"3020","updateAssetId":"3021","createdAt":1779777832955,"updatedAt":1779777832955},"superops_production:alertConnector_modules":{"alertCreatedConnectorId":"3022","alertResolvedConnectorId":"3023","resolveAlertOnTicketChangeConnectorId":"3024","webhookUrl":"https://skdemo.konnectifyapp.co/webhook/3105","createdAt":1779777837593,"updatedAt":1779777837593}}
2026-05-26 12:52:23.334 +0530 [debug] (oauth.js) Fetching oauth configs of product : modules
2026-05-26 12:52:23.335 +0530 [debug] (data.js) Read {"report_hash":"164b6b376a3cd05500ae5d339dfa82b58fb0cf355e2ffc1a3429433c142392eb","supero_101_101_migrate_oauth_status":true,"supero_101_101_modules":{"supero_101_101_system_settings":{"currentHost":{"endpoint_urls":{"freshservice":"https://sivakumar.freshservice.com"},"subscribed_modules":["service_ticket"],"org_domain":"https://sivakumar-877416007896811476.myfreshworks.com","product_types":{"freshservice":"ITSM"},"itam_version":{"freshservice":"BASIC"}}},"supero_101_101_custom_iparams":{"__meta":{"secure":["app1_apikey"]},"domain":"skdemo","accessToken":"fGOnTMOApoEz3ag9dB3Vg+SvNGA/go4kBkcu5cO1LFw4qv9m7/Fyls3MvX8+dflize0NIWoIpu+7TovEsgSEyM609Uejca+XBNgjqeC0FdPMWKueFE5D47zSmWFwhDZfYveCfiktVWAmY4nrj1L46aV3xeFAaeFUeHFWCa9qGk4w2Zn6+HrgQYOvhHCpzF6bXVa8joFanHQmb01vPaAJpnVdAILZARS7a6k5gYul0a2A9RCDOkGsCZBpQEI85c3ArqKB1PjX7A3UD1a32ITqVWZE4v+4hRWrMt2demOn+EGVI/HllCEZwMi3wd4NkkS77L2fFCp+BdzAV81hybXmtmowJExtUD0I/U+PjK1QZnPxXtTHAVBUk++E+bSLCbQq5X0qthjGRXW03TuEVVllFndmMxsITF87LGyYx/WSZTg=","tenantToken":"eyJhbGciOiJSUzI1NiIsInR5cCI6IkpXVCJ9.eyJleHAiOjE4MjI5Nzc4MzEsImlhdCI6MTc3OTc3NzgzMSwib3JnSWQiOiI2NiIsImV4dGVybmFsVGVuYW50SWQiOiJzaXZhLWl0LXVzIiwiZXh0ZXJuYWxVc2VySWQiOiJEZWZhdWx0IHRlbmFudCB1c2VyIn0.Jkh9zPlKsFfU9PdSoU-OgoJsA3y0DvE4146Z20M3_dwD1u3H-_4AJFdRinB4zRgsAMTh4AOHuVsFNZX3rFat9J_hAO6WRiD_opNWAbP_tY2oiPp_o-PFsoqx9rs-qKV65-3maVGoKr41X5tjOLUHjwFevoLBhxy51LcvZiURDrU25h0BGfxCClEyV3xKVD-9rC3IrVkBVaTpr79vuXpAGx5NNlGbUlHbW1TrDvUuN4p9TRwoQfWEliMHOuZnfo7QXVX_fVad-Soay6QjK8qN-6_W_1WVDognMl7LHwThGUFyu6NwRCt_J3SmAvBFoOvatf61BSLotwWUQlclQTs0gA","tenantId":"781","adminEmail":"sivakumar@konnectify.co","adminPassword":"konnectify","freshserviceAppName":"Freshservice","freshserviceAppId":"freshservice-1.0.0","freshserviceDomain":"sivakumar.freshservice.com","freshserviceApikey":"ZHgKqHflrMs94pFikuiD","freshserviceConnectionId":"3039","freshserviceConnectionName":"Freshservice Connection - 2026-05-26T06:42:45.868Z","superopsAppName":"SuperOps IT","superopsAppId":"superopsit-1.0.0","superopsDomain":"siva-it-us","superopsConnectionId":"3040","superopsApikey":"api-eyJhbGciOiJSUzI1NiJ9.eyJqdGkiOiIxOTg3Mzk1MzkxNzUzMTU0NTYwIiwicmFuZG9taXplciI6Iu-_vUbvv73vv70877-977-9X--_ve-_vSJ9.m6JxYTLA3ETs3HRrRWbRqGTmOirwOtyESdy0shf476qwJJfkcDZIuMn-p1mmrbMjBuaCmBpXRm3illwFqJdN9Aw9kkVnQnMs3IgCNewXDxDqCtf4e3EDWaWNtGs5inDGoLRbsHa68Dp8hV8X1riObW3RpkzgkFeEgKf6EWLT4SatkCgM8JfNF1k2l_rrTwrpoTkC5wYatojeAmWhyrwqbMCWEe_sIuxVbclev5q1VcymcNYC6ylPNYJ3Pa6MR2FzJ1Y8e0hz66hgL_M3hi9mCUI0evv57VRsAD3uSSh06etHS5WqLvmDcKonKj2bXrpM0KQ3fO6lT4YNx_MGepb15g","superopsConnectionName":"Superops Connection - 2026-05-26T06:42:45.868Z","superopsAccountType":"it","superopsRegion":"us","sinceDate":"04-05-2026","isInEditConfig":"","assetMapping":[{"superops_asset_class":{"id":"23","name":"Domain Controller"},"freshservice_asset_type":{"id":"30000367000","name":"Application Gateway"},"field_mappings":[{"superops_field":{"id":"assetId","name":"Asset Id"},"freshservice_field":{"id":"asset_tag","name":"Asset Tag"}},{"superops_field":{"id":"name","name":"Name"},"freshservice_field":{"id":"name","name":"Display Name"}}]}],"siteSeverityMapping":{"siteLocationMapping":[{"superops_site":"6027178066613911552","freshservice_location":30000039635}],"severityPriorityMapping":[{"superops_severity":"Low","freshservice_priority":1},{"superops_severity":"Critical","freshservice_priority":4}]},"ticketForm":{"subject":"Test ticket","planned_start_date":"","planned_end_date":"","planned_effort":"","impacted_locations":"","no_of_customers_impacted":"","unique_code":"","redington_ticket_id":"","description":"sample desc","business_impact":"","workspace_id":2,"status":2,"ticket_type":"","source":"","urgency":"","impact":"","group":"","department":"","category":"","major_incident_type":"","requester":"sivakumar@konnectify.co","requester_email":"","agent":""},"formattedTicketForm":{"subject":{"schema":"Test ticket","type":"string"},"description":{"schema":"sample desc","type":"string"},"workspace_id":{"schema":"2","type":"number"},"status":{"schema":"2","type":"number"},"email":{"schema":"sivakumar@konnectify.co","type":"string"}}},"isLocalAppInstalled":true,"isLocalAppEnabled":true},"superops_production:assetConnector_modules":{"newAssetId":"3020","updateAssetId":"3021","createdAt":1779777832955,"updatedAt":1779777832955},"superops_production:alertConnector_modules":{"alertCreatedConnectorId":"3022","alertResolvedConnectorId":"3023","resolveAlertOnTicketChangeConnectorId":"3024","webhookUrl":"https://skdemo.konnectifyapp.co/webhook/3105","createdAt":1779777837593,"updatedAt":1779777837593}}
2026-05-26 12:52:23.335 +0530 [debug] (data.js) Read {"report_hash":"164b6b376a3cd05500ae5d339dfa82b58fb0cf355e2ffc1a3429433c142392eb","supero_101_101_migrate_oauth_status":true,"supero_101_101_modules":{"supero_101_101_system_settings":{"currentHost":{"endpoint_urls":{"freshservice":"https://sivakumar.freshservice.com"},"subscribed_modules":["service_ticket"],"org_domain":"https://sivakumar-877416007896811476.myfreshworks.com","product_types":{"freshservice":"ITSM"},"itam_version":{"freshservice":"BASIC"}}},"supero_101_101_custom_iparams":{"__meta":{"secure":["app1_apikey"]},"domain":"skdemo","accessToken":"fGOnTMOApoEz3ag9dB3Vg+SvNGA/go4kBkcu5cO1LFw4qv9m7/Fyls3MvX8+dflize0NIWoIpu+7TovEsgSEyM609Uejca+XBNgjqeC0FdPMWKueFE5D47zSmWFwhDZfYveCfiktVWAmY4nrj1L46aV3xeFAaeFUeHFWCa9qGk4w2Zn6+HrgQYOvhHCpzF6bXVa8joFanHQmb01vPaAJpnVdAILZARS7a6k5gYul0a2A9RCDOkGsCZBpQEI85c3ArqKB1PjX7A3UD1a32ITqVWZE4v+4hRWrMt2demOn+EGVI/HllCEZwMi3wd4NkkS77L2fFCp+BdzAV81hybXmtmowJExtUD0I/U+PjK1QZnPxXtTHAVBUk++E+bSLCbQq5X0qthjGRXW03TuEVVllFndmMxsITF87LGyYx/WSZTg=","tenantToken":"eyJhbGciOiJSUzI1NiIsInR5cCI6IkpXVCJ9.eyJleHAiOjE4MjI5Nzc4MzEsImlhdCI6MTc3OTc3NzgzMSwib3JnSWQiOiI2NiIsImV4dGVybmFsVGVuYW50SWQiOiJzaXZhLWl0LXVzIiwiZXh0ZXJuYWxVc2VySWQiOiJEZWZhdWx0IHRlbmFudCB1c2VyIn0.Jkh9zPlKsFfU9PdSoU-OgoJsA3y0DvE4146Z20M3_dwD1u3H-_4AJFdRinB4zRgsAMTh4AOHuVsFNZX3rFat9J_hAO6WRiD_opNWAbP_tY2oiPp_o-PFsoqx9rs-qKV65-3maVGoKr41X5tjOLUHjwFevoLBhxy51LcvZiURDrU25h0BGfxCClEyV3xKVD-9rC3IrVkBVaTpr79vuXpAGx5NNlGbUlHbW1TrDvUuN4p9TRwoQfWEliMHOuZnfo7QXVX_fVad-Soay6QjK8qN-6_W_1WVDognMl7LHwThGUFyu6NwRCt_J3SmAvBFoOvatf61BSLotwWUQlclQTs0gA","tenantId":"781","adminEmail":"sivakumar@konnectify.co","adminPassword":"konnectify","freshserviceAppName":"Freshservice","freshserviceAppId":"freshservice-1.0.0","freshserviceDomain":"sivakumar.freshservice.com","freshserviceApikey":"ZHgKqHflrMs94pFikuiD","freshserviceConnectionId":"3039","freshserviceConnectionName":"Freshservice Connection - 2026-05-26T06:42:45.868Z","superopsAppName":"SuperOps IT","superopsAppId":"superopsit-1.0.0","superopsDomain":"siva-it-us","superopsConnectionId":"3040","superopsApikey":"api-eyJhbGciOiJSUzI1NiJ9.eyJqdGkiOiIxOTg3Mzk1MzkxNzUzMTU0NTYwIiwicmFuZG9taXplciI6Iu-_vUbvv73vv70877-977-9X--_ve-_vSJ9.m6JxYTLA3ETs3HRrRWbRqGTmOirwOtyESdy0shf476qwJJfkcDZIuMn-p1mmrbMjBuaCmBpXRm3illwFqJdN9Aw9kkVnQnMs3IgCNewXDxDqCtf4e3EDWaWNtGs5inDGoLRbsHa68Dp8hV8X1riObW3RpkzgkFeEgKf6EWLT4SatkCgM8JfNF1k2l_rrTwrpoTkC5wYatojeAmWhyrwqbMCWEe_sIuxVbclev5q1VcymcNYC6ylPNYJ3Pa6MR2FzJ1Y8e0hz66hgL_M3hi9mCUI0evv57VRsAD3uSSh06etHS5WqLvmDcKonKj2bXrpM0KQ3fO6lT4YNx_MGepb15g","superopsConnectionName":"Superops Connection - 2026-05-26T06:42:45.868Z","superopsAccountType":"it","superopsRegion":"us","sinceDate":"04-05-2026","isInEditConfig":"","assetMapping":[{"superops_asset_class":{"id":"23","name":"Domain Controller"},"freshservice_asset_type":{"id":"30000367000","name":"Application Gateway"},"field_mappings":[{"superops_field":{"id":"assetId","name":"Asset Id"},"freshservice_field":{"id":"asset_tag","name":"Asset Tag"}},{"superops_field":{"id":"name","name":"Name"},"freshservice_field":{"id":"name","name":"Display Name"}}]}],"siteSeverityMapping":{"siteLocationMapping":[{"superops_site":"6027178066613911552","freshservice_location":30000039635}],"severityPriorityMapping":[{"superops_severity":"Low","freshservice_priority":1},{"superops_severity":"Critical","freshservice_priority":4}]},"ticketForm":{"subject":"Test ticket","planned_start_date":"","planned_end_date":"","planned_effort":"","impacted_locations":"","no_of_customers_impacted":"","unique_code":"","redington_ticket_id":"","description":"sample desc","business_impact":"","workspace_id":2,"status":2,"ticket_type":"","source":"","urgency":"","impact":"","group":"","department":"","category":"","major_incident_type":"","requester":"sivakumar@konnectify.co","requester_email":"","agent":""},"formattedTicketForm":{"subject":{"schema":"Test ticket","type":"string"},"description":{"schema":"sample desc","type":"string"},"workspace_id":{"schema":"2","type":"number"},"status":{"schema":"2","type":"number"},"email":{"schema":"sivakumar@konnectify.co","type":"string"}}},"isLocalAppInstalled":true,"isLocalAppEnabled":true},"superops_production:assetConnector_modules":{"newAssetId":"3020","updateAssetId":"3021","createdAt":1779777832955,"updatedAt":1779777832955},"superops_production:alertConnector_modules":{"alertCreatedConnectorId":"3022","alertResolvedConnectorId":"3023","resolveAlertOnTicketChangeConnectorId":"3024","webhookUrl":"https://skdemo.konnectifyapp.co/webhook/3105","createdAt":1779777837593,"updatedAt":1779777837593}}
2026-05-26 12:52:23.335 +0530 [debug] (data.js) Read {"report_hash":"164b6b376a3cd05500ae5d339dfa82b58fb0cf355e2ffc1a3429433c142392eb","supero_101_101_migrate_oauth_status":true,"supero_101_101_modules":{"supero_101_101_system_settings":{"currentHost":{"endpoint_urls":{"freshservice":"https://sivakumar.freshservice.com"},"subscribed_modules":["service_ticket"],"org_domain":"https://sivakumar-877416007896811476.myfreshworks.com","product_types":{"freshservice":"ITSM"},"itam_version":{"freshservice":"BASIC"}}},"supero_101_101_custom_iparams":{"__meta":{"secure":["app1_apikey"]},"domain":"skdemo","accessToken":"fGOnTMOApoEz3ag9dB3Vg+SvNGA/go4kBkcu5cO1LFw4qv9m7/Fyls3MvX8+dflize0NIWoIpu+7TovEsgSEyM609Uejca+XBNgjqeC0FdPMWKueFE5D47zSmWFwhDZfYveCfiktVWAmY4nrj1L46aV3xeFAaeFUeHFWCa9qGk4w2Zn6+HrgQYOvhHCpzF6bXVa8joFanHQmb01vPaAJpnVdAILZARS7a6k5gYul0a2A9RCDOkGsCZBpQEI85c3ArqKB1PjX7A3UD1a32ITqVWZE4v+4hRWrMt2demOn+EGVI/HllCEZwMi3wd4NkkS77L2fFCp+BdzAV81hybXmtmowJExtUD0I/U+PjK1QZnPxXtTHAVBUk++E+bSLCbQq5X0qthjGRXW03TuEVVllFndmMxsITF87LGyYx/WSZTg=","tenantToken":"eyJhbGciOiJSUzI1NiIsInR5cCI6IkpXVCJ9.eyJleHAiOjE4MjI5Nzc4MzEsImlhdCI6MTc3OTc3NzgzMSwib3JnSWQiOiI2NiIsImV4dGVybmFsVGVuYW50SWQiOiJzaXZhLWl0LXVzIiwiZXh0ZXJuYWxVc2VySWQiOiJEZWZhdWx0IHRlbmFudCB1c2VyIn0.Jkh9zPlKsFfU9PdSoU-OgoJsA3y0DvE4146Z20M3_dwD1u3H-_4AJFdRinB4zRgsAMTh4AOHuVsFNZX3rFat9J_hAO6WRiD_opNWAbP_tY2oiPp_o-PFsoqx9rs-qKV65-3maVGoKr41X5tjOLUHjwFevoLBhxy51LcvZiURDrU25h0BGfxCClEyV3xKVD-9rC3IrVkBVaTpr79vuXpAGx5NNlGbUlHbW1TrDvUuN4p9TRwoQfWEliMHOuZnfo7QXVX_fVad-Soay6QjK8qN-6_W_1WVDognMl7LHwThGUFyu6NwRCt_J3SmAvBFoOvatf61BSLotwWUQlclQTs0gA","tenantId":"781","adminEmail":"sivakumar@konnectify.co","adminPassword":"konnectify","freshserviceAppName":"Freshservice","freshserviceAppId":"freshservice-1.0.0","freshserviceDomain":"sivakumar.freshservice.com","freshserviceApikey":"ZHgKqHflrMs94pFikuiD","freshserviceConnectionId":"3039","freshserviceConnectionName":"Freshservice Connection - 2026-05-26T06:42:45.868Z","superopsAppName":"SuperOps IT","superopsAppId":"superopsit-1.0.0","superopsDomain":"siva-it-us","superopsConnectionId":"3040","superopsApikey":"api-eyJhbGciOiJSUzI1NiJ9.eyJqdGkiOiIxOTg3Mzk1MzkxNzUzMTU0NTYwIiwicmFuZG9taXplciI6Iu-_vUbvv73vv70877-977-9X--_ve-_vSJ9.m6JxYTLA3ETs3HRrRWbRqGTmOirwOtyESdy0shf476qwJJfkcDZIuMn-p1mmrbMjBuaCmBpXRm3illwFqJdN9Aw9kkVnQnMs3IgCNewXDxDqCtf4e3EDWaWNtGs5inDGoLRbsHa68Dp8hV8X1riObW3RpkzgkFeEgKf6EWLT4SatkCgM8JfNF1k2l_rrTwrpoTkC5wYatojeAmWhyrwqbMCWEe_sIuxVbclev5q1VcymcNYC6ylPNYJ3Pa6MR2FzJ1Y8e0hz66hgL_M3hi9mCUI0evv57VRsAD3uSSh06etHS5WqLvmDcKonKj2bXrpM0KQ3fO6lT4YNx_MGepb15g","superopsConnectionName":"Superops Connection - 2026-05-26T06:42:45.868Z","superopsAccountType":"it","superopsRegion":"us","sinceDate":"04-05-2026","isInEditConfig":"","assetMapping":[{"superops_asset_class":{"id":"23","name":"Domain Controller"},"freshservice_asset_type":{"id":"30000367000","name":"Application Gateway"},"field_mappings":[{"superops_field":{"id":"assetId","name":"Asset Id"},"freshservice_field":{"id":"asset_tag","name":"Asset Tag"}},{"superops_field":{"id":"name","name":"Name"},"freshservice_field":{"id":"name","name":"Display Name"}}]}],"siteSeverityMapping":{"siteLocationMapping":[{"superops_site":"6027178066613911552","freshservice_location":30000039635}],"severityPriorityMapping":[{"superops_severity":"Low","freshservice_priority":1},{"superops_severity":"Critical","freshservice_priority":4}]},"ticketForm":{"subject":"Test ticket","planned_start_date":"","planned_end_date":"","planned_effort":"","impacted_locations":"","no_of_customers_impacted":"","unique_code":"","redington_ticket_id":"","description":"sample desc","business_impact":"","workspace_id":2,"status":2,"ticket_type":"","source":"","urgency":"","impact":"","group":"","department":"","category":"","major_incident_type":"","requester":"sivakumar@konnectify.co","requester_email":"","agent":""},"formattedTicketForm":{"subject":{"schema":"Test ticket","type":"string"},"description":{"schema":"sample desc","type":"string"},"workspace_id":{"schema":"2","type":"number"},"status":{"schema":"2","type":"number"},"email":{"schema":"sivakumar@konnectify.co","type":"string"}}},"isLocalAppInstalled":true,"isLocalAppEnabled":true},"superops_production:assetConnector_modules":{"newAssetId":"3020","updateAssetId":"3021","createdAt":1779777832955,"updatedAt":1779777832955},"superops_production:alertConnector_modules":{"alertCreatedConnectorId":"3022","alertResolvedConnectorId":"3023","resolveAlertOnTicketChangeConnectorId":"3024","webhookUrl":"https://skdemo.konnectifyapp.co/webhook/3105","createdAt":1779777837593,"updatedAt":1779777837593}}
2026-05-26 12:52:23.335 +0530 [debug] (oauth.js) Fetching oauth configs of product : modules
2026-05-26 12:52:23.335 +0530 [debug] (app.js) /app/-1 responding with {"extDetail":{"extension_id":-1,"id":-1,"name":"superops_production","display_name":"superops_production","features":["db","backend"],"subscribed_modules":["service_ticket"],"endpoint_urls":{"freshservice":"https://sivakumar.freshservice.com"},"product_types":{"freshservice":"ITSM"},"currentHost":{"endpoint_urls":{"freshservice":"https://sivakumar.freshservice.com"},"subscribed_modules":["service_ticket"],"product_types":{"freshservice":"ITSM"},"itam_version":{"freshservice":"BASIC"}},"cover_art":{"thumb":"http://localhost:10001/web/assets/images/freshworks_logo.svg","thumb2x":"http://localhost:10001/web/assets/images/freshworks_logo.svg"},"screenshots":[{"large":"https://dej20ntrln9u1.cloudfront.net/images/test_data/791/live_screenshot/large/Screen_Shot_2018_01_24_at_11.03.20_PM.png","large2x":"https://dej20ntrln9u1.cloudfront.net/images/test_data/791/live_screenshot/large2x/Screen_Shot_2018_01_24_at_11.03.20_PM.png"}],"categories":[],"type":6,"install_count":0,"published_at":"Tue May 26 2026 12:52:23 GMT+0530 (India Standard Time)","contact_details":{"support_email":"dummy@heeloc.com","support_url":"http://com.com"},"options":{},"is_local":true,"has_config":true,"configs_url":"http://localhost:10001/custom_configs/form","published_date":"a few moments","platform_details":{"3.1":true},"platform_version":"3.1","version_id":-1,"events":{},"oauth_configs_list":[],"placeholders":{"ticket_sidebar":{"url":"https://dej20ntrln9u1.cloudfront.net/app-assets/test_data/e23f49923ae1f1191bcd/app/template.html","icon_url":"https://dej20ntrln9u1.cloudfront.net/app-assets/test_data/e23f49923ae1f1191bcd/app/icon.svg"}},"app_type":1},"extensionDetail":{"extension_id":-1,"id":-1,"name":"superops_production","display_name":"superops_production","features":["db","backend"],"subscribed_modules":["service_ticket"],"endpoint_urls":{"freshservice":"https://sivakumar.freshservice.com"},"product_types":{"freshservice":"ITSM"},"currentHost":{"endpoint_urls":{"freshservice":"https://sivakumar.freshservice.com"},"subscribed_modules":["service_ticket"],"product_types":{"freshservice":"ITSM"},"itam_version":{"freshservice":"BASIC"}},"cover_art":{"thumb":"http://localhost:10001/web/assets/images/freshworks_logo.svg","thumb2x":"http://localhost:10001/web/assets/images/freshworks_logo.svg"},"screenshots":[{"large":"https://dej20ntrln9u1.cloudfront.net/images/test_data/791/live_screenshot/large/Screen_Shot_2018_01_24_at_11.03.20_PM.png","large2x":"https://dej20ntrln9u1.cloudfront.net/images/test_data/791/live_screenshot/large2x/Screen_Shot_2018_01_24_at_11.03.20_PM.png"}],"categories":[],"type":6,"install_count":0,"published_at":"Tue May 26 2026 12:52:23 GMT+0530 (India Standard Time)","contact_details":{"support_email":"dummy@heeloc.com","support_url":"http://com.com"},"options":{},"is_local":true,"has_config":true,"configs_url":"http://localhost:10001/custom_configs/form","published_date":"a few moments","platform_details":{"3.1":true},"platform_version":"3.1","version_id":-1,"events":{},"oauth_configs_list":[],"placeholders":{"ticket_sidebar":{"url":"https://dej20ntrln9u1.cloudfront.net/app-assets/test_data/e23f49923ae1f1191bcd/app/template.html","icon_url":"https://dej20ntrln9u1.cloudfront.net/app-assets/test_data/e23f49923ae1f1191bcd/app/icon.svg"}},"app_type":1},"installedExtn":{"installed_extension_id":-1,"installed_versions":[-1],"extension_id":-1,"version_id":-1,"installed":true,"enabled":true,"configs":{"domain":"skdemo","accessToken":"fGOnTMOApoEz3ag9dB3Vg+SvNGA/go4kBkcu5cO1LFw4qv9m7/Fyls3MvX8+dflize0NIWoIpu+7TovEsgSEyM609Uejca+XBNgjqeC0FdPMWKueFE5D47zSmWFwhDZfYveCfiktVWAmY4nrj1L46aV3xeFAaeFUeHFWCa9qGk4w2Zn6+HrgQYOvhHCpzF6bXVa8joFanHQmb01vPaAJpnVdAILZARS7a6k5gYul0a2A9RCDOkGsCZBpQEI85c3ArqKB1PjX7A3UD1a32ITqVWZE4v+4hRWrMt2demOn+EGVI/HllCEZwMi3wd4NkkS77L2fFCp+BdzAV81hybXmtmowJExtUD0I/U+PjK1QZnPxXtTHAVBUk++E+bSLCbQq5X0qthjGRXW03TuEVVllFndmMxsITF87LGyYx/WSZTg=","tenantToken":"eyJhbGciOiJSUzI1NiIsInR5cCI6IkpXVCJ9.eyJleHAiOjE4MjI5Nzc4MzEsImlhdCI6MTc3OTc3NzgzMSwib3JnSWQiOiI2NiIsImV4dGVybmFsVGVuYW50SWQiOiJzaXZhLWl0LXVzIiwiZXh0ZXJuYWxVc2VySWQiOiJEZWZhdWx0IHRlbmFudCB1c2VyIn0.Jkh9zPlKsFfU9PdSoU-OgoJsA3y0DvE4146Z20M3_dwD1u3H-_4AJFdRinB4zRgsAMTh4AOHuVsFNZX3rFat9J_hAO6WRiD_opNWAbP_tY2oiPp_o-PFsoqx9rs-qKV65-3maVGoKr41X5tjOLUHjwFevoLBhxy51LcvZiURDrU25h0BGfxCClEyV3xKVD-9rC3IrVkBVaTpr79vuXpAGx5NNlGbUlHbW1TrDvUuN4p9TRwoQfWEliMHOuZnfo7QXVX_fVad-Soay6QjK8qN-6_W_1WVDognMl7LHwThGUFyu6NwRCt_J3SmAvBFoOvatf61BSLotwWUQlclQTs0gA","tenantId":"781","adminEmail":"sivakumar@konnectify.co","adminPassword":"konnectify","freshserviceAppName":"Freshservice","freshserviceAppId":"freshservice-1.0.0","freshserviceDomain":"sivakumar.freshservice.com","freshserviceApikey":"ZHgKqHflrMs94pFikuiD","freshserviceConnectionId":"3039","freshserviceConnectionName":"Freshservice Connection - 2026-05-26T06:42:45.868Z","superopsAppName":"SuperOps IT","superopsAppId":"superopsit-1.0.0","superopsDomain":"siva-it-us","superopsConnectionId":"3040","superopsApikey":"api-eyJhbGciOiJSUzI1NiJ9.eyJqdGkiOiIxOTg3Mzk1MzkxNzUzMTU0NTYwIiwicmFuZG9taXplciI6Iu-_vUbvv73vv70877-977-9X--_ve-_vSJ9.m6JxYTLA3ETs3HRrRWbRqGTmOirwOtyESdy0shf476qwJJfkcDZIuMn-p1mmrbMjBuaCmBpXRm3illwFqJdN9Aw9kkVnQnMs3IgCNewXDxDqCtf4e3EDWaWNtGs5inDGoLRbsHa68Dp8hV8X1riObW3RpkzgkFeEgKf6EWLT4SatkCgM8JfNF1k2l_rrTwrpoTkC5wYatojeAmWhyrwqbMCWEe_sIuxVbclev5q1VcymcNYC6ylPNYJ3Pa6MR2FzJ1Y8e0hz66hgL_M3hi9mCUI0evv57VRsAD3uSSh06etHS5WqLvmDcKonKj2bXrpM0KQ3fO6lT4YNx_MGepb15g","superopsConnectionName":"Superops Connection - 2026-05-26T06:42:45.868Z","superopsAccountType":"it","superopsRegion":"us","sinceDate":"04-05-2026","isInEditConfig":"","assetMapping":[{"superops_asset_class":{"id":"23","name":"Domain Controller"},"freshservice_asset_type":{"id":"30000367000","name":"Application Gateway"},"field_mappings":[{"superops_field":{"id":"assetId","name":"Asset Id"},"freshservice_field":{"id":"asset_tag","name":"Asset Tag"}},{"superops_field":{"id":"name","name":"Name"},"freshservice_field":{"id":"name","name":"Display Name"}}]}],"siteSeverityMapping":{"siteLocationMapping":[{"superops_site":"6027178066613911552","freshservice_location":30000039635}],"severityPriorityMapping":[{"superops_severity":"Low","freshservice_priority":1},{"superops_severity":"Critical","freshservice_priority":4}]},"ticketForm":{"subject":"Test ticket","planned_start_date":"","planned_end_date":"","planned_effort":"","impacted_locations":"","no_of_customers_impacted":"","unique_code":"","redington_ticket_id":"","description":"sample desc","business_impact":"","workspace_id":2,"status":2,"ticket_type":"","source":"","urgency":"","impact":"","group":"","department":"","category":"","major_incident_type":"","requester":"sivakumar@konnectify.co","requester_email":"","agent":""},"formattedTicketForm":{"subject":{"schema":"Test ticket","type":"string"},"description":{"schema":"sample desc","type":"string"},"workspace_id":{"schema":"2","type":"number"},"status":{"schema":"2","type":"number"},"email":{"schema":"sivakumar@konnectify.co","type":"string"}}},"state":2,"extension_type":6,"oauth_configs_list":[]},"installationInfo":{"installed":true,"previously_installed":false,"installation_scope":"account","installations":[{"installed_extension_id":-1,"extension_id":-1,"version_id":-1,"enabled":true,"configs":{"domain":"skdemo","accessToken":"fGOnTMOApoEz3ag9dB3Vg+SvNGA/go4kBkcu5cO1LFw4qv9m7/Fyls3MvX8+dflize0NIWoIpu+7TovEsgSEyM609Uejca+XBNgjqeC0FdPMWKueFE5D47zSmWFwhDZfYveCfiktVWAmY4nrj1L46aV3xeFAaeFUeHFWCa9qGk4w2Zn6+HrgQYOvhHCpzF6bXVa8joFanHQmb01vPaAJpnVdAILZARS7a6k5gYul0a2A9RCDOkGsCZBpQEI85c3ArqKB1PjX7A3UD1a32ITqVWZE4v+4hRWrMt2demOn+EGVI/HllCEZwMi3wd4NkkS77L2fFCp+BdzAV81hybXmtmowJExtUD0I/U+PjK1QZnPxXtTHAVBUk++E+bSLCbQq5X0qthjGRXW03TuEVVllFndmMxsITF87LGyYx/WSZTg=","tenantToken":"eyJhbGciOiJSUzI1NiIsInR5cCI6IkpXVCJ9.eyJleHAiOjE4MjI5Nzc4MzEsImlhdCI6MTc3OTc3NzgzMSwib3JnSWQiOiI2NiIsImV4dGVybmFsVGVuYW50SWQiOiJzaXZhLWl0LXVzIiwiZXh0ZXJuYWxVc2VySWQiOiJEZWZhdWx0IHRlbmFudCB1c2VyIn0.Jkh9zPlKsFfU9PdSoU-OgoJsA3y0DvE4146Z20M3_dwD1u3H-_4AJFdRinB4zRgsAMTh4AOHuVsFNZX3rFat9J_hAO6WRiD_opNWAbP_tY2oiPp_o-PFsoqx9rs-qKV65-3maVGoKr41X5tjOLUHjwFevoLBhxy51LcvZiURDrU25h0BGfxCClEyV3xKVD-9rC3IrVkBVaTpr79vuXpAGx5NNlGbUlHbW1TrDvUuN4p9TRwoQfWEliMHOuZnfo7QXVX_fVad-Soay6QjK8qN-6_W_1WVDognMl7LHwThGUFyu6NwRCt_J3SmAvBFoOvatf61BSLotwWUQlclQTs0gA","tenantId":"781","adminEmail":"sivakumar@konnectify.co","adminPassword":"konnectify","freshserviceAppName":"Freshservice","freshserviceAppId":"freshservice-1.0.0","freshserviceDomain":"sivakumar.freshservice.com","freshserviceApikey":"ZHgKqHflrMs94pFikuiD","freshserviceConnectionId":"3039","freshserviceConnectionName":"Freshservice Connection - 2026-05-26T06:42:45.868Z","superopsAppName":"SuperOps IT","superopsAppId":"superopsit-1.0.0","superopsDomain":"siva-it-us","superopsConnectionId":"3040","superopsApikey":"api-eyJhbGciOiJSUzI1NiJ9.eyJqdGkiOiIxOTg3Mzk1MzkxNzUzMTU0NTYwIiwicmFuZG9taXplciI6Iu-_vUbvv73vv70877-977-9X--_ve-_vSJ9.m6JxYTLA3ETs3HRrRWbRqGTmOirwOtyESdy0shf476qwJJfkcDZIuMn-p1mmrbMjBuaCmBpXRm3illwFqJdN9Aw9kkVnQnMs3IgCNewXDxDqCtf4e3EDWaWNtGs5inDGoLRbsHa68Dp8hV8X1riObW3RpkzgkFeEgKf6EWLT4SatkCgM8JfNF1k2l_rrTwrpoTkC5wYatojeAmWhyrwqbMCWEe_sIuxVbclev5q1VcymcNYC6ylPNYJ3Pa6MR2FzJ1Y8e0hz66hgL_M3hi9mCUI0evv57VRsAD3uSSh06etHS5WqLvmDcKonKj2bXrpM0KQ3fO6lT4YNx_MGepb15g","superopsConnectionName":"Superops Connection - 2026-05-26T06:42:45.868Z","superopsAccountType":"it","superopsRegion":"us","sinceDate":"04-05-2026","isInEditConfig":"","assetMapping":[{"superops_asset_class":{"id":"23","name":"Domain Controller"},"freshservice_asset_type":{"id":"30000367000","name":"Application Gateway"},"field_mappings":[{"superops_field":{"id":"assetId","name":"Asset Id"},"freshservice_field":{"id":"asset_tag","name":"Asset Tag"}},{"superops_field":{"id":"name","name":"Name"},"freshservice_field":{"id":"name","name":"Display Name"}}]}],"siteSeverityMapping":{"siteLocationMapping":[{"superops_site":"6027178066613911552","freshservice_location":30000039635}],"severityPriorityMapping":[{"superops_severity":"Low","freshservice_priority":1},{"superops_severity":"Critical","freshservice_priority":4}]},"ticketForm":{"subject":"Test ticket","planned_start_date":"","planned_end_date":"","planned_effort":"","impacted_locations":"","no_of_customers_impacted":"","unique_code":"","redington_ticket_id":"","description":"sample desc","business_impact":"","workspace_id":2,"status":2,"ticket_type":"","source":"","urgency":"","impact":"","group":"","department":"","category":"","major_incident_type":"","requester":"sivakumar@konnectify.co","requester_email":"","agent":""},"formattedTicketForm":{"subject":{"schema":"Test ticket","type":"string"},"description":{"schema":"sample desc","type":"string"},"workspace_id":{"schema":"2","type":"number"},"status":{"schema":"2","type":"number"},"email":{"schema":"sivakumar@konnectify.co","type":"string"}}},"state":2,"extension_type":6,"oauth_configs_list":[]}]}}
2026-05-26 12:52:23.422 +0530 [debug] (app.js) Fetching local app configs.
2026-05-26 12:52:23.423 +0530 [debug] (data.js) Read {"report_hash":"164b6b376a3cd05500ae5d339dfa82b58fb0cf355e2ffc1a3429433c142392eb","supero_101_101_migrate_oauth_status":true,"supero_101_101_modules":{"supero_101_101_system_settings":{"currentHost":{"endpoint_urls":{"freshservice":"https://sivakumar.freshservice.com"},"subscribed_modules":["service_ticket"],"org_domain":"https://sivakumar-877416007896811476.myfreshworks.com","product_types":{"freshservice":"ITSM"},"itam_version":{"freshservice":"BASIC"}}},"supero_101_101_custom_iparams":{"__meta":{"secure":["app1_apikey"]},"domain":"skdemo","accessToken":"fGOnTMOApoEz3ag9dB3Vg+SvNGA/go4kBkcu5cO1LFw4qv9m7/Fyls3MvX8+dflize0NIWoIpu+7TovEsgSEyM609Uejca+XBNgjqeC0FdPMWKueFE5D47zSmWFwhDZfYveCfiktVWAmY4nrj1L46aV3xeFAaeFUeHFWCa9qGk4w2Zn6+HrgQYOvhHCpzF6bXVa8joFanHQmb01vPaAJpnVdAILZARS7a6k5gYul0a2A9RCDOkGsCZBpQEI85c3ArqKB1PjX7A3UD1a32ITqVWZE4v+4hRWrMt2demOn+EGVI/HllCEZwMi3wd4NkkS77L2fFCp+BdzAV81hybXmtmowJExtUD0I/U+PjK1QZnPxXtTHAVBUk++E+bSLCbQq5X0qthjGRXW03TuEVVllFndmMxsITF87LGyYx/WSZTg=","tenantToken":"eyJhbGciOiJSUzI1NiIsInR5cCI6IkpXVCJ9.eyJleHAiOjE4MjI5Nzc4MzEsImlhdCI6MTc3OTc3NzgzMSwib3JnSWQiOiI2NiIsImV4dGVybmFsVGVuYW50SWQiOiJzaXZhLWl0LXVzIiwiZXh0ZXJuYWxVc2VySWQiOiJEZWZhdWx0IHRlbmFudCB1c2VyIn0.Jkh9zPlKsFfU9PdSoU-OgoJsA3y0DvE4146Z20M3_dwD1u3H-_4AJFdRinB4zRgsAMTh4AOHuVsFNZX3rFat9J_hAO6WRiD_opNWAbP_tY2oiPp_o-PFsoqx9rs-qKV65-3maVGoKr41X5tjOLUHjwFevoLBhxy51LcvZiURDrU25h0BGfxCClEyV3xKVD-9rC3IrVkBVaTpr79vuXpAGx5NNlGbUlHbW1TrDvUuN4p9TRwoQfWEliMHOuZnfo7QXVX_fVad-Soay6QjK8qN-6_W_1WVDognMl7LHwThGUFyu6NwRCt_J3SmAvBFoOvatf61BSLotwWUQlclQTs0gA","tenantId":"781","adminEmail":"sivakumar@konnectify.co","adminPassword":"konnectify","freshserviceAppName":"Freshservice","freshserviceAppId":"freshservice-1.0.0","freshserviceDomain":"sivakumar.freshservice.com","freshserviceApikey":"ZHgKqHflrMs94pFikuiD","freshserviceConnectionId":"3039","freshserviceConnectionName":"Freshservice Connection - 2026-05-26T06:42:45.868Z","superopsAppName":"SuperOps IT","superopsAppId":"superopsit-1.0.0","superopsDomain":"siva-it-us","superopsConnectionId":"3040","superopsApikey":"api-eyJhbGciOiJSUzI1NiJ9.eyJqdGkiOiIxOTg3Mzk1MzkxNzUzMTU0NTYwIiwicmFuZG9taXplciI6Iu-_vUbvv73vv70877-977-9X--_ve-_vSJ9.m6JxYTLA3ETs3HRrRWbRqGTmOirwOtyESdy0shf476qwJJfkcDZIuMn-p1mmrbMjBuaCmBpXRm3illwFqJdN9Aw9kkVnQnMs3IgCNewXDxDqCtf4e3EDWaWNtGs5inDGoLRbsHa68Dp8hV8X1riObW3RpkzgkFeEgKf6EWLT4SatkCgM8JfNF1k2l_rrTwrpoTkC5wYatojeAmWhyrwqbMCWEe_sIuxVbclev5q1VcymcNYC6ylPNYJ3Pa6MR2FzJ1Y8e0hz66hgL_M3hi9mCUI0evv57VRsAD3uSSh06etHS5WqLvmDcKonKj2bXrpM0KQ3fO6lT4YNx_MGepb15g","superopsConnectionName":"Superops Connection - 2026-05-26T06:42:45.868Z","superopsAccountType":"it","superopsRegion":"us","sinceDate":"04-05-2026","isInEditConfig":"","assetMapping":[{"superops_asset_class":{"id":"23","name":"Domain Controller"},"freshservice_asset_type":{"id":"30000367000","name":"Application Gateway"},"field_mappings":[{"superops_field":{"id":"assetId","name":"Asset Id"},"freshservice_field":{"id":"asset_tag","name":"Asset Tag"}},{"superops_field":{"id":"name","name":"Name"},"freshservice_field":{"id":"name","name":"Display Name"}}]}],"siteSeverityMapping":{"siteLocationMapping":[{"superops_site":"6027178066613911552","freshservice_location":30000039635}],"severityPriorityMapping":[{"superops_severity":"Low","freshservice_priority":1},{"superops_severity":"Critical","freshservice_priority":4}]},"ticketForm":{"subject":"Test ticket","planned_start_date":"","planned_end_date":"","planned_effort":"","impacted_locations":"","no_of_customers_impacted":"","unique_code":"","redington_ticket_id":"","description":"sample desc","business_impact":"","workspace_id":2,"status":2,"ticket_type":"","source":"","urgency":"","impact":"","group":"","department":"","category":"","major_incident_type":"","requester":"sivakumar@konnectify.co","requester_email":"","agent":""},"formattedTicketForm":{"subject":{"schema":"Test ticket","type":"string"},"description":{"schema":"sample desc","type":"string"},"workspace_id":{"schema":"2","type":"number"},"status":{"schema":"2","type":"number"},"email":{"schema":"sivakumar@konnectify.co","type":"string"}}},"isLocalAppInstalled":true,"isLocalAppEnabled":true},"superops_production:assetConnector_modules":{"newAssetId":"3020","updateAssetId":"3021","createdAt":1779777832955,"updatedAt":1779777832955},"superops_production:alertConnector_modules":{"alertCreatedConnectorId":"3022","alertResolvedConnectorId":"3023","resolveAlertOnTicketChangeConnectorId":"3024","webhookUrl":"https://skdemo.konnectifyapp.co/webhook/3105","createdAt":1779777837593,"updatedAt":1779777837593}}
2026-05-26 12:52:24.013 +0530 [debug] (http.js) Failed to parse URL: , error: Invalid URL
2026-05-26 12:52:24.577 +0530 [debug] (data-pipe.js) received call for route "request" with action "execute" and body {"action":"execute","data":{"name":"getAssets","context":{"host":"api.superops.ai","domain":"siva-it-us","token":"api-eyJhbGciOiJSUzI1NiJ9.eyJqdGkiOiIxOTg3Mzk1MzkxNzUzMTU0NTYwIiwicmFuZG9taXplciI6Iu-_vUbvv73vv70877-977-9X--_ve-_vSJ9.m6JxYTLA3ETs3HRrRWbRqGTmOirwOtyESdy0shf476qwJJfkcDZIuMn-p1mmrbMjBuaCmBpXRm3illwFqJdN9Aw9kkVnQnMs3IgCNewXDxDqCtf4e3EDWaWNtGs5inDGoLRbsHa68Dp8hV8X1riObW3RpkzgkFeEgKf6EWLT4SatkCgM8JfNF1k2l_rrTwrpoTkC5wYatojeAmWhyrwqbMCWEe_sIuxVbclev5q1VcymcNYC6ylPNYJ3Pa6MR2FzJ1Y8e0hz66hgL_M3hi9mCUI0evv57VRsAD3uSSh06etHS5WqLvmDcKonKj2bXrpM0KQ3fO6lT4YNx_MGepb15g","path":"/it"},"body":"{\"query\":\"\\n  query getAssetClassListV3($listInfo: ListInfoInput!) {\\n    getAssetClassListV3(listInfo: $listInfo) {\\n      assetClass { classId name }\\n      listInfo { totalCount page pageSize }\\n    }\\n  }\",\"variables\":{\"listInfo\":{\"page\":1,\"pageSize\":100}}}","isInstall":false,"isOAuth":true},"isInstall":false}
2026-05-26 12:52:24.578 +0530 [debug] (data.js) Read {"report_hash":"164b6b376a3cd05500ae5d339dfa82b58fb0cf355e2ffc1a3429433c142392eb","supero_101_101_migrate_oauth_status":true,"supero_101_101_modules":{"supero_101_101_system_settings":{"currentHost":{"endpoint_urls":{"freshservice":"https://sivakumar.freshservice.com"},"subscribed_modules":["service_ticket"],"org_domain":"https://sivakumar-877416007896811476.myfreshworks.com","product_types":{"freshservice":"ITSM"},"itam_version":{"freshservice":"BASIC"}}},"supero_101_101_custom_iparams":{"__meta":{"secure":["app1_apikey"]},"domain":"skdemo","accessToken":"fGOnTMOApoEz3ag9dB3Vg+SvNGA/go4kBkcu5cO1LFw4qv9m7/Fyls3MvX8+dflize0NIWoIpu+7TovEsgSEyM609Uejca+XBNgjqeC0FdPMWKueFE5D47zSmWFwhDZfYveCfiktVWAmY4nrj1L46aV3xeFAaeFUeHFWCa9qGk4w2Zn6+HrgQYOvhHCpzF6bXVa8joFanHQmb01vPaAJpnVdAILZARS7a6k5gYul0a2A9RCDOkGsCZBpQEI85c3ArqKB1PjX7A3UD1a32ITqVWZE4v+4hRWrMt2demOn+EGVI/HllCEZwMi3wd4NkkS77L2fFCp+BdzAV81hybXmtmowJExtUD0I/U+PjK1QZnPxXtTHAVBUk++E+bSLCbQq5X0qthjGRXW03TuEVVllFndmMxsITF87LGyYx/WSZTg=","tenantToken":"eyJhbGciOiJSUzI1NiIsInR5cCI6IkpXVCJ9.eyJleHAiOjE4MjI5Nzc4MzEsImlhdCI6MTc3OTc3NzgzMSwib3JnSWQiOiI2NiIsImV4dGVybmFsVGVuYW50SWQiOiJzaXZhLWl0LXVzIiwiZXh0ZXJuYWxVc2VySWQiOiJEZWZhdWx0IHRlbmFudCB1c2VyIn0.Jkh9zPlKsFfU9PdSoU-OgoJsA3y0DvE4146Z20M3_dwD1u3H-_4AJFdRinB4zRgsAMTh4AOHuVsFNZX3rFat9J_hAO6WRiD_opNWAbP_tY2oiPp_o-PFsoqx9rs-qKV65-3maVGoKr41X5tjOLUHjwFevoLBhxy51LcvZiURDrU25h0BGfxCClEyV3xKVD-9rC3IrVkBVaTpr79vuXpAGx5NNlGbUlHbW1TrDvUuN4p9TRwoQfWEliMHOuZnfo7QXVX_fVad-Soay6QjK8qN-6_W_1WVDognMl7LHwThGUFyu6NwRCt_J3SmAvBFoOvatf61BSLotwWUQlclQTs0gA","tenantId":"781","adminEmail":"sivakumar@konnectify.co","adminPassword":"konnectify","freshserviceAppName":"Freshservice","freshserviceAppId":"freshservice-1.0.0","freshserviceDomain":"sivakumar.freshservice.com","freshserviceApikey":"ZHgKqHflrMs94pFikuiD","freshserviceConnectionId":"3039","freshserviceConnectionName":"Freshservice Connection - 2026-05-26T06:42:45.868Z","superopsAppName":"SuperOps IT","superopsAppId":"superopsit-1.0.0","superopsDomain":"siva-it-us","superopsConnectionId":"3040","superopsApikey":"api-eyJhbGciOiJSUzI1NiJ9.eyJqdGkiOiIxOTg3Mzk1MzkxNzUzMTU0NTYwIiwicmFuZG9taXplciI6Iu-_vUbvv73vv70877-977-9X--_ve-_vSJ9.m6JxYTLA3ETs3HRrRWbRqGTmOirwOtyESdy0shf476qwJJfkcDZIuMn-p1mmrbMjBuaCmBpXRm3illwFqJdN9Aw9kkVnQnMs3IgCNewXDxDqCtf4e3EDWaWNtGs5inDGoLRbsHa68Dp8hV8X1riObW3RpkzgkFeEgKf6EWLT4SatkCgM8JfNF1k2l_rrTwrpoTkC5wYatojeAmWhyrwqbMCWEe_sIuxVbclev5q1VcymcNYC6ylPNYJ3Pa6MR2FzJ1Y8e0hz66hgL_M3hi9mCUI0evv57VRsAD3uSSh06etHS5WqLvmDcKonKj2bXrpM0KQ3fO6lT4YNx_MGepb15g","superopsConnectionName":"Superops Connection - 2026-05-26T06:42:45.868Z","superopsAccountType":"it","superopsRegion":"us","sinceDate":"04-05-2026","isInEditConfig":"","assetMapping":[{"superops_asset_class":{"id":"23","name":"Domain Controller"},"freshservice_asset_type":{"id":"30000367000","name":"Application Gateway"},"field_mappings":[{"superops_field":{"id":"assetId","name":"Asset Id"},"freshservice_field":{"id":"asset_tag","name":"Asset Tag"}},{"superops_field":{"id":"name","name":"Name"},"freshservice_field":{"id":"name","name":"Display Name"}}]}],"siteSeverityMapping":{"siteLocationMapping":[{"superops_site":"6027178066613911552","freshservice_location":30000039635}],"severityPriorityMapping":[{"superops_severity":"Low","freshservice_priority":1},{"superops_severity":"Critical","freshservice_priority":4}]},"ticketForm":{"subject":"Test ticket","planned_start_date":"","planned_end_date":"","planned_effort":"","impacted_locations":"","no_of_customers_impacted":"","unique_code":"","redington_ticket_id":"","description":"sample desc","business_impact":"","workspace_id":2,"status":2,"ticket_type":"","source":"","urgency":"","impact":"","group":"","department":"","category":"","major_incident_type":"","requester":"sivakumar@konnectify.co","requester_email":"","agent":""},"formattedTicketForm":{"subject":{"schema":"Test ticket","type":"string"},"description":{"schema":"sample desc","type":"string"},"workspace_id":{"schema":"2","type":"number"},"status":{"schema":"2","type":"number"},"email":{"schema":"sivakumar@konnectify.co","type":"string"}}},"isLocalAppInstalled":true,"isLocalAppEnabled":true},"superops_production:assetConnector_modules":{"newAssetId":"3020","updateAssetId":"3021","createdAt":1779777832955,"updatedAt":1779777832955},"superops_production:alertConnector_modules":{"alertCreatedConnectorId":"3022","alertResolvedConnectorId":"3023","resolveAlertOnTicketChangeConnectorId":"3024","webhookUrl":"https://skdemo.konnectifyapp.co/webhook/3105","createdAt":1779777837593,"updatedAt":1779777837593}}
2026-05-26 12:52:24.591 +0530 [debug] (http.js) Failed to parse URL: https://<%= context.host %>, error: Invalid URL
2026-05-26 12:52:24.591 +0530 [debug] (request.js) Checking request template for multi-oauth app
2026-05-26 12:52:24.592 +0530 [debug] (data.js) Read {"report_hash":"164b6b376a3cd05500ae5d339dfa82b58fb0cf355e2ffc1a3429433c142392eb","supero_101_101_migrate_oauth_status":true,"supero_101_101_modules":{"supero_101_101_system_settings":{"currentHost":{"endpoint_urls":{"freshservice":"https://sivakumar.freshservice.com"},"subscribed_modules":["service_ticket"],"org_domain":"https://sivakumar-877416007896811476.myfreshworks.com","product_types":{"freshservice":"ITSM"},"itam_version":{"freshservice":"BASIC"}}},"supero_101_101_custom_iparams":{"__meta":{"secure":["app1_apikey"]},"domain":"skdemo","accessToken":"fGOnTMOApoEz3ag9dB3Vg+SvNGA/go4kBkcu5cO1LFw4qv9m7/Fyls3MvX8+dflize0NIWoIpu+7TovEsgSEyM609Uejca+XBNgjqeC0FdPMWKueFE5D47zSmWFwhDZfYveCfiktVWAmY4nrj1L46aV3xeFAaeFUeHFWCa9qGk4w2Zn6+HrgQYOvhHCpzF6bXVa8joFanHQmb01vPaAJpnVdAILZARS7a6k5gYul0a2A9RCDOkGsCZBpQEI85c3ArqKB1PjX7A3UD1a32ITqVWZE4v+4hRWrMt2demOn+EGVI/HllCEZwMi3wd4NkkS77L2fFCp+BdzAV81hybXmtmowJExtUD0I/U+PjK1QZnPxXtTHAVBUk++E+bSLCbQq5X0qthjGRXW03TuEVVllFndmMxsITF87LGyYx/WSZTg=","tenantToken":"eyJhbGciOiJSUzI1NiIsInR5cCI6IkpXVCJ9.eyJleHAiOjE4MjI5Nzc4MzEsImlhdCI6MTc3OTc3NzgzMSwib3JnSWQiOiI2NiIsImV4dGVybmFsVGVuYW50SWQiOiJzaXZhLWl0LXVzIiwiZXh0ZXJuYWxVc2VySWQiOiJEZWZhdWx0IHRlbmFudCB1c2VyIn0.Jkh9zPlKsFfU9PdSoU-OgoJsA3y0DvE4146Z20M3_dwD1u3H-_4AJFdRinB4zRgsAMTh4AOHuVsFNZX3rFat9J_hAO6WRiD_opNWAbP_tY2oiPp_o-PFsoqx9rs-qKV65-3maVGoKr41X5tjOLUHjwFevoLBhxy51LcvZiURDrU25h0BGfxCClEyV3xKVD-9rC3IrVkBVaTpr79vuXpAGx5NNlGbUlHbW1TrDvUuN4p9TRwoQfWEliMHOuZnfo7QXVX_fVad-Soay6QjK8qN-6_W_1WVDognMl7LHwThGUFyu6NwRCt_J3SmAvBFoOvatf61BSLotwWUQlclQTs0gA","tenantId":"781","adminEmail":"sivakumar@konnectify.co","adminPassword":"konnectify","freshserviceAppName":"Freshservice","freshserviceAppId":"freshservice-1.0.0","freshserviceDomain":"sivakumar.freshservice.com","freshserviceApikey":"ZHgKqHflrMs94pFikuiD","freshserviceConnectionId":"3039","freshserviceConnectionName":"Freshservice Connection - 2026-05-26T06:42:45.868Z","superopsAppName":"SuperOps IT","superopsAppId":"superopsit-1.0.0","superopsDomain":"siva-it-us","superopsConnectionId":"3040","superopsApikey":"api-eyJhbGciOiJSUzI1NiJ9.eyJqdGkiOiIxOTg3Mzk1MzkxNzUzMTU0NTYwIiwicmFuZG9taXplciI6Iu-_vUbvv73vv70877-977-9X--_ve-_vSJ9.m6JxYTLA3ETs3HRrRWbRqGTmOirwOtyESdy0shf476qwJJfkcDZIuMn-p1mmrbMjBuaCmBpXRm3illwFqJdN9Aw9kkVnQnMs3IgCNewXDxDqCtf4e3EDWaWNtGs5inDGoLRbsHa68Dp8hV8X1riObW3RpkzgkFeEgKf6EWLT4SatkCgM8JfNF1k2l_rrTwrpoTkC5wYatojeAmWhyrwqbMCWEe_sIuxVbclev5q1VcymcNYC6ylPNYJ3Pa6MR2FzJ1Y8e0hz66hgL_M3hi9mCUI0evv57VRsAD3uSSh06etHS5WqLvmDcKonKj2bXrpM0KQ3fO6lT4YNx_MGepb15g","superopsConnectionName":"Superops Connection - 2026-05-26T06:42:45.868Z","superopsAccountType":"it","superopsRegion":"us","sinceDate":"04-05-2026","isInEditConfig":"","assetMapping":[{"superops_asset_class":{"id":"23","name":"Domain Controller"},"freshservice_asset_type":{"id":"30000367000","name":"Application Gateway"},"field_mappings":[{"superops_field":{"id":"assetId","name":"Asset Id"},"freshservice_field":{"id":"asset_tag","name":"Asset Tag"}},{"superops_field":{"id":"name","name":"Name"},"freshservice_field":{"id":"name","name":"Display Name"}}]}],"siteSeverityMapping":{"siteLocationMapping":[{"superops_site":"6027178066613911552","freshservice_location":30000039635}],"severityPriorityMapping":[{"superops_severity":"Low","freshservice_priority":1},{"superops_severity":"Critical","freshservice_priority":4}]},"ticketForm":{"subject":"Test ticket","planned_start_date":"","planned_end_date":"","planned_effort":"","impacted_locations":"","no_of_customers_impacted":"","unique_code":"","redington_ticket_id":"","description":"sample desc","business_impact":"","workspace_id":2,"status":2,"ticket_type":"","source":"","urgency":"","impact":"","group":"","department":"","category":"","major_incident_type":"","requester":"sivakumar@konnectify.co","requester_email":"","agent":""},"formattedTicketForm":{"subject":{"schema":"Test ticket","type":"string"},"description":{"schema":"sample desc","type":"string"},"workspace_id":{"schema":"2","type":"number"},"status":{"schema":"2","type":"number"},"email":{"schema":"sivakumar@konnectify.co","type":"string"}}},"isLocalAppInstalled":true,"isLocalAppEnabled":true},"superops_production:assetConnector_modules":{"newAssetId":"3020","updateAssetId":"3021","createdAt":1779777832955,"updatedAt":1779777832955},"superops_production:alertConnector_modules":{"alertCreatedConnectorId":"3022","alertResolvedConnectorId":"3023","resolveAlertOnTicketChangeConnectorId":"3024","webhookUrl":"https://skdemo.konnectifyapp.co/webhook/3105","createdAt":1779777837593,"updatedAt":1779777837593}}
2026-05-26 12:52:24.592 +0530 [debug] (data.js) Read {"report_hash":"164b6b376a3cd05500ae5d339dfa82b58fb0cf355e2ffc1a3429433c142392eb","supero_101_101_migrate_oauth_status":true,"supero_101_101_modules":{"supero_101_101_system_settings":{"currentHost":{"endpoint_urls":{"freshservice":"https://sivakumar.freshservice.com"},"subscribed_modules":["service_ticket"],"org_domain":"https://sivakumar-877416007896811476.myfreshworks.com","product_types":{"freshservice":"ITSM"},"itam_version":{"freshservice":"BASIC"}}},"supero_101_101_custom_iparams":{"__meta":{"secure":["app1_apikey"]},"domain":"skdemo","accessToken":"fGOnTMOApoEz3ag9dB3Vg+SvNGA/go4kBkcu5cO1LFw4qv9m7/Fyls3MvX8+dflize0NIWoIpu+7TovEsgSEyM609Uejca+XBNgjqeC0FdPMWKueFE5D47zSmWFwhDZfYveCfiktVWAmY4nrj1L46aV3xeFAaeFUeHFWCa9qGk4w2Zn6+HrgQYOvhHCpzF6bXVa8joFanHQmb01vPaAJpnVdAILZARS7a6k5gYul0a2A9RCDOkGsCZBpQEI85c3ArqKB1PjX7A3UD1a32ITqVWZE4v+4hRWrMt2demOn+EGVI/HllCEZwMi3wd4NkkS77L2fFCp+BdzAV81hybXmtmowJExtUD0I/U+PjK1QZnPxXtTHAVBUk++E+bSLCbQq5X0qthjGRXW03TuEVVllFndmMxsITF87LGyYx/WSZTg=","tenantToken":"eyJhbGciOiJSUzI1NiIsInR5cCI6IkpXVCJ9.eyJleHAiOjE4MjI5Nzc4MzEsImlhdCI6MTc3OTc3NzgzMSwib3JnSWQiOiI2NiIsImV4dGVybmFsVGVuYW50SWQiOiJzaXZhLWl0LXVzIiwiZXh0ZXJuYWxVc2VySWQiOiJEZWZhdWx0IHRlbmFudCB1c2VyIn0.Jkh9zPlKsFfU9PdSoU-OgoJsA3y0DvE4146Z20M3_dwD1u3H-_4AJFdRinB4zRgsAMTh4AOHuVsFNZX3rFat9J_hAO6WRiD_opNWAbP_tY2oiPp_o-PFsoqx9rs-qKV65-3maVGoKr41X5tjOLUHjwFevoLBhxy51LcvZiURDrU25h0BGfxCClEyV3xKVD-9rC3IrVkBVaTpr79vuXpAGx5NNlGbUlHbW1TrDvUuN4p9TRwoQfWEliMHOuZnfo7QXVX_fVad-Soay6QjK8qN-6_W_1WVDognMl7LHwThGUFyu6NwRCt_J3SmAvBFoOvatf61BSLotwWUQlclQTs0gA","tenantId":"781","adminEmail":"sivakumar@konnectify.co","adminPassword":"konnectify","freshserviceAppName":"Freshservice","freshserviceAppId":"freshservice-1.0.0","freshserviceDomain":"sivakumar.freshservice.com","freshserviceApikey":"ZHgKqHflrMs94pFikuiD","freshserviceConnectionId":"3039","freshserviceConnectionName":"Freshservice Connection - 2026-05-26T06:42:45.868Z","superopsAppName":"SuperOps IT","superopsAppId":"superopsit-1.0.0","superopsDomain":"siva-it-us","superopsConnectionId":"3040","superopsApikey":"api-eyJhbGciOiJSUzI1NiJ9.eyJqdGkiOiIxOTg3Mzk1MzkxNzUzMTU0NTYwIiwicmFuZG9taXplciI6Iu-_vUbvv73vv70877-977-9X--_ve-_vSJ9.m6JxYTLA3ETs3HRrRWbRqGTmOirwOtyESdy0shf476qwJJfkcDZIuMn-p1mmrbMjBuaCmBpXRm3illwFqJdN9Aw9kkVnQnMs3IgCNewXDxDqCtf4e3EDWaWNtGs5inDGoLRbsHa68Dp8hV8X1riObW3RpkzgkFeEgKf6EWLT4SatkCgM8JfNF1k2l_rrTwrpoTkC5wYatojeAmWhyrwqbMCWEe_sIuxVbclev5q1VcymcNYC6ylPNYJ3Pa6MR2FzJ1Y8e0hz66hgL_M3hi9mCUI0evv57VRsAD3uSSh06etHS5WqLvmDcKonKj2bXrpM0KQ3fO6lT4YNx_MGepb15g","superopsConnectionName":"Superops Connection - 2026-05-26T06:42:45.868Z","superopsAccountType":"it","superopsRegion":"us","sinceDate":"04-05-2026","isInEditConfig":"","assetMapping":[{"superops_asset_class":{"id":"23","name":"Domain Controller"},"freshservice_asset_type":{"id":"30000367000","name":"Application Gateway"},"field_mappings":[{"superops_field":{"id":"assetId","name":"Asset Id"},"freshservice_field":{"id":"asset_tag","name":"Asset Tag"}},{"superops_field":{"id":"name","name":"Name"},"freshservice_field":{"id":"name","name":"Display Name"}}]}],"siteSeverityMapping":{"siteLocationMapping":[{"superops_site":"6027178066613911552","freshservice_location":30000039635}],"severityPriorityMapping":[{"superops_severity":"Low","freshservice_priority":1},{"superops_severity":"Critical","freshservice_priority":4}]},"ticketForm":{"subject":"Test ticket","planned_start_date":"","planned_end_date":"","planned_effort":"","impacted_locations":"","no_of_customers_impacted":"","unique_code":"","redington_ticket_id":"","description":"sample desc","business_impact":"","workspace_id":2,"status":2,"ticket_type":"","source":"","urgency":"","impact":"","group":"","department":"","category":"","major_incident_type":"","requester":"sivakumar@konnectify.co","requester_email":"","agent":""},"formattedTicketForm":{"subject":{"schema":"Test ticket","type":"string"},"description":{"schema":"sample desc","type":"string"},"workspace_id":{"schema":"2","type":"number"},"status":{"schema":"2","type":"number"},"email":{"schema":"sivakumar@konnectify.co","type":"string"}}},"isLocalAppInstalled":true,"isLocalAppEnabled":true},"superops_production:assetConnector_modules":{"newAssetId":"3020","updateAssetId":"3021","createdAt":1779777832955,"updatedAt":1779777832955},"superops_production:alertConnector_modules":{"alertCreatedConnectorId":"3022","alertResolvedConnectorId":"3023","resolveAlertOnTicketChangeConnectorId":"3024","webhookUrl":"https://skdemo.konnectifyapp.co/webhook/3105","createdAt":1779777837593,"updatedAt":1779777837593}}
2026-05-26 12:52:24.593 +0530 [debug] (data.js) Read {"report_hash":"164b6b376a3cd05500ae5d339dfa82b58fb0cf355e2ffc1a3429433c142392eb","supero_101_101_migrate_oauth_status":true,"supero_101_101_modules":{"supero_101_101_system_settings":{"currentHost":{"endpoint_urls":{"freshservice":"https://sivakumar.freshservice.com"},"subscribed_modules":["service_ticket"],"org_domain":"https://sivakumar-877416007896811476.myfreshworks.com","product_types":{"freshservice":"ITSM"},"itam_version":{"freshservice":"BASIC"}}},"supero_101_101_custom_iparams":{"__meta":{"secure":["app1_apikey"]},"domain":"skdemo","accessToken":"fGOnTMOApoEz3ag9dB3Vg+SvNGA/go4kBkcu5cO1LFw4qv9m7/Fyls3MvX8+dflize0NIWoIpu+7TovEsgSEyM609Uejca+XBNgjqeC0FdPMWKueFE5D47zSmWFwhDZfYveCfiktVWAmY4nrj1L46aV3xeFAaeFUeHFWCa9qGk4w2Zn6+HrgQYOvhHCpzF6bXVa8joFanHQmb01vPaAJpnVdAILZARS7a6k5gYul0a2A9RCDOkGsCZBpQEI85c3ArqKB1PjX7A3UD1a32ITqVWZE4v+4hRWrMt2demOn+EGVI/HllCEZwMi3wd4NkkS77L2fFCp+BdzAV81hybXmtmowJExtUD0I/U+PjK1QZnPxXtTHAVBUk++E+bSLCbQq5X0qthjGRXW03TuEVVllFndmMxsITF87LGyYx/WSZTg=","tenantToken":"eyJhbGciOiJSUzI1NiIsInR5cCI6IkpXVCJ9.eyJleHAiOjE4MjI5Nzc4MzEsImlhdCI6MTc3OTc3NzgzMSwib3JnSWQiOiI2NiIsImV4dGVybmFsVGVuYW50SWQiOiJzaXZhLWl0LXVzIiwiZXh0ZXJuYWxVc2VySWQiOiJEZWZhdWx0IHRlbmFudCB1c2VyIn0.Jkh9zPlKsFfU9PdSoU-OgoJsA3y0DvE4146Z20M3_dwD1u3H-_4AJFdRinB4zRgsAMTh4AOHuVsFNZX3rFat9J_hAO6WRiD_opNWAbP_tY2oiPp_o-PFsoqx9rs-qKV65-3maVGoKr41X5tjOLUHjwFevoLBhxy51LcvZiURDrU25h0BGfxCClEyV3xKVD-9rC3IrVkBVaTpr79vuXpAGx5NNlGbUlHbW1TrDvUuN4p9TRwoQfWEliMHOuZnfo7QXVX_fVad-Soay6QjK8qN-6_W_1WVDognMl7LHwThGUFyu6NwRCt_J3SmAvBFoOvatf61BSLotwWUQlclQTs0gA","tenantId":"781","adminEmail":"sivakumar@konnectify.co","adminPassword":"konnectify","freshserviceAppName":"Freshservice","freshserviceAppId":"freshservice-1.0.0","freshserviceDomain":"sivakumar.freshservice.com","freshserviceApikey":"ZHgKqHflrMs94pFikuiD","freshserviceConnectionId":"3039","freshserviceConnectionName":"Freshservice Connection - 2026-05-26T06:42:45.868Z","superopsAppName":"SuperOps IT","superopsAppId":"superopsit-1.0.0","superopsDomain":"siva-it-us","superopsConnectionId":"3040","superopsApikey":"api-eyJhbGciOiJSUzI1NiJ9.eyJqdGkiOiIxOTg3Mzk1MzkxNzUzMTU0NTYwIiwicmFuZG9taXplciI6Iu-_vUbvv73vv70877-977-9X--_ve-_vSJ9.m6JxYTLA3ETs3HRrRWbRqGTmOirwOtyESdy0shf476qwJJfkcDZIuMn-p1mmrbMjBuaCmBpXRm3illwFqJdN9Aw9kkVnQnMs3IgCNewXDxDqCtf4e3EDWaWNtGs5inDGoLRbsHa68Dp8hV8X1riObW3RpkzgkFeEgKf6EWLT4SatkCgM8JfNF1k2l_rrTwrpoTkC5wYatojeAmWhyrwqbMCWEe_sIuxVbclev5q1VcymcNYC6ylPNYJ3Pa6MR2FzJ1Y8e0hz66hgL_M3hi9mCUI0evv57VRsAD3uSSh06etHS5WqLvmDcKonKj2bXrpM0KQ3fO6lT4YNx_MGepb15g","superopsConnectionName":"Superops Connection - 2026-05-26T06:42:45.868Z","superopsAccountType":"it","superopsRegion":"us","sinceDate":"04-05-2026","isInEditConfig":"","assetMapping":[{"superops_asset_class":{"id":"23","name":"Domain Controller"},"freshservice_asset_type":{"id":"30000367000","name":"Application Gateway"},"field_mappings":[{"superops_field":{"id":"assetId","name":"Asset Id"},"freshservice_field":{"id":"asset_tag","name":"Asset Tag"}},{"superops_field":{"id":"name","name":"Name"},"freshservice_field":{"id":"name","name":"Display Name"}}]}],"siteSeverityMapping":{"siteLocationMapping":[{"superops_site":"6027178066613911552","freshservice_location":30000039635}],"severityPriorityMapping":[{"superops_severity":"Low","freshservice_priority":1},{"superops_severity":"Critical","freshservice_priority":4}]},"ticketForm":{"subject":"Test ticket","planned_start_date":"","planned_end_date":"","planned_effort":"","impacted_locations":"","no_of_customers_impacted":"","unique_code":"","redington_ticket_id":"","description":"sample desc","business_impact":"","workspace_id":2,"status":2,"ticket_type":"","source":"","urgency":"","impact":"","group":"","department":"","category":"","major_incident_type":"","requester":"sivakumar@konnectify.co","requester_email":"","agent":""},"formattedTicketForm":{"subject":{"schema":"Test ticket","type":"string"},"description":{"schema":"sample desc","type":"string"},"workspace_id":{"schema":"2","type":"number"},"status":{"schema":"2","type":"number"},"email":{"schema":"sivakumar@konnectify.co","type":"string"}}},"isLocalAppInstalled":true,"isLocalAppEnabled":true},"superops_production:assetConnector_modules":{"newAssetId":"3020","updateAssetId":"3021","createdAt":1779777832955,"updatedAt":1779777832955},"superops_production:alertConnector_modules":{"alertCreatedConnectorId":"3022","alertResolvedConnectorId":"3023","resolveAlertOnTicketChangeConnectorId":"3024","webhookUrl":"https://skdemo.konnectifyapp.co/webhook/3105","createdAt":1779777837593,"updatedAt":1779777837593}}
2026-05-26 12:52:24.593 +0530 [debug] (request.js) Obtained creds 
2026-05-26 12:52:24.593 +0530 [debug] (data.js) Read {"report_hash":"164b6b376a3cd05500ae5d339dfa82b58fb0cf355e2ffc1a3429433c142392eb","supero_101_101_migrate_oauth_status":true,"supero_101_101_modules":{"supero_101_101_system_settings":{"currentHost":{"endpoint_urls":{"freshservice":"https://sivakumar.freshservice.com"},"subscribed_modules":["service_ticket"],"org_domain":"https://sivakumar-877416007896811476.myfreshworks.com","product_types":{"freshservice":"ITSM"},"itam_version":{"freshservice":"BASIC"}}},"supero_101_101_custom_iparams":{"__meta":{"secure":["app1_apikey"]},"domain":"skdemo","accessToken":"fGOnTMOApoEz3ag9dB3Vg+SvNGA/go4kBkcu5cO1LFw4qv9m7/Fyls3MvX8+dflize0NIWoIpu+7TovEsgSEyM609Uejca+XBNgjqeC0FdPMWKueFE5D47zSmWFwhDZfYveCfiktVWAmY4nrj1L46aV3xeFAaeFUeHFWCa9qGk4w2Zn6+HrgQYOvhHCpzF6bXVa8joFanHQmb01vPaAJpnVdAILZARS7a6k5gYul0a2A9RCDOkGsCZBpQEI85c3ArqKB1PjX7A3UD1a32ITqVWZE4v+4hRWrMt2demOn+EGVI/HllCEZwMi3wd4NkkS77L2fFCp+BdzAV81hybXmtmowJExtUD0I/U+PjK1QZnPxXtTHAVBUk++E+bSLCbQq5X0qthjGRXW03TuEVVllFndmMxsITF87LGyYx/WSZTg=","tenantToken":"eyJhbGciOiJSUzI1NiIsInR5cCI6IkpXVCJ9.eyJleHAiOjE4MjI5Nzc4MzEsImlhdCI6MTc3OTc3NzgzMSwib3JnSWQiOiI2NiIsImV4dGVybmFsVGVuYW50SWQiOiJzaXZhLWl0LXVzIiwiZXh0ZXJuYWxVc2VySWQiOiJEZWZhdWx0IHRlbmFudCB1c2VyIn0.Jkh9zPlKsFfU9PdSoU-OgoJsA3y0DvE4146Z20M3_dwD1u3H-_4AJFdRinB4zRgsAMTh4AOHuVsFNZX3rFat9J_hAO6WRiD_opNWAbP_tY2oiPp_o-PFsoqx9rs-qKV65-3maVGoKr41X5tjOLUHjwFevoLBhxy51LcvZiURDrU25h0BGfxCClEyV3xKVD-9rC3IrVkBVaTpr79vuXpAGx5NNlGbUlHbW1TrDvUuN4p9TRwoQfWEliMHOuZnfo7QXVX_fVad-Soay6QjK8qN-6_W_1WVDognMl7LHwThGUFyu6NwRCt_J3SmAvBFoOvatf61BSLotwWUQlclQTs0gA","tenantId":"781","adminEmail":"sivakumar@konnectify.co","adminPassword":"konnectify","freshserviceAppName":"Freshservice","freshserviceAppId":"freshservice-1.0.0","freshserviceDomain":"sivakumar.freshservice.com","freshserviceApikey":"ZHgKqHflrMs94pFikuiD","freshserviceConnectionId":"3039","freshserviceConnectionName":"Freshservice Connection - 2026-05-26T06:42:45.868Z","superopsAppName":"SuperOps IT","superopsAppId":"superopsit-1.0.0","superopsDomain":"siva-it-us","superopsConnectionId":"3040","superopsApikey":"api-eyJhbGciOiJSUzI1NiJ9.eyJqdGkiOiIxOTg3Mzk1MzkxNzUzMTU0NTYwIiwicmFuZG9taXplciI6Iu-_vUbvv73vv70877-977-9X--_ve-_vSJ9.m6JxYTLA3ETs3HRrRWbRqGTmOirwOtyESdy0shf476qwJJfkcDZIuMn-p1mmrbMjBuaCmBpXRm3illwFqJdN9Aw9kkVnQnMs3IgCNewXDxDqCtf4e3EDWaWNtGs5inDGoLRbsHa68Dp8hV8X1riObW3RpkzgkFeEgKf6EWLT4SatkCgM8JfNF1k2l_rrTwrpoTkC5wYatojeAmWhyrwqbMCWEe_sIuxVbclev5q1VcymcNYC6ylPNYJ3Pa6MR2FzJ1Y8e0hz66hgL_M3hi9mCUI0evv57VRsAD3uSSh06etHS5WqLvmDcKonKj2bXrpM0KQ3fO6lT4YNx_MGepb15g","superopsConnectionName":"Superops Connection - 2026-05-26T06:42:45.868Z","superopsAccountType":"it","superopsRegion":"us","sinceDate":"04-05-2026","isInEditConfig":"","assetMapping":[{"superops_asset_class":{"id":"23","name":"Domain Controller"},"freshservice_asset_type":{"id":"30000367000","name":"Application Gateway"},"field_mappings":[{"superops_field":{"id":"assetId","name":"Asset Id"},"freshservice_field":{"id":"asset_tag","name":"Asset Tag"}},{"superops_field":{"id":"name","name":"Name"},"freshservice_field":{"id":"name","name":"Display Name"}}]}],"siteSeverityMapping":{"siteLocationMapping":[{"superops_site":"6027178066613911552","freshservice_location":30000039635}],"severityPriorityMapping":[{"superops_severity":"Low","freshservice_priority":1},{"superops_severity":"Critical","freshservice_priority":4}]},"ticketForm":{"subject":"Test ticket","planned_start_date":"","planned_end_date":"","planned_effort":"","impacted_locations":"","no_of_customers_impacted":"","unique_code":"","redington_ticket_id":"","description":"sample desc","business_impact":"","workspace_id":2,"status":2,"ticket_type":"","source":"","urgency":"","impact":"","group":"","department":"","category":"","major_incident_type":"","requester":"sivakumar@konnectify.co","requester_email":"","agent":""},"formattedTicketForm":{"subject":{"schema":"Test ticket","type":"string"},"description":{"schema":"sample desc","type":"string"},"workspace_id":{"schema":"2","type":"number"},"status":{"schema":"2","type":"number"},"email":{"schema":"sivakumar@konnectify.co","type":"string"}}},"isLocalAppInstalled":true,"isLocalAppEnabled":true},"superops_production:assetConnector_modules":{"newAssetId":"3020","updateAssetId":"3021","createdAt":1779777832955,"updatedAt":1779777832955},"superops_production:alertConnector_modules":{"alertCreatedConnectorId":"3022","alertResolvedConnectorId":"3023","resolveAlertOnTicketChangeConnectorId":"3024","webhookUrl":"https://skdemo.konnectifyapp.co/webhook/3105","createdAt":1779777837593,"updatedAt":1779777837593}}
2026-05-26 12:52:24.598 +0530 [debug] (request.js) Making request with options as { method: 'POST',
  url: 'https://api.superops.ai/it',
  headers:
   { Authorization:
      'Bearer api-eyJhbGciOiJSUzI1NiJ9.eyJqdGkiOiIxOTg3Mzk1MzkxNzUzMTU0NTYwIiwicmFuZG9taXplciI6Iu-_vUbvv73vv70877-977-9X--_ve-_vSJ9.m6JxYTLA3ETs3HRrRWbRqGTmOirwOtyESdy0shf476qwJJfkcDZIuMn-p1mmrbMjBuaCmBpXRm3'... 267 more characters,
     CustomerSubDomain: 'siva-it-us',
     'Content-Type': 'application/json' },
  body:
   '{"query":"\\n  query getAssetClassListV3($listInfo: ListInfoInput!) {\\n    getAssetClassListV3(listInfo: $listInfo) {\\n      assetClass { classId name }\\n      listInfo { totalCount page pageSize }\\n  '... 61 more characters,
  maxAttempts: 1,
  retryDelay: 0,
  timeout: 15000 }
2026-05-26 12:52:24.630 +0530 [debug] (data-pipe.js) received call for route "request" with action "execute" and body {"action":"execute","data":{"name":"getFreshserviceAssetTypes","context":{"host":"sivakumar","auth":"ZHgKqHflrMs94pFikuiD","perPage":100,"page":1},"isInstall":false,"isOAuth":true},"isInstall":false}
2026-05-26 12:52:24.630 +0530 [debug] (data.js) Read {"report_hash":"164b6b376a3cd05500ae5d339dfa82b58fb0cf355e2ffc1a3429433c142392eb","supero_101_101_migrate_oauth_status":true,"supero_101_101_modules":{"supero_101_101_system_settings":{"currentHost":{"endpoint_urls":{"freshservice":"https://sivakumar.freshservice.com"},"subscribed_modules":["service_ticket"],"org_domain":"https://sivakumar-877416007896811476.myfreshworks.com","product_types":{"freshservice":"ITSM"},"itam_version":{"freshservice":"BASIC"}}},"supero_101_101_custom_iparams":{"__meta":{"secure":["app1_apikey"]},"domain":"skdemo","accessToken":"fGOnTMOApoEz3ag9dB3Vg+SvNGA/go4kBkcu5cO1LFw4qv9m7/Fyls3MvX8+dflize0NIWoIpu+7TovEsgSEyM609Uejca+XBNgjqeC0FdPMWKueFE5D47zSmWFwhDZfYveCfiktVWAmY4nrj1L46aV3xeFAaeFUeHFWCa9qGk4w2Zn6+HrgQYOvhHCpzF6bXVa8joFanHQmb01vPaAJpnVdAILZARS7a6k5gYul0a2A9RCDOkGsCZBpQEI85c3ArqKB1PjX7A3UD1a32ITqVWZE4v+4hRWrMt2demOn+EGVI/HllCEZwMi3wd4NkkS77L2fFCp+BdzAV81hybXmtmowJExtUD0I/U+PjK1QZnPxXtTHAVBUk++E+bSLCbQq5X0qthjGRXW03TuEVVllFndmMxsITF87LGyYx/WSZTg=","tenantToken":"eyJhbGciOiJSUzI1NiIsInR5cCI6IkpXVCJ9.eyJleHAiOjE4MjI5Nzc4MzEsImlhdCI6MTc3OTc3NzgzMSwib3JnSWQiOiI2NiIsImV4dGVybmFsVGVuYW50SWQiOiJzaXZhLWl0LXVzIiwiZXh0ZXJuYWxVc2VySWQiOiJEZWZhdWx0IHRlbmFudCB1c2VyIn0.Jkh9zPlKsFfU9PdSoU-OgoJsA3y0DvE4146Z20M3_dwD1u3H-_4AJFdRinB4zRgsAMTh4AOHuVsFNZX3rFat9J_hAO6WRiD_opNWAbP_tY2oiPp_o-PFsoqx9rs-qKV65-3maVGoKr41X5tjOLUHjwFevoLBhxy51LcvZiURDrU25h0BGfxCClEyV3xKVD-9rC3IrVkBVaTpr79vuXpAGx5NNlGbUlHbW1TrDvUuN4p9TRwoQfWEliMHOuZnfo7QXVX_fVad-Soay6QjK8qN-6_W_1WVDognMl7LHwThGUFyu6NwRCt_J3SmAvBFoOvatf61BSLotwWUQlclQTs0gA","tenantId":"781","adminEmail":"sivakumar@konnectify.co","adminPassword":"konnectify","freshserviceAppName":"Freshservice","freshserviceAppId":"freshservice-1.0.0","freshserviceDomain":"sivakumar.freshservice.com","freshserviceApikey":"ZHgKqHflrMs94pFikuiD","freshserviceConnectionId":"3039","freshserviceConnectionName":"Freshservice Connection - 2026-05-26T06:42:45.868Z","superopsAppName":"SuperOps IT","superopsAppId":"superopsit-1.0.0","superopsDomain":"siva-it-us","superopsConnectionId":"3040","superopsApikey":"api-eyJhbGciOiJSUzI1NiJ9.eyJqdGkiOiIxOTg3Mzk1MzkxNzUzMTU0NTYwIiwicmFuZG9taXplciI6Iu-_vUbvv73vv70877-977-9X--_ve-_vSJ9.m6JxYTLA3ETs3HRrRWbRqGTmOirwOtyESdy0shf476qwJJfkcDZIuMn-p1mmrbMjBuaCmBpXRm3illwFqJdN9Aw9kkVnQnMs3IgCNewXDxDqCtf4e3EDWaWNtGs5inDGoLRbsHa68Dp8hV8X1riObW3RpkzgkFeEgKf6EWLT4SatkCgM8JfNF1k2l_rrTwrpoTkC5wYatojeAmWhyrwqbMCWEe_sIuxVbclev5q1VcymcNYC6ylPNYJ3Pa6MR2FzJ1Y8e0hz66hgL_M3hi9mCUI0evv57VRsAD3uSSh06etHS5WqLvmDcKonKj2bXrpM0KQ3fO6lT4YNx_MGepb15g","superopsConnectionName":"Superops Connection - 2026-05-26T06:42:45.868Z","superopsAccountType":"it","superopsRegion":"us","sinceDate":"04-05-2026","isInEditConfig":"","assetMapping":[{"superops_asset_class":{"id":"23","name":"Domain Controller"},"freshservice_asset_type":{"id":"30000367000","name":"Application Gateway"},"field_mappings":[{"superops_field":{"id":"assetId","name":"Asset Id"},"freshservice_field":{"id":"asset_tag","name":"Asset Tag"}},{"superops_field":{"id":"name","name":"Name"},"freshservice_field":{"id":"name","name":"Display Name"}}]}],"siteSeverityMapping":{"siteLocationMapping":[{"superops_site":"6027178066613911552","freshservice_location":30000039635}],"severityPriorityMapping":[{"superops_severity":"Low","freshservice_priority":1},{"superops_severity":"Critical","freshservice_priority":4}]},"ticketForm":{"subject":"Test ticket","planned_start_date":"","planned_end_date":"","planned_effort":"","impacted_locations":"","no_of_customers_impacted":"","unique_code":"","redington_ticket_id":"","description":"sample desc","business_impact":"","workspace_id":2,"status":2,"ticket_type":"","source":"","urgency":"","impact":"","group":"","department":"","category":"","major_incident_type":"","requester":"sivakumar@konnectify.co","requester_email":"","agent":""},"formattedTicketForm":{"subject":{"schema":"Test ticket","type":"string"},"description":{"schema":"sample desc","type":"string"},"workspace_id":{"schema":"2","type":"number"},"status":{"schema":"2","type":"number"},"email":{"schema":"sivakumar@konnectify.co","type":"string"}}},"isLocalAppInstalled":true,"isLocalAppEnabled":true},"superops_production:assetConnector_modules":{"newAssetId":"3020","updateAssetId":"3021","createdAt":1779777832955,"updatedAt":1779777832955},"superops_production:alertConnector_modules":{"alertCreatedConnectorId":"3022","alertResolvedConnectorId":"3023","resolveAlertOnTicketChangeConnectorId":"3024","webhookUrl":"https://skdemo.konnectifyapp.co/webhook/3105","createdAt":1779777837593,"updatedAt":1779777837593}}
2026-05-26 12:52:24.630 +0530 [debug] (http.js) Failed to parse URL: https://<%=context.host%>.freshservice.com, error: Invalid URL
2026-05-26 12:52:24.631 +0530 [debug] (request.js) Checking request template for multi-oauth app
2026-05-26 12:52:24.631 +0530 [debug] (data.js) Read {"report_hash":"164b6b376a3cd05500ae5d339dfa82b58fb0cf355e2ffc1a3429433c142392eb","supero_101_101_migrate_oauth_status":true,"supero_101_101_modules":{"supero_101_101_system_settings":{"currentHost":{"endpoint_urls":{"freshservice":"https://sivakumar.freshservice.com"},"subscribed_modules":["service_ticket"],"org_domain":"https://sivakumar-877416007896811476.myfreshworks.com","product_types":{"freshservice":"ITSM"},"itam_version":{"freshservice":"BASIC"}}},"supero_101_101_custom_iparams":{"__meta":{"secure":["app1_apikey"]},"domain":"skdemo","accessToken":"fGOnTMOApoEz3ag9dB3Vg+SvNGA/go4kBkcu5cO1LFw4qv9m7/Fyls3MvX8+dflize0NIWoIpu+7TovEsgSEyM609Uejca+XBNgjqeC0FdPMWKueFE5D47zSmWFwhDZfYveCfiktVWAmY4nrj1L46aV3xeFAaeFUeHFWCa9qGk4w2Zn6+HrgQYOvhHCpzF6bXVa8joFanHQmb01vPaAJpnVdAILZARS7a6k5gYul0a2A9RCDOkGsCZBpQEI85c3ArqKB1PjX7A3UD1a32ITqVWZE4v+4hRWrMt2demOn+EGVI/HllCEZwMi3wd4NkkS77L2fFCp+BdzAV81hybXmtmowJExtUD0I/U+PjK1QZnPxXtTHAVBUk++E+bSLCbQq5X0qthjGRXW03TuEVVllFndmMxsITF87LGyYx/WSZTg=","tenantToken":"eyJhbGciOiJSUzI1NiIsInR5cCI6IkpXVCJ9.eyJleHAiOjE4MjI5Nzc4MzEsImlhdCI6MTc3OTc3NzgzMSwib3JnSWQiOiI2NiIsImV4dGVybmFsVGVuYW50SWQiOiJzaXZhLWl0LXVzIiwiZXh0ZXJuYWxVc2VySWQiOiJEZWZhdWx0IHRlbmFudCB1c2VyIn0.Jkh9zPlKsFfU9PdSoU-OgoJsA3y0DvE4146Z20M3_dwD1u3H-_4AJFdRinB4zRgsAMTh4AOHuVsFNZX3rFat9J_hAO6WRiD_opNWAbP_tY2oiPp_o-PFsoqx9rs-qKV65-3maVGoKr41X5tjOLUHjwFevoLBhxy51LcvZiURDrU25h0BGfxCClEyV3xKVD-9rC3IrVkBVaTpr79vuXpAGx5NNlGbUlHbW1TrDvUuN4p9TRwoQfWEliMHOuZnfo7QXVX_fVad-Soay6QjK8qN-6_W_1WVDognMl7LHwThGUFyu6NwRCt_J3SmAvBFoOvatf61BSLotwWUQlclQTs0gA","tenantId":"781","adminEmail":"sivakumar@konnectify.co","adminPassword":"konnectify","freshserviceAppName":"Freshservice","freshserviceAppId":"freshservice-1.0.0","freshserviceDomain":"sivakumar.freshservice.com","freshserviceApikey":"ZHgKqHflrMs94pFikuiD","freshserviceConnectionId":"3039","freshserviceConnectionName":"Freshservice Connection - 2026-05-26T06:42:45.868Z","superopsAppName":"SuperOps IT","superopsAppId":"superopsit-1.0.0","superopsDomain":"siva-it-us","superopsConnectionId":"3040","superopsApikey":"api-eyJhbGciOiJSUzI1NiJ9.eyJqdGkiOiIxOTg3Mzk1MzkxNzUzMTU0NTYwIiwicmFuZG9taXplciI6Iu-_vUbvv73vv70877-977-9X--_ve-_vSJ9.m6JxYTLA3ETs3HRrRWbRqGTmOirwOtyESdy0shf476qwJJfkcDZIuMn-p1mmrbMjBuaCmBpXRm3illwFqJdN9Aw9kkVnQnMs3IgCNewXDxDqCtf4e3EDWaWNtGs5inDGoLRbsHa68Dp8hV8X1riObW3RpkzgkFeEgKf6EWLT4SatkCgM8JfNF1k2l_rrTwrpoTkC5wYatojeAmWhyrwqbMCWEe_sIuxVbclev5q1VcymcNYC6ylPNYJ3Pa6MR2FzJ1Y8e0hz66hgL_M3hi9mCUI0evv57VRsAD3uSSh06etHS5WqLvmDcKonKj2bXrpM0KQ3fO6lT4YNx_MGepb15g","superopsConnectionName":"Superops Connection - 2026-05-26T06:42:45.868Z","superopsAccountType":"it","superopsRegion":"us","sinceDate":"04-05-2026","isInEditConfig":"","assetMapping":[{"superops_asset_class":{"id":"23","name":"Domain Controller"},"freshservice_asset_type":{"id":"30000367000","name":"Application Gateway"},"field_mappings":[{"superops_field":{"id":"assetId","name":"Asset Id"},"freshservice_field":{"id":"asset_tag","name":"Asset Tag"}},{"superops_field":{"id":"name","name":"Name"},"freshservice_field":{"id":"name","name":"Display Name"}}]}],"siteSeverityMapping":{"siteLocationMapping":[{"superops_site":"6027178066613911552","freshservice_location":30000039635}],"severityPriorityMapping":[{"superops_severity":"Low","freshservice_priority":1},{"superops_severity":"Critical","freshservice_priority":4}]},"ticketForm":{"subject":"Test ticket","planned_start_date":"","planned_end_date":"","planned_effort":"","impacted_locations":"","no_of_customers_impacted":"","unique_code":"","redington_ticket_id":"","description":"sample desc","business_impact":"","workspace_id":2,"status":2,"ticket_type":"","source":"","urgency":"","impact":"","group":"","department":"","category":"","major_incident_type":"","requester":"sivakumar@konnectify.co","requester_email":"","agent":""},"formattedTicketForm":{"subject":{"schema":"Test ticket","type":"string"},"description":{"schema":"sample desc","type":"string"},"workspace_id":{"schema":"2","type":"number"},"status":{"schema":"2","type":"number"},"email":{"schema":"sivakumar@konnectify.co","type":"string"}}},"isLocalAppInstalled":true,"isLocalAppEnabled":true},"superops_production:assetConnector_modules":{"newAssetId":"3020","updateAssetId":"3021","createdAt":1779777832955,"updatedAt":1779777832955},"superops_production:alertConnector_modules":{"alertCreatedConnectorId":"3022","alertResolvedConnectorId":"3023","resolveAlertOnTicketChangeConnectorId":"3024","webhookUrl":"https://skdemo.konnectifyapp.co/webhook/3105","createdAt":1779777837593,"updatedAt":1779777837593}}
2026-05-26 12:52:24.631 +0530 [debug] (data.js) Read {"report_hash":"164b6b376a3cd05500ae5d339dfa82b58fb0cf355e2ffc1a3429433c142392eb","supero_101_101_migrate_oauth_status":true,"supero_101_101_modules":{"supero_101_101_system_settings":{"currentHost":{"endpoint_urls":{"freshservice":"https://sivakumar.freshservice.com"},"subscribed_modules":["service_ticket"],"org_domain":"https://sivakumar-877416007896811476.myfreshworks.com","product_types":{"freshservice":"ITSM"},"itam_version":{"freshservice":"BASIC"}}},"supero_101_101_custom_iparams":{"__meta":{"secure":["app1_apikey"]},"domain":"skdemo","accessToken":"fGOnTMOApoEz3ag9dB3Vg+SvNGA/go4kBkcu5cO1LFw4qv9m7/Fyls3MvX8+dflize0NIWoIpu+7TovEsgSEyM609Uejca+XBNgjqeC0FdPMWKueFE5D47zSmWFwhDZfYveCfiktVWAmY4nrj1L46aV3xeFAaeFUeHFWCa9qGk4w2Zn6+HrgQYOvhHCpzF6bXVa8joFanHQmb01vPaAJpnVdAILZARS7a6k5gYul0a2A9RCDOkGsCZBpQEI85c3ArqKB1PjX7A3UD1a32ITqVWZE4v+4hRWrMt2demOn+EGVI/HllCEZwMi3wd4NkkS77L2fFCp+BdzAV81hybXmtmowJExtUD0I/U+PjK1QZnPxXtTHAVBUk++E+bSLCbQq5X0qthjGRXW03TuEVVllFndmMxsITF87LGyYx/WSZTg=","tenantToken":"eyJhbGciOiJSUzI1NiIsInR5cCI6IkpXVCJ9.eyJleHAiOjE4MjI5Nzc4MzEsImlhdCI6MTc3OTc3NzgzMSwib3JnSWQiOiI2NiIsImV4dGVybmFsVGVuYW50SWQiOiJzaXZhLWl0LXVzIiwiZXh0ZXJuYWxVc2VySWQiOiJEZWZhdWx0IHRlbmFudCB1c2VyIn0.Jkh9zPlKsFfU9PdSoU-OgoJsA3y0DvE4146Z20M3_dwD1u3H-_4AJFdRinB4zRgsAMTh4AOHuVsFNZX3rFat9J_hAO6WRiD_opNWAbP_tY2oiPp_o-PFsoqx9rs-qKV65-3maVGoKr41X5tjOLUHjwFevoLBhxy51LcvZiURDrU25h0BGfxCClEyV3xKVD-9rC3IrVkBVaTpr79vuXpAGx5NNlGbUlHbW1TrDvUuN4p9TRwoQfWEliMHOuZnfo7QXVX_fVad-Soay6QjK8qN-6_W_1WVDognMl7LHwThGUFyu6NwRCt_J3SmAvBFoOvatf61BSLotwWUQlclQTs0gA","tenantId":"781","adminEmail":"sivakumar@konnectify.co","adminPassword":"konnectify","freshserviceAppName":"Freshservice","freshserviceAppId":"freshservice-1.0.0","freshserviceDomain":"sivakumar.freshservice.com","freshserviceApikey":"ZHgKqHflrMs94pFikuiD","freshserviceConnectionId":"3039","freshserviceConnectionName":"Freshservice Connection - 2026-05-26T06:42:45.868Z","superopsAppName":"SuperOps IT","superopsAppId":"superopsit-1.0.0","superopsDomain":"siva-it-us","superopsConnectionId":"3040","superopsApikey":"api-eyJhbGciOiJSUzI1NiJ9.eyJqdGkiOiIxOTg3Mzk1MzkxNzUzMTU0NTYwIiwicmFuZG9taXplciI6Iu-_vUbvv73vv70877-977-9X--_ve-_vSJ9.m6JxYTLA3ETs3HRrRWbRqGTmOirwOtyESdy0shf476qwJJfkcDZIuMn-p1mmrbMjBuaCmBpXRm3illwFqJdN9Aw9kkVnQnMs3IgCNewXDxDqCtf4e3EDWaWNtGs5inDGoLRbsHa68Dp8hV8X1riObW3RpkzgkFeEgKf6EWLT4SatkCgM8JfNF1k2l_rrTwrpoTkC5wYatojeAmWhyrwqbMCWEe_sIuxVbclev5q1VcymcNYC6ylPNYJ3Pa6MR2FzJ1Y8e0hz66hgL_M3hi9mCUI0evv57VRsAD3uSSh06etHS5WqLvmDcKonKj2bXrpM0KQ3fO6lT4YNx_MGepb15g","superopsConnectionName":"Superops Connection - 2026-05-26T06:42:45.868Z","superopsAccountType":"it","superopsRegion":"us","sinceDate":"04-05-2026","isInEditConfig":"","assetMapping":[{"superops_asset_class":{"id":"23","name":"Domain Controller"},"freshservice_asset_type":{"id":"30000367000","name":"Application Gateway"},"field_mappings":[{"superops_field":{"id":"assetId","name":"Asset Id"},"freshservice_field":{"id":"asset_tag","name":"Asset Tag"}},{"superops_field":{"id":"name","name":"Name"},"freshservice_field":{"id":"name","name":"Display Name"}}]}],"siteSeverityMapping":{"siteLocationMapping":[{"superops_site":"6027178066613911552","freshservice_location":30000039635}],"severityPriorityMapping":[{"superops_severity":"Low","freshservice_priority":1},{"superops_severity":"Critical","freshservice_priority":4}]},"ticketForm":{"subject":"Test ticket","planned_start_date":"","planned_end_date":"","planned_effort":"","impacted_locations":"","no_of_customers_impacted":"","unique_code":"","redington_ticket_id":"","description":"sample desc","business_impact":"","workspace_id":2,"status":2,"ticket_type":"","source":"","urgency":"","impact":"","group":"","department":"","category":"","major_incident_type":"","requester":"sivakumar@konnectify.co","requester_email":"","agent":""},"formattedTicketForm":{"subject":{"schema":"Test ticket","type":"string"},"description":{"schema":"sample desc","type":"string"},"workspace_id":{"schema":"2","type":"number"},"status":{"schema":"2","type":"number"},"email":{"schema":"sivakumar@konnectify.co","type":"string"}}},"isLocalAppInstalled":true,"isLocalAppEnabled":true},"superops_production:assetConnector_modules":{"newAssetId":"3020","updateAssetId":"3021","createdAt":1779777832955,"updatedAt":1779777832955},"superops_production:alertConnector_modules":{"alertCreatedConnectorId":"3022","alertResolvedConnectorId":"3023","resolveAlertOnTicketChangeConnectorId":"3024","webhookUrl":"https://skdemo.konnectifyapp.co/webhook/3105","createdAt":1779777837593,"updatedAt":1779777837593}}
2026-05-26 12:52:24.631 +0530 [debug] (data.js) Read {"report_hash":"164b6b376a3cd05500ae5d339dfa82b58fb0cf355e2ffc1a3429433c142392eb","supero_101_101_migrate_oauth_status":true,"supero_101_101_modules":{"supero_101_101_system_settings":{"currentHost":{"endpoint_urls":{"freshservice":"https://sivakumar.freshservice.com"},"subscribed_modules":["service_ticket"],"org_domain":"https://sivakumar-877416007896811476.myfreshworks.com","product_types":{"freshservice":"ITSM"},"itam_version":{"freshservice":"BASIC"}}},"supero_101_101_custom_iparams":{"__meta":{"secure":["app1_apikey"]},"domain":"skdemo","accessToken":"fGOnTMOApoEz3ag9dB3Vg+SvNGA/go4kBkcu5cO1LFw4qv9m7/Fyls3MvX8+dflize0NIWoIpu+7TovEsgSEyM609Uejca+XBNgjqeC0FdPMWKueFE5D47zSmWFwhDZfYveCfiktVWAmY4nrj1L46aV3xeFAaeFUeHFWCa9qGk4w2Zn6+HrgQYOvhHCpzF6bXVa8joFanHQmb01vPaAJpnVdAILZARS7a6k5gYul0a2A9RCDOkGsCZBpQEI85c3ArqKB1PjX7A3UD1a32ITqVWZE4v+4hRWrMt2demOn+EGVI/HllCEZwMi3wd4NkkS77L2fFCp+BdzAV81hybXmtmowJExtUD0I/U+PjK1QZnPxXtTHAVBUk++E+bSLCbQq5X0qthjGRXW03TuEVVllFndmMxsITF87LGyYx/WSZTg=","tenantToken":"eyJhbGciOiJSUzI1NiIsInR5cCI6IkpXVCJ9.eyJleHAiOjE4MjI5Nzc4MzEsImlhdCI6MTc3OTc3NzgzMSwib3JnSWQiOiI2NiIsImV4dGVybmFsVGVuYW50SWQiOiJzaXZhLWl0LXVzIiwiZXh0ZXJuYWxVc2VySWQiOiJEZWZhdWx0IHRlbmFudCB1c2VyIn0.Jkh9zPlKsFfU9PdSoU-OgoJsA3y0DvE4146Z20M3_dwD1u3H-_4AJFdRinB4zRgsAMTh4AOHuVsFNZX3rFat9J_hAO6WRiD_opNWAbP_tY2oiPp_o-PFsoqx9rs-qKV65-3maVGoKr41X5tjOLUHjwFevoLBhxy51LcvZiURDrU25h0BGfxCClEyV3xKVD-9rC3IrVkBVaTpr79vuXpAGx5NNlGbUlHbW1TrDvUuN4p9TRwoQfWEliMHOuZnfo7QXVX_fVad-Soay6QjK8qN-6_W_1WVDognMl7LHwThGUFyu6NwRCt_J3SmAvBFoOvatf61BSLotwWUQlclQTs0gA","tenantId":"781","adminEmail":"sivakumar@konnectify.co","adminPassword":"konnectify","freshserviceAppName":"Freshservice","freshserviceAppId":"freshservice-1.0.0","freshserviceDomain":"sivakumar.freshservice.com","freshserviceApikey":"ZHgKqHflrMs94pFikuiD","freshserviceConnectionId":"3039","freshserviceConnectionName":"Freshservice Connection - 2026-05-26T06:42:45.868Z","superopsAppName":"SuperOps IT","superopsAppId":"superopsit-1.0.0","superopsDomain":"siva-it-us","superopsConnectionId":"3040","superopsApikey":"api-eyJhbGciOiJSUzI1NiJ9.eyJqdGkiOiIxOTg3Mzk1MzkxNzUzMTU0NTYwIiwicmFuZG9taXplciI6Iu-_vUbvv73vv70877-977-9X--_ve-_vSJ9.m6JxYTLA3ETs3HRrRWbRqGTmOirwOtyESdy0shf476qwJJfkcDZIuMn-p1mmrbMjBuaCmBpXRm3illwFqJdN9Aw9kkVnQnMs3IgCNewXDxDqCtf4e3EDWaWNtGs5inDGoLRbsHa68Dp8hV8X1riObW3RpkzgkFeEgKf6EWLT4SatkCgM8JfNF1k2l_rrTwrpoTkC5wYatojeAmWhyrwqbMCWEe_sIuxVbclev5q1VcymcNYC6ylPNYJ3Pa6MR2FzJ1Y8e0hz66hgL_M3hi9mCUI0evv57VRsAD3uSSh06etHS5WqLvmDcKonKj2bXrpM0KQ3fO6lT4YNx_MGepb15g","superopsConnectionName":"Superops Connection - 2026-05-26T06:42:45.868Z","superopsAccountType":"it","superopsRegion":"us","sinceDate":"04-05-2026","isInEditConfig":"","assetMapping":[{"superops_asset_class":{"id":"23","name":"Domain Controller"},"freshservice_asset_type":{"id":"30000367000","name":"Application Gateway"},"field_mappings":[{"superops_field":{"id":"assetId","name":"Asset Id"},"freshservice_field":{"id":"asset_tag","name":"Asset Tag"}},{"superops_field":{"id":"name","name":"Name"},"freshservice_field":{"id":"name","name":"Display Name"}}]}],"siteSeverityMapping":{"siteLocationMapping":[{"superops_site":"6027178066613911552","freshservice_location":30000039635}],"severityPriorityMapping":[{"superops_severity":"Low","freshservice_priority":1},{"superops_severity":"Critical","freshservice_priority":4}]},"ticketForm":{"subject":"Test ticket","planned_start_date":"","planned_end_date":"","planned_effort":"","impacted_locations":"","no_of_customers_impacted":"","unique_code":"","redington_ticket_id":"","description":"sample desc","business_impact":"","workspace_id":2,"status":2,"ticket_type":"","source":"","urgency":"","impact":"","group":"","department":"","category":"","major_incident_type":"","requester":"sivakumar@konnectify.co","requester_email":"","agent":""},"formattedTicketForm":{"subject":{"schema":"Test ticket","type":"string"},"description":{"schema":"sample desc","type":"string"},"workspace_id":{"schema":"2","type":"number"},"status":{"schema":"2","type":"number"},"email":{"schema":"sivakumar@konnectify.co","type":"string"}}},"isLocalAppInstalled":true,"isLocalAppEnabled":true},"superops_production:assetConnector_modules":{"newAssetId":"3020","updateAssetId":"3021","createdAt":1779777832955,"updatedAt":1779777832955},"superops_production:alertConnector_modules":{"alertCreatedConnectorId":"3022","alertResolvedConnectorId":"3023","resolveAlertOnTicketChangeConnectorId":"3024","webhookUrl":"https://skdemo.konnectifyapp.co/webhook/3105","createdAt":1779777837593,"updatedAt":1779777837593}}
2026-05-26 12:52:24.631 +0530 [debug] (request.js) Obtained creds 
2026-05-26 12:52:24.631 +0530 [debug] (data.js) Read {"report_hash":"164b6b376a3cd05500ae5d339dfa82b58fb0cf355e2ffc1a3429433c142392eb","supero_101_101_migrate_oauth_status":true,"supero_101_101_modules":{"supero_101_101_system_settings":{"currentHost":{"endpoint_urls":{"freshservice":"https://sivakumar.freshservice.com"},"subscribed_modules":["service_ticket"],"org_domain":"https://sivakumar-877416007896811476.myfreshworks.com","product_types":{"freshservice":"ITSM"},"itam_version":{"freshservice":"BASIC"}}},"supero_101_101_custom_iparams":{"__meta":{"secure":["app1_apikey"]},"domain":"skdemo","accessToken":"fGOnTMOApoEz3ag9dB3Vg+SvNGA/go4kBkcu5cO1LFw4qv9m7/Fyls3MvX8+dflize0NIWoIpu+7TovEsgSEyM609Uejca+XBNgjqeC0FdPMWKueFE5D47zSmWFwhDZfYveCfiktVWAmY4nrj1L46aV3xeFAaeFUeHFWCa9qGk4w2Zn6+HrgQYOvhHCpzF6bXVa8joFanHQmb01vPaAJpnVdAILZARS7a6k5gYul0a2A9RCDOkGsCZBpQEI85c3ArqKB1PjX7A3UD1a32ITqVWZE4v+4hRWrMt2demOn+EGVI/HllCEZwMi3wd4NkkS77L2fFCp+BdzAV81hybXmtmowJExtUD0I/U+PjK1QZnPxXtTHAVBUk++E+bSLCbQq5X0qthjGRXW03TuEVVllFndmMxsITF87LGyYx/WSZTg=","tenantToken":"eyJhbGciOiJSUzI1NiIsInR5cCI6IkpXVCJ9.eyJleHAiOjE4MjI5Nzc4MzEsImlhdCI6MTc3OTc3NzgzMSwib3JnSWQiOiI2NiIsImV4dGVybmFsVGVuYW50SWQiOiJzaXZhLWl0LXVzIiwiZXh0ZXJuYWxVc2VySWQiOiJEZWZhdWx0IHRlbmFudCB1c2VyIn0.Jkh9zPlKsFfU9PdSoU-OgoJsA3y0DvE4146Z20M3_dwD1u3H-_4AJFdRinB4zRgsAMTh4AOHuVsFNZX3rFat9J_hAO6WRiD_opNWAbP_tY2oiPp_o-PFsoqx9rs-qKV65-3maVGoKr41X5tjOLUHjwFevoLBhxy51LcvZiURDrU25h0BGfxCClEyV3xKVD-9rC3IrVkBVaTpr79vuXpAGx5NNlGbUlHbW1TrDvUuN4p9TRwoQfWEliMHOuZnfo7QXVX_fVad-Soay6QjK8qN-6_W_1WVDognMl7LHwThGUFyu6NwRCt_J3SmAvBFoOvatf61BSLotwWUQlclQTs0gA","tenantId":"781","adminEmail":"sivakumar@konnectify.co","adminPassword":"konnectify","freshserviceAppName":"Freshservice","freshserviceAppId":"freshservice-1.0.0","freshserviceDomain":"sivakumar.freshservice.com","freshserviceApikey":"ZHgKqHflrMs94pFikuiD","freshserviceConnectionId":"3039","freshserviceConnectionName":"Freshservice Connection - 2026-05-26T06:42:45.868Z","superopsAppName":"SuperOps IT","superopsAppId":"superopsit-1.0.0","superopsDomain":"siva-it-us","superopsConnectionId":"3040","superopsApikey":"api-eyJhbGciOiJSUzI1NiJ9.eyJqdGkiOiIxOTg3Mzk1MzkxNzUzMTU0NTYwIiwicmFuZG9taXplciI6Iu-_vUbvv73vv70877-977-9X--_ve-_vSJ9.m6JxYTLA3ETs3HRrRWbRqGTmOirwOtyESdy0shf476qwJJfkcDZIuMn-p1mmrbMjBuaCmBpXRm3illwFqJdN9Aw9kkVnQnMs3IgCNewXDxDqCtf4e3EDWaWNtGs5inDGoLRbsHa68Dp8hV8X1riObW3RpkzgkFeEgKf6EWLT4SatkCgM8JfNF1k2l_rrTwrpoTkC5wYatojeAmWhyrwqbMCWEe_sIuxVbclev5q1VcymcNYC6ylPNYJ3Pa6MR2FzJ1Y8e0hz66hgL_M3hi9mCUI0evv57VRsAD3uSSh06etHS5WqLvmDcKonKj2bXrpM0KQ3fO6lT4YNx_MGepb15g","superopsConnectionName":"Superops Connection - 2026-05-26T06:42:45.868Z","superopsAccountType":"it","superopsRegion":"us","sinceDate":"04-05-2026","isInEditConfig":"","assetMapping":[{"superops_asset_class":{"id":"23","name":"Domain Controller"},"freshservice_asset_type":{"id":"30000367000","name":"Application Gateway"},"field_mappings":[{"superops_field":{"id":"assetId","name":"Asset Id"},"freshservice_field":{"id":"asset_tag","name":"Asset Tag"}},{"superops_field":{"id":"name","name":"Name"},"freshservice_field":{"id":"name","name":"Display Name"}}]}],"siteSeverityMapping":{"siteLocationMapping":[{"superops_site":"6027178066613911552","freshservice_location":30000039635}],"severityPriorityMapping":[{"superops_severity":"Low","freshservice_priority":1},{"superops_severity":"Critical","freshservice_priority":4}]},"ticketForm":{"subject":"Test ticket","planned_start_date":"","planned_end_date":"","planned_effort":"","impacted_locations":"","no_of_customers_impacted":"","unique_code":"","redington_ticket_id":"","description":"sample desc","business_impact":"","workspace_id":2,"status":2,"ticket_type":"","source":"","urgency":"","impact":"","group":"","department":"","category":"","major_incident_type":"","requester":"sivakumar@konnectify.co","requester_email":"","agent":""},"formattedTicketForm":{"subject":{"schema":"Test ticket","type":"string"},"description":{"schema":"sample desc","type":"string"},"workspace_id":{"schema":"2","type":"number"},"status":{"schema":"2","type":"number"},"email":{"schema":"sivakumar@konnectify.co","type":"string"}}},"isLocalAppInstalled":true,"isLocalAppEnabled":true},"superops_production:assetConnector_modules":{"newAssetId":"3020","updateAssetId":"3021","createdAt":1779777832955,"updatedAt":1779777832955},"superops_production:alertConnector_modules":{"alertCreatedConnectorId":"3022","alertResolvedConnectorId":"3023","resolveAlertOnTicketChangeConnectorId":"3024","webhookUrl":"https://skdemo.konnectifyapp.co/webhook/3105","createdAt":1779777837593,"updatedAt":1779777837593}}
2026-05-26 12:52:24.632 +0530 [debug] (request.js) Making request with options as { method: 'GET',
  url: 'https://sivakumar.freshservice.com/api/v2/asset_types?per_page=100&page=1',
  headers:
   { Authorization: 'Basic WkhnS3FIZmxyTXM5NHBGaWt1aUQ6eA==',
     'Content-Type': 'application/json' },
  body: null,
  maxAttempts: 1,
  retryDelay: 0,
  timeout: 15000 }
2026-05-26 12:52:24.751 +0530 [debug] (request.js) Looking for 'application/json' in application/json,application/xml,text/html,text/xml,application/jsonp,text/plain,application/javascript,application/vnd.api+json
2026-05-26 12:52:24.757 +0530 [debug] (data-pipe.js) received call for route "request" with action "execute" and body {"action":"execute","data":{"name":"getFreshserviceAssetTypes","context":{"host":"sivakumar","auth":"ZHgKqHflrMs94pFikuiD","perPage":100,"page":2},"isInstall":false,"isOAuth":true},"isInstall":false}
2026-05-26 12:52:24.757 +0530 [debug] (data.js) Read {"report_hash":"164b6b376a3cd05500ae5d339dfa82b58fb0cf355e2ffc1a3429433c142392eb","supero_101_101_migrate_oauth_status":true,"supero_101_101_modules":{"supero_101_101_system_settings":{"currentHost":{"endpoint_urls":{"freshservice":"https://sivakumar.freshservice.com"},"subscribed_modules":["service_ticket"],"org_domain":"https://sivakumar-877416007896811476.myfreshworks.com","product_types":{"freshservice":"ITSM"},"itam_version":{"freshservice":"BASIC"}}},"supero_101_101_custom_iparams":{"__meta":{"secure":["app1_apikey"]},"domain":"skdemo","accessToken":"fGOnTMOApoEz3ag9dB3Vg+SvNGA/go4kBkcu5cO1LFw4qv9m7/Fyls3MvX8+dflize0NIWoIpu+7TovEsgSEyM609Uejca+XBNgjqeC0FdPMWKueFE5D47zSmWFwhDZfYveCfiktVWAmY4nrj1L46aV3xeFAaeFUeHFWCa9qGk4w2Zn6+HrgQYOvhHCpzF6bXVa8joFanHQmb01vPaAJpnVdAILZARS7a6k5gYul0a2A9RCDOkGsCZBpQEI85c3ArqKB1PjX7A3UD1a32ITqVWZE4v+4hRWrMt2demOn+EGVI/HllCEZwMi3wd4NkkS77L2fFCp+BdzAV81hybXmtmowJExtUD0I/U+PjK1QZnPxXtTHAVBUk++E+bSLCbQq5X0qthjGRXW03TuEVVllFndmMxsITF87LGyYx/WSZTg=","tenantToken":"eyJhbGciOiJSUzI1NiIsInR5cCI6IkpXVCJ9.eyJleHAiOjE4MjI5Nzc4MzEsImlhdCI6MTc3OTc3NzgzMSwib3JnSWQiOiI2NiIsImV4dGVybmFsVGVuYW50SWQiOiJzaXZhLWl0LXVzIiwiZXh0ZXJuYWxVc2VySWQiOiJEZWZhdWx0IHRlbmFudCB1c2VyIn0.Jkh9zPlKsFfU9PdSoU-OgoJsA3y0DvE4146Z20M3_dwD1u3H-_4AJFdRinB4zRgsAMTh4AOHuVsFNZX3rFat9J_hAO6WRiD_opNWAbP_tY2oiPp_o-PFsoqx9rs-qKV65-3maVGoKr41X5tjOLUHjwFevoLBhxy51LcvZiURDrU25h0BGfxCClEyV3xKVD-9rC3IrVkBVaTpr79vuXpAGx5NNlGbUlHbW1TrDvUuN4p9TRwoQfWEliMHOuZnfo7QXVX_fVad-Soay6QjK8qN-6_W_1WVDognMl7LHwThGUFyu6NwRCt_J3SmAvBFoOvatf61BSLotwWUQlclQTs0gA","tenantId":"781","adminEmail":"sivakumar@konnectify.co","adminPassword":"konnectify","freshserviceAppName":"Freshservice","freshserviceAppId":"freshservice-1.0.0","freshserviceDomain":"sivakumar.freshservice.com","freshserviceApikey":"ZHgKqHflrMs94pFikuiD","freshserviceConnectionId":"3039","freshserviceConnectionName":"Freshservice Connection - 2026-05-26T06:42:45.868Z","superopsAppName":"SuperOps IT","superopsAppId":"superopsit-1.0.0","superopsDomain":"siva-it-us","superopsConnectionId":"3040","superopsApikey":"api-eyJhbGciOiJSUzI1NiJ9.eyJqdGkiOiIxOTg3Mzk1MzkxNzUzMTU0NTYwIiwicmFuZG9taXplciI6Iu-_vUbvv73vv70877-977-9X--_ve-_vSJ9.m6JxYTLA3ETs3HRrRWbRqGTmOirwOtyESdy0shf476qwJJfkcDZIuMn-p1mmrbMjBuaCmBpXRm3illwFqJdN9Aw9kkVnQnMs3IgCNewXDxDqCtf4e3EDWaWNtGs5inDGoLRbsHa68Dp8hV8X1riObW3RpkzgkFeEgKf6EWLT4SatkCgM8JfNF1k2l_rrTwrpoTkC5wYatojeAmWhyrwqbMCWEe_sIuxVbclev5q1VcymcNYC6ylPNYJ3Pa6MR2FzJ1Y8e0hz66hgL_M3hi9mCUI0evv57VRsAD3uSSh06etHS5WqLvmDcKonKj2bXrpM0KQ3fO6lT4YNx_MGepb15g","superopsConnectionName":"Superops Connection - 2026-05-26T06:42:45.868Z","superopsAccountType":"it","superopsRegion":"us","sinceDate":"04-05-2026","isInEditConfig":"","assetMapping":[{"superops_asset_class":{"id":"23","name":"Domain Controller"},"freshservice_asset_type":{"id":"30000367000","name":"Application Gateway"},"field_mappings":[{"superops_field":{"id":"assetId","name":"Asset Id"},"freshservice_field":{"id":"asset_tag","name":"Asset Tag"}},{"superops_field":{"id":"name","name":"Name"},"freshservice_field":{"id":"name","name":"Display Name"}}]}],"siteSeverityMapping":{"siteLocationMapping":[{"superops_site":"6027178066613911552","freshservice_location":30000039635}],"severityPriorityMapping":[{"superops_severity":"Low","freshservice_priority":1},{"superops_severity":"Critical","freshservice_priority":4}]},"ticketForm":{"subject":"Test ticket","planned_start_date":"","planned_end_date":"","planned_effort":"","impacted_locations":"","no_of_customers_impacted":"","unique_code":"","redington_ticket_id":"","description":"sample desc","business_impact":"","workspace_id":2,"status":2,"ticket_type":"","source":"","urgency":"","impact":"","group":"","department":"","category":"","major_incident_type":"","requester":"sivakumar@konnectify.co","requester_email":"","agent":""},"formattedTicketForm":{"subject":{"schema":"Test ticket","type":"string"},"description":{"schema":"sample desc","type":"string"},"workspace_id":{"schema":"2","type":"number"},"status":{"schema":"2","type":"number"},"email":{"schema":"sivakumar@konnectify.co","type":"string"}}},"isLocalAppInstalled":true,"isLocalAppEnabled":true},"superops_production:assetConnector_modules":{"newAssetId":"3020","updateAssetId":"3021","createdAt":1779777832955,"updatedAt":1779777832955},"superops_production:alertConnector_modules":{"alertCreatedConnectorId":"3022","alertResolvedConnectorId":"3023","resolveAlertOnTicketChangeConnectorId":"3024","webhookUrl":"https://skdemo.konnectifyapp.co/webhook/3105","createdAt":1779777837593,"updatedAt":1779777837593}}
2026-05-26 12:52:24.757 +0530 [debug] (http.js) Failed to parse URL: https://<%=context.host%>.freshservice.com, error: Invalid URL
2026-05-26 12:52:24.757 +0530 [debug] (request.js) Checking request template for multi-oauth app
2026-05-26 12:52:24.758 +0530 [debug] (data.js) Read {"report_hash":"164b6b376a3cd05500ae5d339dfa82b58fb0cf355e2ffc1a3429433c142392eb","supero_101_101_migrate_oauth_status":true,"supero_101_101_modules":{"supero_101_101_system_settings":{"currentHost":{"endpoint_urls":{"freshservice":"https://sivakumar.freshservice.com"},"subscribed_modules":["service_ticket"],"org_domain":"https://sivakumar-877416007896811476.myfreshworks.com","product_types":{"freshservice":"ITSM"},"itam_version":{"freshservice":"BASIC"}}},"supero_101_101_custom_iparams":{"__meta":{"secure":["app1_apikey"]},"domain":"skdemo","accessToken":"fGOnTMOApoEz3ag9dB3Vg+SvNGA/go4kBkcu5cO1LFw4qv9m7/Fyls3MvX8+dflize0NIWoIpu+7TovEsgSEyM609Uejca+XBNgjqeC0FdPMWKueFE5D47zSmWFwhDZfYveCfiktVWAmY4nrj1L46aV3xeFAaeFUeHFWCa9qGk4w2Zn6+HrgQYOvhHCpzF6bXVa8joFanHQmb01vPaAJpnVdAILZARS7a6k5gYul0a2A9RCDOkGsCZBpQEI85c3ArqKB1PjX7A3UD1a32ITqVWZE4v+4hRWrMt2demOn+EGVI/HllCEZwMi3wd4NkkS77L2fFCp+BdzAV81hybXmtmowJExtUD0I/U+PjK1QZnPxXtTHAVBUk++E+bSLCbQq5X0qthjGRXW03TuEVVllFndmMxsITF87LGyYx/WSZTg=","tenantToken":"eyJhbGciOiJSUzI1NiIsInR5cCI6IkpXVCJ9.eyJleHAiOjE4MjI5Nzc4MzEsImlhdCI6MTc3OTc3NzgzMSwib3JnSWQiOiI2NiIsImV4dGVybmFsVGVuYW50SWQiOiJzaXZhLWl0LXVzIiwiZXh0ZXJuYWxVc2VySWQiOiJEZWZhdWx0IHRlbmFudCB1c2VyIn0.Jkh9zPlKsFfU9PdSoU-OgoJsA3y0DvE4146Z20M3_dwD1u3H-_4AJFdRinB4zRgsAMTh4AOHuVsFNZX3rFat9J_hAO6WRiD_opNWAbP_tY2oiPp_o-PFsoqx9rs-qKV65-3maVGoKr41X5tjOLUHjwFevoLBhxy51LcvZiURDrU25h0BGfxCClEyV3xKVD-9rC3IrVkBVaTpr79vuXpAGx5NNlGbUlHbW1TrDvUuN4p9TRwoQfWEliMHOuZnfo7QXVX_fVad-Soay6QjK8qN-6_W_1WVDognMl7LHwThGUFyu6NwRCt_J3SmAvBFoOvatf61BSLotwWUQlclQTs0gA","tenantId":"781","adminEmail":"sivakumar@konnectify.co","adminPassword":"konnectify","freshserviceAppName":"Freshservice","freshserviceAppId":"freshservice-1.0.0","freshserviceDomain":"sivakumar.freshservice.com","freshserviceApikey":"ZHgKqHflrMs94pFikuiD","freshserviceConnectionId":"3039","freshserviceConnectionName":"Freshservice Connection - 2026-05-26T06:42:45.868Z","superopsAppName":"SuperOps IT","superopsAppId":"superopsit-1.0.0","superopsDomain":"siva-it-us","superopsConnectionId":"3040","superopsApikey":"api-eyJhbGciOiJSUzI1NiJ9.eyJqdGkiOiIxOTg3Mzk1MzkxNzUzMTU0NTYwIiwicmFuZG9taXplciI6Iu-_vUbvv73vv70877-977-9X--_ve-_vSJ9.m6JxYTLA3ETs3HRrRWbRqGTmOirwOtyESdy0shf476qwJJfkcDZIuMn-p1mmrbMjBuaCmBpXRm3illwFqJdN9Aw9kkVnQnMs3IgCNewXDxDqCtf4e3EDWaWNtGs5inDGoLRbsHa68Dp8hV8X1riObW3RpkzgkFeEgKf6EWLT4SatkCgM8JfNF1k2l_rrTwrpoTkC5wYatojeAmWhyrwqbMCWEe_sIuxVbclev5q1VcymcNYC6ylPNYJ3Pa6MR2FzJ1Y8e0hz66hgL_M3hi9mCUI0evv57VRsAD3uSSh06etHS5WqLvmDcKonKj2bXrpM0KQ3fO6lT4YNx_MGepb15g","superopsConnectionName":"Superops Connection - 2026-05-26T06:42:45.868Z","superopsAccountType":"it","superopsRegion":"us","sinceDate":"04-05-2026","isInEditConfig":"","assetMapping":[{"superops_asset_class":{"id":"23","name":"Domain Controller"},"freshservice_asset_type":{"id":"30000367000","name":"Application Gateway"},"field_mappings":[{"superops_field":{"id":"assetId","name":"Asset Id"},"freshservice_field":{"id":"asset_tag","name":"Asset Tag"}},{"superops_field":{"id":"name","name":"Name"},"freshservice_field":{"id":"name","name":"Display Name"}}]}],"siteSeverityMapping":{"siteLocationMapping":[{"superops_site":"6027178066613911552","freshservice_location":30000039635}],"severityPriorityMapping":[{"superops_severity":"Low","freshservice_priority":1},{"superops_severity":"Critical","freshservice_priority":4}]},"ticketForm":{"subject":"Test ticket","planned_start_date":"","planned_end_date":"","planned_effort":"","impacted_locations":"","no_of_customers_impacted":"","unique_code":"","redington_ticket_id":"","description":"sample desc","business_impact":"","workspace_id":2,"status":2,"ticket_type":"","source":"","urgency":"","impact":"","group":"","department":"","category":"","major_incident_type":"","requester":"sivakumar@konnectify.co","requester_email":"","agent":""},"formattedTicketForm":{"subject":{"schema":"Test ticket","type":"string"},"description":{"schema":"sample desc","type":"string"},"workspace_id":{"schema":"2","type":"number"},"status":{"schema":"2","type":"number"},"email":{"schema":"sivakumar@konnectify.co","type":"string"}}},"isLocalAppInstalled":true,"isLocalAppEnabled":true},"superops_production:assetConnector_modules":{"newAssetId":"3020","updateAssetId":"3021","createdAt":1779777832955,"updatedAt":1779777832955},"superops_production:alertConnector_modules":{"alertCreatedConnectorId":"3022","alertResolvedConnectorId":"3023","resolveAlertOnTicketChangeConnectorId":"3024","webhookUrl":"https://skdemo.konnectifyapp.co/webhook/3105","createdAt":1779777837593,"updatedAt":1779777837593}}
2026-05-26 12:52:24.758 +0530 [debug] (data.js) Read {"report_hash":"164b6b376a3cd05500ae5d339dfa82b58fb0cf355e2ffc1a3429433c142392eb","supero_101_101_migrate_oauth_status":true,"supero_101_101_modules":{"supero_101_101_system_settings":{"currentHost":{"endpoint_urls":{"freshservice":"https://sivakumar.freshservice.com"},"subscribed_modules":["service_ticket"],"org_domain":"https://sivakumar-877416007896811476.myfreshworks.com","product_types":{"freshservice":"ITSM"},"itam_version":{"freshservice":"BASIC"}}},"supero_101_101_custom_iparams":{"__meta":{"secure":["app1_apikey"]},"domain":"skdemo","accessToken":"fGOnTMOApoEz3ag9dB3Vg+SvNGA/go4kBkcu5cO1LFw4qv9m7/Fyls3MvX8+dflize0NIWoIpu+7TovEsgSEyM609Uejca+XBNgjqeC0FdPMWKueFE5D47zSmWFwhDZfYveCfiktVWAmY4nrj1L46aV3xeFAaeFUeHFWCa9qGk4w2Zn6+HrgQYOvhHCpzF6bXVa8joFanHQmb01vPaAJpnVdAILZARS7a6k5gYul0a2A9RCDOkGsCZBpQEI85c3ArqKB1PjX7A3UD1a32ITqVWZE4v+4hRWrMt2demOn+EGVI/HllCEZwMi3wd4NkkS77L2fFCp+BdzAV81hybXmtmowJExtUD0I/U+PjK1QZnPxXtTHAVBUk++E+bSLCbQq5X0qthjGRXW03TuEVVllFndmMxsITF87LGyYx/WSZTg=","tenantToken":"eyJhbGciOiJSUzI1NiIsInR5cCI6IkpXVCJ9.eyJleHAiOjE4MjI5Nzc4MzEsImlhdCI6MTc3OTc3NzgzMSwib3JnSWQiOiI2NiIsImV4dGVybmFsVGVuYW50SWQiOiJzaXZhLWl0LXVzIiwiZXh0ZXJuYWxVc2VySWQiOiJEZWZhdWx0IHRlbmFudCB1c2VyIn0.Jkh9zPlKsFfU9PdSoU-OgoJsA3y0DvE4146Z20M3_dwD1u3H-_4AJFdRinB4zRgsAMTh4AOHuVsFNZX3rFat9J_hAO6WRiD_opNWAbP_tY2oiPp_o-PFsoqx9rs-qKV65-3maVGoKr41X5tjOLUHjwFevoLBhxy51LcvZiURDrU25h0BGfxCClEyV3xKVD-9rC3IrVkBVaTpr79vuXpAGx5NNlGbUlHbW1TrDvUuN4p9TRwoQfWEliMHOuZnfo7QXVX_fVad-Soay6QjK8qN-6_W_1WVDognMl7LHwThGUFyu6NwRCt_J3SmAvBFoOvatf61BSLotwWUQlclQTs0gA","tenantId":"781","adminEmail":"sivakumar@konnectify.co","adminPassword":"konnectify","freshserviceAppName":"Freshservice","freshserviceAppId":"freshservice-1.0.0","freshserviceDomain":"sivakumar.freshservice.com","freshserviceApikey":"ZHgKqHflrMs94pFikuiD","freshserviceConnectionId":"3039","freshserviceConnectionName":"Freshservice Connection - 2026-05-26T06:42:45.868Z","superopsAppName":"SuperOps IT","superopsAppId":"superopsit-1.0.0","superopsDomain":"siva-it-us","superopsConnectionId":"3040","superopsApikey":"api-eyJhbGciOiJSUzI1NiJ9.eyJqdGkiOiIxOTg3Mzk1MzkxNzUzMTU0NTYwIiwicmFuZG9taXplciI6Iu-_vUbvv73vv70877-977-9X--_ve-_vSJ9.m6JxYTLA3ETs3HRrRWbRqGTmOirwOtyESdy0shf476qwJJfkcDZIuMn-p1mmrbMjBuaCmBpXRm3illwFqJdN9Aw9kkVnQnMs3IgCNewXDxDqCtf4e3EDWaWNtGs5inDGoLRbsHa68Dp8hV8X1riObW3RpkzgkFeEgKf6EWLT4SatkCgM8JfNF1k2l_rrTwrpoTkC5wYatojeAmWhyrwqbMCWEe_sIuxVbclev5q1VcymcNYC6ylPNYJ3Pa6MR2FzJ1Y8e0hz66hgL_M3hi9mCUI0evv57VRsAD3uSSh06etHS5WqLvmDcKonKj2bXrpM0KQ3fO6lT4YNx_MGepb15g","superopsConnectionName":"Superops Connection - 2026-05-26T06:42:45.868Z","superopsAccountType":"it","superopsRegion":"us","sinceDate":"04-05-2026","isInEditConfig":"","assetMapping":[{"superops_asset_class":{"id":"23","name":"Domain Controller"},"freshservice_asset_type":{"id":"30000367000","name":"Application Gateway"},"field_mappings":[{"superops_field":{"id":"assetId","name":"Asset Id"},"freshservice_field":{"id":"asset_tag","name":"Asset Tag"}},{"superops_field":{"id":"name","name":"Name"},"freshservice_field":{"id":"name","name":"Display Name"}}]}],"siteSeverityMapping":{"siteLocationMapping":[{"superops_site":"6027178066613911552","freshservice_location":30000039635}],"severityPriorityMapping":[{"superops_severity":"Low","freshservice_priority":1},{"superops_severity":"Critical","freshservice_priority":4}]},"ticketForm":{"subject":"Test ticket","planned_start_date":"","planned_end_date":"","planned_effort":"","impacted_locations":"","no_of_customers_impacted":"","unique_code":"","redington_ticket_id":"","description":"sample desc","business_impact":"","workspace_id":2,"status":2,"ticket_type":"","source":"","urgency":"","impact":"","group":"","department":"","category":"","major_incident_type":"","requester":"sivakumar@konnectify.co","requester_email":"","agent":""},"formattedTicketForm":{"subject":{"schema":"Test ticket","type":"string"},"description":{"schema":"sample desc","type":"string"},"workspace_id":{"schema":"2","type":"number"},"status":{"schema":"2","type":"number"},"email":{"schema":"sivakumar@konnectify.co","type":"string"}}},"isLocalAppInstalled":true,"isLocalAppEnabled":true},"superops_production:assetConnector_modules":{"newAssetId":"3020","updateAssetId":"3021","createdAt":1779777832955,"updatedAt":1779777832955},"superops_production:alertConnector_modules":{"alertCreatedConnectorId":"3022","alertResolvedConnectorId":"3023","resolveAlertOnTicketChangeConnectorId":"3024","webhookUrl":"https://skdemo.konnectifyapp.co/webhook/3105","createdAt":1779777837593,"updatedAt":1779777837593}}
2026-05-26 12:52:24.758 +0530 [debug] (data.js) Read {"report_hash":"164b6b376a3cd05500ae5d339dfa82b58fb0cf355e2ffc1a3429433c142392eb","supero_101_101_migrate_oauth_status":true,"supero_101_101_modules":{"supero_101_101_system_settings":{"currentHost":{"endpoint_urls":{"freshservice":"https://sivakumar.freshservice.com"},"subscribed_modules":["service_ticket"],"org_domain":"https://sivakumar-877416007896811476.myfreshworks.com","product_types":{"freshservice":"ITSM"},"itam_version":{"freshservice":"BASIC"}}},"supero_101_101_custom_iparams":{"__meta":{"secure":["app1_apikey"]},"domain":"skdemo","accessToken":"fGOnTMOApoEz3ag9dB3Vg+SvNGA/go4kBkcu5cO1LFw4qv9m7/Fyls3MvX8+dflize0NIWoIpu+7TovEsgSEyM609Uejca+XBNgjqeC0FdPMWKueFE5D47zSmWFwhDZfYveCfiktVWAmY4nrj1L46aV3xeFAaeFUeHFWCa9qGk4w2Zn6+HrgQYOvhHCpzF6bXVa8joFanHQmb01vPaAJpnVdAILZARS7a6k5gYul0a2A9RCDOkGsCZBpQEI85c3ArqKB1PjX7A3UD1a32ITqVWZE4v+4hRWrMt2demOn+EGVI/HllCEZwMi3wd4NkkS77L2fFCp+BdzAV81hybXmtmowJExtUD0I/U+PjK1QZnPxXtTHAVBUk++E+bSLCbQq5X0qthjGRXW03TuEVVllFndmMxsITF87LGyYx/WSZTg=","tenantToken":"eyJhbGciOiJSUzI1NiIsInR5cCI6IkpXVCJ9.eyJleHAiOjE4MjI5Nzc4MzEsImlhdCI6MTc3OTc3NzgzMSwib3JnSWQiOiI2NiIsImV4dGVybmFsVGVuYW50SWQiOiJzaXZhLWl0LXVzIiwiZXh0ZXJuYWxVc2VySWQiOiJEZWZhdWx0IHRlbmFudCB1c2VyIn0.Jkh9zPlKsFfU9PdSoU-OgoJsA3y0DvE4146Z20M3_dwD1u3H-_4AJFdRinB4zRgsAMTh4AOHuVsFNZX3rFat9J_hAO6WRiD_opNWAbP_tY2oiPp_o-PFsoqx9rs-qKV65-3maVGoKr41X5tjOLUHjwFevoLBhxy51LcvZiURDrU25h0BGfxCClEyV3xKVD-9rC3IrVkBVaTpr79vuXpAGx5NNlGbUlHbW1TrDvUuN4p9TRwoQfWEliMHOuZnfo7QXVX_fVad-Soay6QjK8qN-6_W_1WVDognMl7LHwThGUFyu6NwRCt_J3SmAvBFoOvatf61BSLotwWUQlclQTs0gA","tenantId":"781","adminEmail":"sivakumar@konnectify.co","adminPassword":"konnectify","freshserviceAppName":"Freshservice","freshserviceAppId":"freshservice-1.0.0","freshserviceDomain":"sivakumar.freshservice.com","freshserviceApikey":"ZHgKqHflrMs94pFikuiD","freshserviceConnectionId":"3039","freshserviceConnectionName":"Freshservice Connection - 2026-05-26T06:42:45.868Z","superopsAppName":"SuperOps IT","superopsAppId":"superopsit-1.0.0","superopsDomain":"siva-it-us","superopsConnectionId":"3040","superopsApikey":"api-eyJhbGciOiJSUzI1NiJ9.eyJqdGkiOiIxOTg3Mzk1MzkxNzUzMTU0NTYwIiwicmFuZG9taXplciI6Iu-_vUbvv73vv70877-977-9X--_ve-_vSJ9.m6JxYTLA3ETs3HRrRWbRqGTmOirwOtyESdy0shf476qwJJfkcDZIuMn-p1mmrbMjBuaCmBpXRm3illwFqJdN9Aw9kkVnQnMs3IgCNewXDxDqCtf4e3EDWaWNtGs5inDGoLRbsHa68Dp8hV8X1riObW3RpkzgkFeEgKf6EWLT4SatkCgM8JfNF1k2l_rrTwrpoTkC5wYatojeAmWhyrwqbMCWEe_sIuxVbclev5q1VcymcNYC6ylPNYJ3Pa6MR2FzJ1Y8e0hz66hgL_M3hi9mCUI0evv57VRsAD3uSSh06etHS5WqLvmDcKonKj2bXrpM0KQ3fO6lT4YNx_MGepb15g","superopsConnectionName":"Superops Connection - 2026-05-26T06:42:45.868Z","superopsAccountType":"it","superopsRegion":"us","sinceDate":"04-05-2026","isInEditConfig":"","assetMapping":[{"superops_asset_class":{"id":"23","name":"Domain Controller"},"freshservice_asset_type":{"id":"30000367000","name":"Application Gateway"},"field_mappings":[{"superops_field":{"id":"assetId","name":"Asset Id"},"freshservice_field":{"id":"asset_tag","name":"Asset Tag"}},{"superops_field":{"id":"name","name":"Name"},"freshservice_field":{"id":"name","name":"Display Name"}}]}],"siteSeverityMapping":{"siteLocationMapping":[{"superops_site":"6027178066613911552","freshservice_location":30000039635}],"severityPriorityMapping":[{"superops_severity":"Low","freshservice_priority":1},{"superops_severity":"Critical","freshservice_priority":4}]},"ticketForm":{"subject":"Test ticket","planned_start_date":"","planned_end_date":"","planned_effort":"","impacted_locations":"","no_of_customers_impacted":"","unique_code":"","redington_ticket_id":"","description":"sample desc","business_impact":"","workspace_id":2,"status":2,"ticket_type":"","source":"","urgency":"","impact":"","group":"","department":"","category":"","major_incident_type":"","requester":"sivakumar@konnectify.co","requester_email":"","agent":""},"formattedTicketForm":{"subject":{"schema":"Test ticket","type":"string"},"description":{"schema":"sample desc","type":"string"},"workspace_id":{"schema":"2","type":"number"},"status":{"schema":"2","type":"number"},"email":{"schema":"sivakumar@konnectify.co","type":"string"}}},"isLocalAppInstalled":true,"isLocalAppEnabled":true},"superops_production:assetConnector_modules":{"newAssetId":"3020","updateAssetId":"3021","createdAt":1779777832955,"updatedAt":1779777832955},"superops_production:alertConnector_modules":{"alertCreatedConnectorId":"3022","alertResolvedConnectorId":"3023","resolveAlertOnTicketChangeConnectorId":"3024","webhookUrl":"https://skdemo.konnectifyapp.co/webhook/3105","createdAt":1779777837593,"updatedAt":1779777837593}}
2026-05-26 12:52:24.758 +0530 [debug] (request.js) Obtained creds 
2026-05-26 12:52:24.758 +0530 [debug] (data.js) Read {"report_hash":"164b6b376a3cd05500ae5d339dfa82b58fb0cf355e2ffc1a3429433c142392eb","supero_101_101_migrate_oauth_status":true,"supero_101_101_modules":{"supero_101_101_system_settings":{"currentHost":{"endpoint_urls":{"freshservice":"https://sivakumar.freshservice.com"},"subscribed_modules":["service_ticket"],"org_domain":"https://sivakumar-877416007896811476.myfreshworks.com","product_types":{"freshservice":"ITSM"},"itam_version":{"freshservice":"BASIC"}}},"supero_101_101_custom_iparams":{"__meta":{"secure":["app1_apikey"]},"domain":"skdemo","accessToken":"fGOnTMOApoEz3ag9dB3Vg+SvNGA/go4kBkcu5cO1LFw4qv9m7/Fyls3MvX8+dflize0NIWoIpu+7TovEsgSEyM609Uejca+XBNgjqeC0FdPMWKueFE5D47zSmWFwhDZfYveCfiktVWAmY4nrj1L46aV3xeFAaeFUeHFWCa9qGk4w2Zn6+HrgQYOvhHCpzF6bXVa8joFanHQmb01vPaAJpnVdAILZARS7a6k5gYul0a2A9RCDOkGsCZBpQEI85c3ArqKB1PjX7A3UD1a32ITqVWZE4v+4hRWrMt2demOn+EGVI/HllCEZwMi3wd4NkkS77L2fFCp+BdzAV81hybXmtmowJExtUD0I/U+PjK1QZnPxXtTHAVBUk++E+bSLCbQq5X0qthjGRXW03TuEVVllFndmMxsITF87LGyYx/WSZTg=","tenantToken":"eyJhbGciOiJSUzI1NiIsInR5cCI6IkpXVCJ9.eyJleHAiOjE4MjI5Nzc4MzEsImlhdCI6MTc3OTc3NzgzMSwib3JnSWQiOiI2NiIsImV4dGVybmFsVGVuYW50SWQiOiJzaXZhLWl0LXVzIiwiZXh0ZXJuYWxVc2VySWQiOiJEZWZhdWx0IHRlbmFudCB1c2VyIn0.Jkh9zPlKsFfU9PdSoU-OgoJsA3y0DvE4146Z20M3_dwD1u3H-_4AJFdRinB4zRgsAMTh4AOHuVsFNZX3rFat9J_hAO6WRiD_opNWAbP_tY2oiPp_o-PFsoqx9rs-qKV65-3maVGoKr41X5tjOLUHjwFevoLBhxy51LcvZiURDrU25h0BGfxCClEyV3xKVD-9rC3IrVkBVaTpr79vuXpAGx5NNlGbUlHbW1TrDvUuN4p9TRwoQfWEliMHOuZnfo7QXVX_fVad-Soay6QjK8qN-6_W_1WVDognMl7LHwThGUFyu6NwRCt_J3SmAvBFoOvatf61BSLotwWUQlclQTs0gA","tenantId":"781","adminEmail":"sivakumar@konnectify.co","adminPassword":"konnectify","freshserviceAppName":"Freshservice","freshserviceAppId":"freshservice-1.0.0","freshserviceDomain":"sivakumar.freshservice.com","freshserviceApikey":"ZHgKqHflrMs94pFikuiD","freshserviceConnectionId":"3039","freshserviceConnectionName":"Freshservice Connection - 2026-05-26T06:42:45.868Z","superopsAppName":"SuperOps IT","superopsAppId":"superopsit-1.0.0","superopsDomain":"siva-it-us","superopsConnectionId":"3040","superopsApikey":"api-eyJhbGciOiJSUzI1NiJ9.eyJqdGkiOiIxOTg3Mzk1MzkxNzUzMTU0NTYwIiwicmFuZG9taXplciI6Iu-_vUbvv73vv70877-977-9X--_ve-_vSJ9.m6JxYTLA3ETs3HRrRWbRqGTmOirwOtyESdy0shf476qwJJfkcDZIuMn-p1mmrbMjBuaCmBpXRm3illwFqJdN9Aw9kkVnQnMs3IgCNewXDxDqCtf4e3EDWaWNtGs5inDGoLRbsHa68Dp8hV8X1riObW3RpkzgkFeEgKf6EWLT4SatkCgM8JfNF1k2l_rrTwrpoTkC5wYatojeAmWhyrwqbMCWEe_sIuxVbclev5q1VcymcNYC6ylPNYJ3Pa6MR2FzJ1Y8e0hz66hgL_M3hi9mCUI0evv57VRsAD3uSSh06etHS5WqLvmDcKonKj2bXrpM0KQ3fO6lT4YNx_MGepb15g","superopsConnectionName":"Superops Connection - 2026-05-26T06:42:45.868Z","superopsAccountType":"it","superopsRegion":"us","sinceDate":"04-05-2026","isInEditConfig":"","assetMapping":[{"superops_asset_class":{"id":"23","name":"Domain Controller"},"freshservice_asset_type":{"id":"30000367000","name":"Application Gateway"},"field_mappings":[{"superops_field":{"id":"assetId","name":"Asset Id"},"freshservice_field":{"id":"asset_tag","name":"Asset Tag"}},{"superops_field":{"id":"name","name":"Name"},"freshservice_field":{"id":"name","name":"Display Name"}}]}],"siteSeverityMapping":{"siteLocationMapping":[{"superops_site":"6027178066613911552","freshservice_location":30000039635}],"severityPriorityMapping":[{"superops_severity":"Low","freshservice_priority":1},{"superops_severity":"Critical","freshservice_priority":4}]},"ticketForm":{"subject":"Test ticket","planned_start_date":"","planned_end_date":"","planned_effort":"","impacted_locations":"","no_of_customers_impacted":"","unique_code":"","redington_ticket_id":"","description":"sample desc","business_impact":"","workspace_id":2,"status":2,"ticket_type":"","source":"","urgency":"","impact":"","group":"","department":"","category":"","major_incident_type":"","requester":"sivakumar@konnectify.co","requester_email":"","agent":""},"formattedTicketForm":{"subject":{"schema":"Test ticket","type":"string"},"description":{"schema":"sample desc","type":"string"},"workspace_id":{"schema":"2","type":"number"},"status":{"schema":"2","type":"number"},"email":{"schema":"sivakumar@konnectify.co","type":"string"}}},"isLocalAppInstalled":true,"isLocalAppEnabled":true},"superops_production:assetConnector_modules":{"newAssetId":"3020","updateAssetId":"3021","createdAt":1779777832955,"updatedAt":1779777832955},"superops_production:alertConnector_modules":{"alertCreatedConnectorId":"3022","alertResolvedConnectorId":"3023","resolveAlertOnTicketChangeConnectorId":"3024","webhookUrl":"https://skdemo.konnectifyapp.co/webhook/3105","createdAt":1779777837593,"updatedAt":1779777837593}}
2026-05-26 12:52:24.759 +0530 [debug] (request.js) Making request with options as { method: 'GET',
  url: 'https://sivakumar.freshservice.com/api/v2/asset_types?per_page=100&page=2',
  headers:
   { Authorization: 'Basic WkhnS3FIZmxyTXM5NHBGaWt1aUQ6eA==',
     'Content-Type': 'application/json' },
  body: null,
  maxAttempts: 1,
  retryDelay: 0,
  timeout: 15000 }
2026-05-26 12:52:24.838 +0530 [debug] (request.js) Looking for 'application/json' in application/json,application/xml,text/html,text/xml,application/jsonp,text/plain,application/javascript,application/vnd.api+json
2026-05-26 12:52:25.683 +0530 [debug] (request.js) Looking for 'application/json' in application/json,application/xml,text/html,text/xml,application/jsonp,text/plain,application/javascript,application/vnd.api+json
2026-05-26 12:52:25.695 +0530 [debug] (data-pipe.js) received call for route "request" with action "execute" and body {"action":"execute","data":{"name":"getAssets","context":{"host":"api.superops.ai","domain":"siva-it-us","token":"api-eyJhbGciOiJSUzI1NiJ9.eyJqdGkiOiIxOTg3Mzk1MzkxNzUzMTU0NTYwIiwicmFuZG9taXplciI6Iu-_vUbvv73vv70877-977-9X--_ve-_vSJ9.m6JxYTLA3ETs3HRrRWbRqGTmOirwOtyESdy0shf476qwJJfkcDZIuMn-p1mmrbMjBuaCmBpXRm3illwFqJdN9Aw9kkVnQnMs3IgCNewXDxDqCtf4e3EDWaWNtGs5inDGoLRbsHa68Dp8hV8X1riObW3RpkzgkFeEgKf6EWLT4SatkCgM8JfNF1k2l_rrTwrpoTkC5wYatojeAmWhyrwqbMCWEe_sIuxVbclev5q1VcymcNYC6ylPNYJ3Pa6MR2FzJ1Y8e0hz66hgL_M3hi9mCUI0evv57VRsAD3uSSh06etHS5WqLvmDcKonKj2bXrpM0KQ3fO6lT4YNx_MGepb15g","path":"/it"},"body":"{\"query\":\"\\n  query getAssetClassFieldsForIntegration($input: AssetClassIdentifierInput!) {\\n    getAssetClassFieldsForIntegration(input: $input) {\\n      fields { fieldKey fieldLabel isCustomField  }\\n      keyFields\\n    }\\n  }\",\"variables\":{\"input\":{\"classId\":\"23\"}}}","isInstall":false,"isOAuth":true},"isInstall":false}
2026-05-26 12:52:25.695 +0530 [debug] (data.js) Read {"report_hash":"164b6b376a3cd05500ae5d339dfa82b58fb0cf355e2ffc1a3429433c142392eb","supero_101_101_migrate_oauth_status":true,"supero_101_101_modules":{"supero_101_101_system_settings":{"currentHost":{"endpoint_urls":{"freshservice":"https://sivakumar.freshservice.com"},"subscribed_modules":["service_ticket"],"org_domain":"https://sivakumar-877416007896811476.myfreshworks.com","product_types":{"freshservice":"ITSM"},"itam_version":{"freshservice":"BASIC"}}},"supero_101_101_custom_iparams":{"__meta":{"secure":["app1_apikey"]},"domain":"skdemo","accessToken":"fGOnTMOApoEz3ag9dB3Vg+SvNGA/go4kBkcu5cO1LFw4qv9m7/Fyls3MvX8+dflize0NIWoIpu+7TovEsgSEyM609Uejca+XBNgjqeC0FdPMWKueFE5D47zSmWFwhDZfYveCfiktVWAmY4nrj1L46aV3xeFAaeFUeHFWCa9qGk4w2Zn6+HrgQYOvhHCpzF6bXVa8joFanHQmb01vPaAJpnVdAILZARS7a6k5gYul0a2A9RCDOkGsCZBpQEI85c3ArqKB1PjX7A3UD1a32ITqVWZE4v+4hRWrMt2demOn+EGVI/HllCEZwMi3wd4NkkS77L2fFCp+BdzAV81hybXmtmowJExtUD0I/U+PjK1QZnPxXtTHAVBUk++E+bSLCbQq5X0qthjGRXW03TuEVVllFndmMxsITF87LGyYx/WSZTg=","tenantToken":"eyJhbGciOiJSUzI1NiIsInR5cCI6IkpXVCJ9.eyJleHAiOjE4MjI5Nzc4MzEsImlhdCI6MTc3OTc3NzgzMSwib3JnSWQiOiI2NiIsImV4dGVybmFsVGVuYW50SWQiOiJzaXZhLWl0LXVzIiwiZXh0ZXJuYWxVc2VySWQiOiJEZWZhdWx0IHRlbmFudCB1c2VyIn0.Jkh9zPlKsFfU9PdSoU-OgoJsA3y0DvE4146Z20M3_dwD1u3H-_4AJFdRinB4zRgsAMTh4AOHuVsFNZX3rFat9J_hAO6WRiD_opNWAbP_tY2oiPp_o-PFsoqx9rs-qKV65-3maVGoKr41X5tjOLUHjwFevoLBhxy51LcvZiURDrU25h0BGfxCClEyV3xKVD-9rC3IrVkBVaTpr79vuXpAGx5NNlGbUlHbW1TrDvUuN4p9TRwoQfWEliMHOuZnfo7QXVX_fVad-Soay6QjK8qN-6_W_1WVDognMl7LHwThGUFyu6NwRCt_J3SmAvBFoOvatf61BSLotwWUQlclQTs0gA","tenantId":"781","adminEmail":"sivakumar@konnectify.co","adminPassword":"konnectify","freshserviceAppName":"Freshservice","freshserviceAppId":"freshservice-1.0.0","freshserviceDomain":"sivakumar.freshservice.com","freshserviceApikey":"ZHgKqHflrMs94pFikuiD","freshserviceConnectionId":"3039","freshserviceConnectionName":"Freshservice Connection - 2026-05-26T06:42:45.868Z","superopsAppName":"SuperOps IT","superopsAppId":"superopsit-1.0.0","superopsDomain":"siva-it-us","superopsConnectionId":"3040","superopsApikey":"api-eyJhbGciOiJSUzI1NiJ9.eyJqdGkiOiIxOTg3Mzk1MzkxNzUzMTU0NTYwIiwicmFuZG9taXplciI6Iu-_vUbvv73vv70877-977-9X--_ve-_vSJ9.m6JxYTLA3ETs3HRrRWbRqGTmOirwOtyESdy0shf476qwJJfkcDZIuMn-p1mmrbMjBuaCmBpXRm3illwFqJdN9Aw9kkVnQnMs3IgCNewXDxDqCtf4e3EDWaWNtGs5inDGoLRbsHa68Dp8hV8X1riObW3RpkzgkFeEgKf6EWLT4SatkCgM8JfNF1k2l_rrTwrpoTkC5wYatojeAmWhyrwqbMCWEe_sIuxVbclev5q1VcymcNYC6ylPNYJ3Pa6MR2FzJ1Y8e0hz66hgL_M3hi9mCUI0evv57VRsAD3uSSh06etHS5WqLvmDcKonKj2bXrpM0KQ3fO6lT4YNx_MGepb15g","superopsConnectionName":"Superops Connection - 2026-05-26T06:42:45.868Z","superopsAccountType":"it","superopsRegion":"us","sinceDate":"04-05-2026","isInEditConfig":"","assetMapping":[{"superops_asset_class":{"id":"23","name":"Domain Controller"},"freshservice_asset_type":{"id":"30000367000","name":"Application Gateway"},"field_mappings":[{"superops_field":{"id":"assetId","name":"Asset Id"},"freshservice_field":{"id":"asset_tag","name":"Asset Tag"}},{"superops_field":{"id":"name","name":"Name"},"freshservice_field":{"id":"name","name":"Display Name"}}]}],"siteSeverityMapping":{"siteLocationMapping":[{"superops_site":"6027178066613911552","freshservice_location":30000039635}],"severityPriorityMapping":[{"superops_severity":"Low","freshservice_priority":1},{"superops_severity":"Critical","freshservice_priority":4}]},"ticketForm":{"subject":"Test ticket","planned_start_date":"","planned_end_date":"","planned_effort":"","impacted_locations":"","no_of_customers_impacted":"","unique_code":"","redington_ticket_id":"","description":"sample desc","business_impact":"","workspace_id":2,"status":2,"ticket_type":"","source":"","urgency":"","impact":"","group":"","department":"","category":"","major_incident_type":"","requester":"sivakumar@konnectify.co","requester_email":"","agent":""},"formattedTicketForm":{"subject":{"schema":"Test ticket","type":"string"},"description":{"schema":"sample desc","type":"string"},"workspace_id":{"schema":"2","type":"number"},"status":{"schema":"2","type":"number"},"email":{"schema":"sivakumar@konnectify.co","type":"string"}}},"isLocalAppInstalled":true,"isLocalAppEnabled":true},"superops_production:assetConnector_modules":{"newAssetId":"3020","updateAssetId":"3021","createdAt":1779777832955,"updatedAt":1779777832955},"superops_production:alertConnector_modules":{"alertCreatedConnectorId":"3022","alertResolvedConnectorId":"3023","resolveAlertOnTicketChangeConnectorId":"3024","webhookUrl":"https://skdemo.konnectifyapp.co/webhook/3105","createdAt":1779777837593,"updatedAt":1779777837593}}
2026-05-26 12:52:25.696 +0530 [debug] (http.js) Failed to parse URL: https://<%= context.host %>, error: Invalid URL
2026-05-26 12:52:25.696 +0530 [debug] (request.js) Checking request template for multi-oauth app
2026-05-26 12:52:25.696 +0530 [debug] (data.js) Read {"report_hash":"164b6b376a3cd05500ae5d339dfa82b58fb0cf355e2ffc1a3429433c142392eb","supero_101_101_migrate_oauth_status":true,"supero_101_101_modules":{"supero_101_101_system_settings":{"currentHost":{"endpoint_urls":{"freshservice":"https://sivakumar.freshservice.com"},"subscribed_modules":["service_ticket"],"org_domain":"https://sivakumar-877416007896811476.myfreshworks.com","product_types":{"freshservice":"ITSM"},"itam_version":{"freshservice":"BASIC"}}},"supero_101_101_custom_iparams":{"__meta":{"secure":["app1_apikey"]},"domain":"skdemo","accessToken":"fGOnTMOApoEz3ag9dB3Vg+SvNGA/go4kBkcu5cO1LFw4qv9m7/Fyls3MvX8+dflize0NIWoIpu+7TovEsgSEyM609Uejca+XBNgjqeC0FdPMWKueFE5D47zSmWFwhDZfYveCfiktVWAmY4nrj1L46aV3xeFAaeFUeHFWCa9qGk4w2Zn6+HrgQYOvhHCpzF6bXVa8joFanHQmb01vPaAJpnVdAILZARS7a6k5gYul0a2A9RCDOkGsCZBpQEI85c3ArqKB1PjX7A3UD1a32ITqVWZE4v+4hRWrMt2demOn+EGVI/HllCEZwMi3wd4NkkS77L2fFCp+BdzAV81hybXmtmowJExtUD0I/U+PjK1QZnPxXtTHAVBUk++E+bSLCbQq5X0qthjGRXW03TuEVVllFndmMxsITF87LGyYx/WSZTg=","tenantToken":"eyJhbGciOiJSUzI1NiIsInR5cCI6IkpXVCJ9.eyJleHAiOjE4MjI5Nzc4MzEsImlhdCI6MTc3OTc3NzgzMSwib3JnSWQiOiI2NiIsImV4dGVybmFsVGVuYW50SWQiOiJzaXZhLWl0LXVzIiwiZXh0ZXJuYWxVc2VySWQiOiJEZWZhdWx0IHRlbmFudCB1c2VyIn0.Jkh9zPlKsFfU9PdSoU-OgoJsA3y0DvE4146Z20M3_dwD1u3H-_4AJFdRinB4zRgsAMTh4AOHuVsFNZX3rFat9J_hAO6WRiD_opNWAbP_tY2oiPp_o-PFsoqx9rs-qKV65-3maVGoKr41X5tjOLUHjwFevoLBhxy51LcvZiURDrU25h0BGfxCClEyV3xKVD-9rC3IrVkBVaTpr79vuXpAGx5NNlGbUlHbW1TrDvUuN4p9TRwoQfWEliMHOuZnfo7QXVX_fVad-Soay6QjK8qN-6_W_1WVDognMl7LHwThGUFyu6NwRCt_J3SmAvBFoOvatf61BSLotwWUQlclQTs0gA","tenantId":"781","adminEmail":"sivakumar@konnectify.co","adminPassword":"konnectify","freshserviceAppName":"Freshservice","freshserviceAppId":"freshservice-1.0.0","freshserviceDomain":"sivakumar.freshservice.com","freshserviceApikey":"ZHgKqHflrMs94pFikuiD","freshserviceConnectionId":"3039","freshserviceConnectionName":"Freshservice Connection - 2026-05-26T06:42:45.868Z","superopsAppName":"SuperOps IT","superopsAppId":"superopsit-1.0.0","superopsDomain":"siva-it-us","superopsConnectionId":"3040","superopsApikey":"api-eyJhbGciOiJSUzI1NiJ9.eyJqdGkiOiIxOTg3Mzk1MzkxNzUzMTU0NTYwIiwicmFuZG9taXplciI6Iu-_vUbvv73vv70877-977-9X--_ve-_vSJ9.m6JxYTLA3ETs3HRrRWbRqGTmOirwOtyESdy0shf476qwJJfkcDZIuMn-p1mmrbMjBuaCmBpXRm3illwFqJdN9Aw9kkVnQnMs3IgCNewXDxDqCtf4e3EDWaWNtGs5inDGoLRbsHa68Dp8hV8X1riObW3RpkzgkFeEgKf6EWLT4SatkCgM8JfNF1k2l_rrTwrpoTkC5wYatojeAmWhyrwqbMCWEe_sIuxVbclev5q1VcymcNYC6ylPNYJ3Pa6MR2FzJ1Y8e0hz66hgL_M3hi9mCUI0evv57VRsAD3uSSh06etHS5WqLvmDcKonKj2bXrpM0KQ3fO6lT4YNx_MGepb15g","superopsConnectionName":"Superops Connection - 2026-05-26T06:42:45.868Z","superopsAccountType":"it","superopsRegion":"us","sinceDate":"04-05-2026","isInEditConfig":"","assetMapping":[{"superops_asset_class":{"id":"23","name":"Domain Controller"},"freshservice_asset_type":{"id":"30000367000","name":"Application Gateway"},"field_mappings":[{"superops_field":{"id":"assetId","name":"Asset Id"},"freshservice_field":{"id":"asset_tag","name":"Asset Tag"}},{"superops_field":{"id":"name","name":"Name"},"freshservice_field":{"id":"name","name":"Display Name"}}]}],"siteSeverityMapping":{"siteLocationMapping":[{"superops_site":"6027178066613911552","freshservice_location":30000039635}],"severityPriorityMapping":[{"superops_severity":"Low","freshservice_priority":1},{"superops_severity":"Critical","freshservice_priority":4}]},"ticketForm":{"subject":"Test ticket","planned_start_date":"","planned_end_date":"","planned_effort":"","impacted_locations":"","no_of_customers_impacted":"","unique_code":"","redington_ticket_id":"","description":"sample desc","business_impact":"","workspace_id":2,"status":2,"ticket_type":"","source":"","urgency":"","impact":"","group":"","department":"","category":"","major_incident_type":"","requester":"sivakumar@konnectify.co","requester_email":"","agent":""},"formattedTicketForm":{"subject":{"schema":"Test ticket","type":"string"},"description":{"schema":"sample desc","type":"string"},"workspace_id":{"schema":"2","type":"number"},"status":{"schema":"2","type":"number"},"email":{"schema":"sivakumar@konnectify.co","type":"string"}}},"isLocalAppInstalled":true,"isLocalAppEnabled":true},"superops_production:assetConnector_modules":{"newAssetId":"3020","updateAssetId":"3021","createdAt":1779777832955,"updatedAt":1779777832955},"superops_production:alertConnector_modules":{"alertCreatedConnectorId":"3022","alertResolvedConnectorId":"3023","resolveAlertOnTicketChangeConnectorId":"3024","webhookUrl":"https://skdemo.konnectifyapp.co/webhook/3105","createdAt":1779777837593,"updatedAt":1779777837593}}
2026-05-26 12:52:25.696 +0530 [debug] (data.js) Read {"report_hash":"164b6b376a3cd05500ae5d339dfa82b58fb0cf355e2ffc1a3429433c142392eb","supero_101_101_migrate_oauth_status":true,"supero_101_101_modules":{"supero_101_101_system_settings":{"currentHost":{"endpoint_urls":{"freshservice":"https://sivakumar.freshservice.com"},"subscribed_modules":["service_ticket"],"org_domain":"https://sivakumar-877416007896811476.myfreshworks.com","product_types":{"freshservice":"ITSM"},"itam_version":{"freshservice":"BASIC"}}},"supero_101_101_custom_iparams":{"__meta":{"secure":["app1_apikey"]},"domain":"skdemo","accessToken":"fGOnTMOApoEz3ag9dB3Vg+SvNGA/go4kBkcu5cO1LFw4qv9m7/Fyls3MvX8+dflize0NIWoIpu+7TovEsgSEyM609Uejca+XBNgjqeC0FdPMWKueFE5D47zSmWFwhDZfYveCfiktVWAmY4nrj1L46aV3xeFAaeFUeHFWCa9qGk4w2Zn6+HrgQYOvhHCpzF6bXVa8joFanHQmb01vPaAJpnVdAILZARS7a6k5gYul0a2A9RCDOkGsCZBpQEI85c3ArqKB1PjX7A3UD1a32ITqVWZE4v+4hRWrMt2demOn+EGVI/HllCEZwMi3wd4NkkS77L2fFCp+BdzAV81hybXmtmowJExtUD0I/U+PjK1QZnPxXtTHAVBUk++E+bSLCbQq5X0qthjGRXW03TuEVVllFndmMxsITF87LGyYx/WSZTg=","tenantToken":"eyJhbGciOiJSUzI1NiIsInR5cCI6IkpXVCJ9.eyJleHAiOjE4MjI5Nzc4MzEsImlhdCI6MTc3OTc3NzgzMSwib3JnSWQiOiI2NiIsImV4dGVybmFsVGVuYW50SWQiOiJzaXZhLWl0LXVzIiwiZXh0ZXJuYWxVc2VySWQiOiJEZWZhdWx0IHRlbmFudCB1c2VyIn0.Jkh9zPlKsFfU9PdSoU-OgoJsA3y0DvE4146Z20M3_dwD1u3H-_4AJFdRinB4zRgsAMTh4AOHuVsFNZX3rFat9J_hAO6WRiD_opNWAbP_tY2oiPp_o-PFsoqx9rs-qKV65-3maVGoKr41X5tjOLUHjwFevoLBhxy51LcvZiURDrU25h0BGfxCClEyV3xKVD-9rC3IrVkBVaTpr79vuXpAGx5NNlGbUlHbW1TrDvUuN4p9TRwoQfWEliMHOuZnfo7QXVX_fVad-Soay6QjK8qN-6_W_1WVDognMl7LHwThGUFyu6NwRCt_J3SmAvBFoOvatf61BSLotwWUQlclQTs0gA","tenantId":"781","adminEmail":"sivakumar@konnectify.co","adminPassword":"konnectify","freshserviceAppName":"Freshservice","freshserviceAppId":"freshservice-1.0.0","freshserviceDomain":"sivakumar.freshservice.com","freshserviceApikey":"ZHgKqHflrMs94pFikuiD","freshserviceConnectionId":"3039","freshserviceConnectionName":"Freshservice Connection - 2026-05-26T06:42:45.868Z","superopsAppName":"SuperOps IT","superopsAppId":"superopsit-1.0.0","superopsDomain":"siva-it-us","superopsConnectionId":"3040","superopsApikey":"api-eyJhbGciOiJSUzI1NiJ9.eyJqdGkiOiIxOTg3Mzk1MzkxNzUzMTU0NTYwIiwicmFuZG9taXplciI6Iu-_vUbvv73vv70877-977-9X--_ve-_vSJ9.m6JxYTLA3ETs3HRrRWbRqGTmOirwOtyESdy0shf476qwJJfkcDZIuMn-p1mmrbMjBuaCmBpXRm3illwFqJdN9Aw9kkVnQnMs3IgCNewXDxDqCtf4e3EDWaWNtGs5inDGoLRbsHa68Dp8hV8X1riObW3RpkzgkFeEgKf6EWLT4SatkCgM8JfNF1k2l_rrTwrpoTkC5wYatojeAmWhyrwqbMCWEe_sIuxVbclev5q1VcymcNYC6ylPNYJ3Pa6MR2FzJ1Y8e0hz66hgL_M3hi9mCUI0evv57VRsAD3uSSh06etHS5WqLvmDcKonKj2bXrpM0KQ3fO6lT4YNx_MGepb15g","superopsConnectionName":"Superops Connection - 2026-05-26T06:42:45.868Z","superopsAccountType":"it","superopsRegion":"us","sinceDate":"04-05-2026","isInEditConfig":"","assetMapping":[{"superops_asset_class":{"id":"23","name":"Domain Controller"},"freshservice_asset_type":{"id":"30000367000","name":"Application Gateway"},"field_mappings":[{"superops_field":{"id":"assetId","name":"Asset Id"},"freshservice_field":{"id":"asset_tag","name":"Asset Tag"}},{"superops_field":{"id":"name","name":"Name"},"freshservice_field":{"id":"name","name":"Display Name"}}]}],"siteSeverityMapping":{"siteLocationMapping":[{"superops_site":"6027178066613911552","freshservice_location":30000039635}],"severityPriorityMapping":[{"superops_severity":"Low","freshservice_priority":1},{"superops_severity":"Critical","freshservice_priority":4}]},"ticketForm":{"subject":"Test ticket","planned_start_date":"","planned_end_date":"","planned_effort":"","impacted_locations":"","no_of_customers_impacted":"","unique_code":"","redington_ticket_id":"","description":"sample desc","business_impact":"","workspace_id":2,"status":2,"ticket_type":"","source":"","urgency":"","impact":"","group":"","department":"","category":"","major_incident_type":"","requester":"sivakumar@konnectify.co","requester_email":"","agent":""},"formattedTicketForm":{"subject":{"schema":"Test ticket","type":"string"},"description":{"schema":"sample desc","type":"string"},"workspace_id":{"schema":"2","type":"number"},"status":{"schema":"2","type":"number"},"email":{"schema":"sivakumar@konnectify.co","type":"string"}}},"isLocalAppInstalled":true,"isLocalAppEnabled":true},"superops_production:assetConnector_modules":{"newAssetId":"3020","updateAssetId":"3021","createdAt":1779777832955,"updatedAt":1779777832955},"superops_production:alertConnector_modules":{"alertCreatedConnectorId":"3022","alertResolvedConnectorId":"3023","resolveAlertOnTicketChangeConnectorId":"3024","webhookUrl":"https://skdemo.konnectifyapp.co/webhook/3105","createdAt":1779777837593,"updatedAt":1779777837593}}
2026-05-26 12:52:25.697 +0530 [debug] (data.js) Read {"report_hash":"164b6b376a3cd05500ae5d339dfa82b58fb0cf355e2ffc1a3429433c142392eb","supero_101_101_migrate_oauth_status":true,"supero_101_101_modules":{"supero_101_101_system_settings":{"currentHost":{"endpoint_urls":{"freshservice":"https://sivakumar.freshservice.com"},"subscribed_modules":["service_ticket"],"org_domain":"https://sivakumar-877416007896811476.myfreshworks.com","product_types":{"freshservice":"ITSM"},"itam_version":{"freshservice":"BASIC"}}},"supero_101_101_custom_iparams":{"__meta":{"secure":["app1_apikey"]},"domain":"skdemo","accessToken":"fGOnTMOApoEz3ag9dB3Vg+SvNGA/go4kBkcu5cO1LFw4qv9m7/Fyls3MvX8+dflize0NIWoIpu+7TovEsgSEyM609Uejca+XBNgjqeC0FdPMWKueFE5D47zSmWFwhDZfYveCfiktVWAmY4nrj1L46aV3xeFAaeFUeHFWCa9qGk4w2Zn6+HrgQYOvhHCpzF6bXVa8joFanHQmb01vPaAJpnVdAILZARS7a6k5gYul0a2A9RCDOkGsCZBpQEI85c3ArqKB1PjX7A3UD1a32ITqVWZE4v+4hRWrMt2demOn+EGVI/HllCEZwMi3wd4NkkS77L2fFCp+BdzAV81hybXmtmowJExtUD0I/U+PjK1QZnPxXtTHAVBUk++E+bSLCbQq5X0qthjGRXW03TuEVVllFndmMxsITF87LGyYx/WSZTg=","tenantToken":"eyJhbGciOiJSUzI1NiIsInR5cCI6IkpXVCJ9.eyJleHAiOjE4MjI5Nzc4MzEsImlhdCI6MTc3OTc3NzgzMSwib3JnSWQiOiI2NiIsImV4dGVybmFsVGVuYW50SWQiOiJzaXZhLWl0LXVzIiwiZXh0ZXJuYWxVc2VySWQiOiJEZWZhdWx0IHRlbmFudCB1c2VyIn0.Jkh9zPlKsFfU9PdSoU-OgoJsA3y0DvE4146Z20M3_dwD1u3H-_4AJFdRinB4zRgsAMTh4AOHuVsFNZX3rFat9J_hAO6WRiD_opNWAbP_tY2oiPp_o-PFsoqx9rs-qKV65-3maVGoKr41X5tjOLUHjwFevoLBhxy51LcvZiURDrU25h0BGfxCClEyV3xKVD-9rC3IrVkBVaTpr79vuXpAGx5NNlGbUlHbW1TrDvUuN4p9TRwoQfWEliMHOuZnfo7QXVX_fVad-Soay6QjK8qN-6_W_1WVDognMl7LHwThGUFyu6NwRCt_J3SmAvBFoOvatf61BSLotwWUQlclQTs0gA","tenantId":"781","adminEmail":"sivakumar@konnectify.co","adminPassword":"konnectify","freshserviceAppName":"Freshservice","freshserviceAppId":"freshservice-1.0.0","freshserviceDomain":"sivakumar.freshservice.com","freshserviceApikey":"ZHgKqHflrMs94pFikuiD","freshserviceConnectionId":"3039","freshserviceConnectionName":"Freshservice Connection - 2026-05-26T06:42:45.868Z","superopsAppName":"SuperOps IT","superopsAppId":"superopsit-1.0.0","superopsDomain":"siva-it-us","superopsConnectionId":"3040","superopsApikey":"api-eyJhbGciOiJSUzI1NiJ9.eyJqdGkiOiIxOTg3Mzk1MzkxNzUzMTU0NTYwIiwicmFuZG9taXplciI6Iu-_vUbvv73vv70877-977-9X--_ve-_vSJ9.m6JxYTLA3ETs3HRrRWbRqGTmOirwOtyESdy0shf476qwJJfkcDZIuMn-p1mmrbMjBuaCmBpXRm3illwFqJdN9Aw9kkVnQnMs3IgCNewXDxDqCtf4e3EDWaWNtGs5inDGoLRbsHa68Dp8hV8X1riObW3RpkzgkFeEgKf6EWLT4SatkCgM8JfNF1k2l_rrTwrpoTkC5wYatojeAmWhyrwqbMCWEe_sIuxVbclev5q1VcymcNYC6ylPNYJ3Pa6MR2FzJ1Y8e0hz66hgL_M3hi9mCUI0evv57VRsAD3uSSh06etHS5WqLvmDcKonKj2bXrpM0KQ3fO6lT4YNx_MGepb15g","superopsConnectionName":"Superops Connection - 2026-05-26T06:42:45.868Z","superopsAccountType":"it","superopsRegion":"us","sinceDate":"04-05-2026","isInEditConfig":"","assetMapping":[{"superops_asset_class":{"id":"23","name":"Domain Controller"},"freshservice_asset_type":{"id":"30000367000","name":"Application Gateway"},"field_mappings":[{"superops_field":{"id":"assetId","name":"Asset Id"},"freshservice_field":{"id":"asset_tag","name":"Asset Tag"}},{"superops_field":{"id":"name","name":"Name"},"freshservice_field":{"id":"name","name":"Display Name"}}]}],"siteSeverityMapping":{"siteLocationMapping":[{"superops_site":"6027178066613911552","freshservice_location":30000039635}],"severityPriorityMapping":[{"superops_severity":"Low","freshservice_priority":1},{"superops_severity":"Critical","freshservice_priority":4}]},"ticketForm":{"subject":"Test ticket","planned_start_date":"","planned_end_date":"","planned_effort":"","impacted_locations":"","no_of_customers_impacted":"","unique_code":"","redington_ticket_id":"","description":"sample desc","business_impact":"","workspace_id":2,"status":2,"ticket_type":"","source":"","urgency":"","impact":"","group":"","department":"","category":"","major_incident_type":"","requester":"sivakumar@konnectify.co","requester_email":"","agent":""},"formattedTicketForm":{"subject":{"schema":"Test ticket","type":"string"},"description":{"schema":"sample desc","type":"string"},"workspace_id":{"schema":"2","type":"number"},"status":{"schema":"2","type":"number"},"email":{"schema":"sivakumar@konnectify.co","type":"string"}}},"isLocalAppInstalled":true,"isLocalAppEnabled":true},"superops_production:assetConnector_modules":{"newAssetId":"3020","updateAssetId":"3021","createdAt":1779777832955,"updatedAt":1779777832955},"superops_production:alertConnector_modules":{"alertCreatedConnectorId":"3022","alertResolvedConnectorId":"3023","resolveAlertOnTicketChangeConnectorId":"3024","webhookUrl":"https://skdemo.konnectifyapp.co/webhook/3105","createdAt":1779777837593,"updatedAt":1779777837593}}
2026-05-26 12:52:25.697 +0530 [debug] (request.js) Obtained creds 
2026-05-26 12:52:25.697 +0530 [debug] (data.js) Read {"report_hash":"164b6b376a3cd05500ae5d339dfa82b58fb0cf355e2ffc1a3429433c142392eb","supero_101_101_migrate_oauth_status":true,"supero_101_101_modules":{"supero_101_101_system_settings":{"currentHost":{"endpoint_urls":{"freshservice":"https://sivakumar.freshservice.com"},"subscribed_modules":["service_ticket"],"org_domain":"https://sivakumar-877416007896811476.myfreshworks.com","product_types":{"freshservice":"ITSM"},"itam_version":{"freshservice":"BASIC"}}},"supero_101_101_custom_iparams":{"__meta":{"secure":["app1_apikey"]},"domain":"skdemo","accessToken":"fGOnTMOApoEz3ag9dB3Vg+SvNGA/go4kBkcu5cO1LFw4qv9m7/Fyls3MvX8+dflize0NIWoIpu+7TovEsgSEyM609Uejca+XBNgjqeC0FdPMWKueFE5D47zSmWFwhDZfYveCfiktVWAmY4nrj1L46aV3xeFAaeFUeHFWCa9qGk4w2Zn6+HrgQYOvhHCpzF6bXVa8joFanHQmb01vPaAJpnVdAILZARS7a6k5gYul0a2A9RCDOkGsCZBpQEI85c3ArqKB1PjX7A3UD1a32ITqVWZE4v+4hRWrMt2demOn+EGVI/HllCEZwMi3wd4NkkS77L2fFCp+BdzAV81hybXmtmowJExtUD0I/U+PjK1QZnPxXtTHAVBUk++E+bSLCbQq5X0qthjGRXW03TuEVVllFndmMxsITF87LGyYx/WSZTg=","tenantToken":"eyJhbGciOiJSUzI1NiIsInR5cCI6IkpXVCJ9.eyJleHAiOjE4MjI5Nzc4MzEsImlhdCI6MTc3OTc3NzgzMSwib3JnSWQiOiI2NiIsImV4dGVybmFsVGVuYW50SWQiOiJzaXZhLWl0LXVzIiwiZXh0ZXJuYWxVc2VySWQiOiJEZWZhdWx0IHRlbmFudCB1c2VyIn0.Jkh9zPlKsFfU9PdSoU-OgoJsA3y0DvE4146Z20M3_dwD1u3H-_4AJFdRinB4zRgsAMTh4AOHuVsFNZX3rFat9J_hAO6WRiD_opNWAbP_tY2oiPp_o-PFsoqx9rs-qKV65-3maVGoKr41X5tjOLUHjwFevoLBhxy51LcvZiURDrU25h0BGfxCClEyV3xKVD-9rC3IrVkBVaTpr79vuXpAGx5NNlGbUlHbW1TrDvUuN4p9TRwoQfWEliMHOuZnfo7QXVX_fVad-Soay6QjK8qN-6_W_1WVDognMl7LHwThGUFyu6NwRCt_J3SmAvBFoOvatf61BSLotwWUQlclQTs0gA","tenantId":"781","adminEmail":"sivakumar@konnectify.co","adminPassword":"konnectify","freshserviceAppName":"Freshservice","freshserviceAppId":"freshservice-1.0.0","freshserviceDomain":"sivakumar.freshservice.com","freshserviceApikey":"ZHgKqHflrMs94pFikuiD","freshserviceConnectionId":"3039","freshserviceConnectionName":"Freshservice Connection - 2026-05-26T06:42:45.868Z","superopsAppName":"SuperOps IT","superopsAppId":"superopsit-1.0.0","superopsDomain":"siva-it-us","superopsConnectionId":"3040","superopsApikey":"api-eyJhbGciOiJSUzI1NiJ9.eyJqdGkiOiIxOTg3Mzk1MzkxNzUzMTU0NTYwIiwicmFuZG9taXplciI6Iu-_vUbvv73vv70877-977-9X--_ve-_vSJ9.m6JxYTLA3ETs3HRrRWbRqGTmOirwOtyESdy0shf476qwJJfkcDZIuMn-p1mmrbMjBuaCmBpXRm3illwFqJdN9Aw9kkVnQnMs3IgCNewXDxDqCtf4e3EDWaWNtGs5inDGoLRbsHa68Dp8hV8X1riObW3RpkzgkFeEgKf6EWLT4SatkCgM8JfNF1k2l_rrTwrpoTkC5wYatojeAmWhyrwqbMCWEe_sIuxVbclev5q1VcymcNYC6ylPNYJ3Pa6MR2FzJ1Y8e0hz66hgL_M3hi9mCUI0evv57VRsAD3uSSh06etHS5WqLvmDcKonKj2bXrpM0KQ3fO6lT4YNx_MGepb15g","superopsConnectionName":"Superops Connection - 2026-05-26T06:42:45.868Z","superopsAccountType":"it","superopsRegion":"us","sinceDate":"04-05-2026","isInEditConfig":"","assetMapping":[{"superops_asset_class":{"id":"23","name":"Domain Controller"},"freshservice_asset_type":{"id":"30000367000","name":"Application Gateway"},"field_mappings":[{"superops_field":{"id":"assetId","name":"Asset Id"},"freshservice_field":{"id":"asset_tag","name":"Asset Tag"}},{"superops_field":{"id":"name","name":"Name"},"freshservice_field":{"id":"name","name":"Display Name"}}]}],"siteSeverityMapping":{"siteLocationMapping":[{"superops_site":"6027178066613911552","freshservice_location":30000039635}],"severityPriorityMapping":[{"superops_severity":"Low","freshservice_priority":1},{"superops_severity":"Critical","freshservice_priority":4}]},"ticketForm":{"subject":"Test ticket","planned_start_date":"","planned_end_date":"","planned_effort":"","impacted_locations":"","no_of_customers_impacted":"","unique_code":"","redington_ticket_id":"","description":"sample desc","business_impact":"","workspace_id":2,"status":2,"ticket_type":"","source":"","urgency":"","impact":"","group":"","department":"","category":"","major_incident_type":"","requester":"sivakumar@konnectify.co","requester_email":"","agent":""},"formattedTicketForm":{"subject":{"schema":"Test ticket","type":"string"},"description":{"schema":"sample desc","type":"string"},"workspace_id":{"schema":"2","type":"number"},"status":{"schema":"2","type":"number"},"email":{"schema":"sivakumar@konnectify.co","type":"string"}}},"isLocalAppInstalled":true,"isLocalAppEnabled":true},"superops_production:assetConnector_modules":{"newAssetId":"3020","updateAssetId":"3021","createdAt":1779777832955,"updatedAt":1779777832955},"superops_production:alertConnector_modules":{"alertCreatedConnectorId":"3022","alertResolvedConnectorId":"3023","resolveAlertOnTicketChangeConnectorId":"3024","webhookUrl":"https://skdemo.konnectifyapp.co/webhook/3105","createdAt":1779777837593,"updatedAt":1779777837593}}
2026-05-26 12:52:25.698 +0530 [debug] (request.js) Making request with options as { method: 'POST',
  url: 'https://api.superops.ai/it',
  headers:
   { Authorization:
      'Bearer api-eyJhbGciOiJSUzI1NiJ9.eyJqdGkiOiIxOTg3Mzk1MzkxNzUzMTU0NTYwIiwicmFuZG9taXplciI6Iu-_vUbvv73vv70877-977-9X--_ve-_vSJ9.m6JxYTLA3ETs3HRrRWbRqGTmOirwOtyESdy0shf476qwJJfkcDZIuMn-p1mmrbMjBuaCmBpXRm3'... 267 more characters,
     CustomerSubDomain: 'siva-it-us',
     'Content-Type': 'application/json' },
  body:
   '{"query":"\\n  query getAssetClassFieldsForIntegration($input: AssetClassIdentifierInput!) {\\n    getAssetClassFieldsForIntegration(input: $input) {\\n      fields { fieldKey fieldLabel isCustomField  }'... 70 more characters,
  maxAttempts: 1,
  retryDelay: 0,
  timeout: 15000 }
2026-05-26 12:52:26.117 +0530 [debug] (request.js) Looking for 'application/json' in application/json,application/xml,text/html,text/xml,application/jsonp,text/plain,application/javascript,application/vnd.api+json
2026-05-26 12:52:26.128 +0530 [debug] (data-pipe.js) received call for route "request" with action "execute" and body {"action":"execute","data":{"name":"getFreshserviceAssetFields","context":{"host":"sivakumar","auth":"ZHgKqHflrMs94pFikuiD","typeId":"30000367000"},"isInstall":false,"isOAuth":true},"isInstall":false}
2026-05-26 12:52:26.128 +0530 [debug] (data.js) Read {"report_hash":"164b6b376a3cd05500ae5d339dfa82b58fb0cf355e2ffc1a3429433c142392eb","supero_101_101_migrate_oauth_status":true,"supero_101_101_modules":{"supero_101_101_system_settings":{"currentHost":{"endpoint_urls":{"freshservice":"https://sivakumar.freshservice.com"},"subscribed_modules":["service_ticket"],"org_domain":"https://sivakumar-877416007896811476.myfreshworks.com","product_types":{"freshservice":"ITSM"},"itam_version":{"freshservice":"BASIC"}}},"supero_101_101_custom_iparams":{"__meta":{"secure":["app1_apikey"]},"domain":"skdemo","accessToken":"fGOnTMOApoEz3ag9dB3Vg+SvNGA/go4kBkcu5cO1LFw4qv9m7/Fyls3MvX8+dflize0NIWoIpu+7TovEsgSEyM609Uejca+XBNgjqeC0FdPMWKueFE5D47zSmWFwhDZfYveCfiktVWAmY4nrj1L46aV3xeFAaeFUeHFWCa9qGk4w2Zn6+HrgQYOvhHCpzF6bXVa8joFanHQmb01vPaAJpnVdAILZARS7a6k5gYul0a2A9RCDOkGsCZBpQEI85c3ArqKB1PjX7A3UD1a32ITqVWZE4v+4hRWrMt2demOn+EGVI/HllCEZwMi3wd4NkkS77L2fFCp+BdzAV81hybXmtmowJExtUD0I/U+PjK1QZnPxXtTHAVBUk++E+bSLCbQq5X0qthjGRXW03TuEVVllFndmMxsITF87LGyYx/WSZTg=","tenantToken":"eyJhbGciOiJSUzI1NiIsInR5cCI6IkpXVCJ9.eyJleHAiOjE4MjI5Nzc4MzEsImlhdCI6MTc3OTc3NzgzMSwib3JnSWQiOiI2NiIsImV4dGVybmFsVGVuYW50SWQiOiJzaXZhLWl0LXVzIiwiZXh0ZXJuYWxVc2VySWQiOiJEZWZhdWx0IHRlbmFudCB1c2VyIn0.Jkh9zPlKsFfU9PdSoU-OgoJsA3y0DvE4146Z20M3_dwD1u3H-_4AJFdRinB4zRgsAMTh4AOHuVsFNZX3rFat9J_hAO6WRiD_opNWAbP_tY2oiPp_o-PFsoqx9rs-qKV65-3maVGoKr41X5tjOLUHjwFevoLBhxy51LcvZiURDrU25h0BGfxCClEyV3xKVD-9rC3IrVkBVaTpr79vuXpAGx5NNlGbUlHbW1TrDvUuN4p9TRwoQfWEliMHOuZnfo7QXVX_fVad-Soay6QjK8qN-6_W_1WVDognMl7LHwThGUFyu6NwRCt_J3SmAvBFoOvatf61BSLotwWUQlclQTs0gA","tenantId":"781","adminEmail":"sivakumar@konnectify.co","adminPassword":"konnectify","freshserviceAppName":"Freshservice","freshserviceAppId":"freshservice-1.0.0","freshserviceDomain":"sivakumar.freshservice.com","freshserviceApikey":"ZHgKqHflrMs94pFikuiD","freshserviceConnectionId":"3039","freshserviceConnectionName":"Freshservice Connection - 2026-05-26T06:42:45.868Z","superopsAppName":"SuperOps IT","superopsAppId":"superopsit-1.0.0","superopsDomain":"siva-it-us","superopsConnectionId":"3040","superopsApikey":"api-eyJhbGciOiJSUzI1NiJ9.eyJqdGkiOiIxOTg3Mzk1MzkxNzUzMTU0NTYwIiwicmFuZG9taXplciI6Iu-_vUbvv73vv70877-977-9X--_ve-_vSJ9.m6JxYTLA3ETs3HRrRWbRqGTmOirwOtyESdy0shf476qwJJfkcDZIuMn-p1mmrbMjBuaCmBpXRm3illwFqJdN9Aw9kkVnQnMs3IgCNewXDxDqCtf4e3EDWaWNtGs5inDGoLRbsHa68Dp8hV8X1riObW3RpkzgkFeEgKf6EWLT4SatkCgM8JfNF1k2l_rrTwrpoTkC5wYatojeAmWhyrwqbMCWEe_sIuxVbclev5q1VcymcNYC6ylPNYJ3Pa6MR2FzJ1Y8e0hz66hgL_M3hi9mCUI0evv57VRsAD3uSSh06etHS5WqLvmDcKonKj2bXrpM0KQ3fO6lT4YNx_MGepb15g","superopsConnectionName":"Superops Connection - 2026-05-26T06:42:45.868Z","superopsAccountType":"it","superopsRegion":"us","sinceDate":"04-05-2026","isInEditConfig":"","assetMapping":[{"superops_asset_class":{"id":"23","name":"Domain Controller"},"freshservice_asset_type":{"id":"30000367000","name":"Application Gateway"},"field_mappings":[{"superops_field":{"id":"assetId","name":"Asset Id"},"freshservice_field":{"id":"asset_tag","name":"Asset Tag"}},{"superops_field":{"id":"name","name":"Name"},"freshservice_field":{"id":"name","name":"Display Name"}}]}],"siteSeverityMapping":{"siteLocationMapping":[{"superops_site":"6027178066613911552","freshservice_location":30000039635}],"severityPriorityMapping":[{"superops_severity":"Low","freshservice_priority":1},{"superops_severity":"Critical","freshservice_priority":4}]},"ticketForm":{"subject":"Test ticket","planned_start_date":"","planned_end_date":"","planned_effort":"","impacted_locations":"","no_of_customers_impacted":"","unique_code":"","redington_ticket_id":"","description":"sample desc","business_impact":"","workspace_id":2,"status":2,"ticket_type":"","source":"","urgency":"","impact":"","group":"","department":"","category":"","major_incident_type":"","requester":"sivakumar@konnectify.co","requester_email":"","agent":""},"formattedTicketForm":{"subject":{"schema":"Test ticket","type":"string"},"description":{"schema":"sample desc","type":"string"},"workspace_id":{"schema":"2","type":"number"},"status":{"schema":"2","type":"number"},"email":{"schema":"sivakumar@konnectify.co","type":"string"}}},"isLocalAppInstalled":true,"isLocalAppEnabled":true},"superops_production:assetConnector_modules":{"newAssetId":"3020","updateAssetId":"3021","createdAt":1779777832955,"updatedAt":1779777832955},"superops_production:alertConnector_modules":{"alertCreatedConnectorId":"3022","alertResolvedConnectorId":"3023","resolveAlertOnTicketChangeConnectorId":"3024","webhookUrl":"https://skdemo.konnectifyapp.co/webhook/3105","createdAt":1779777837593,"updatedAt":1779777837593}}
2026-05-26 12:52:26.129 +0530 [debug] (http.js) Failed to parse URL: https://<%=context.host%>.freshservice.com, error: Invalid URL
2026-05-26 12:52:26.129 +0530 [debug] (request.js) Checking request template for multi-oauth app
2026-05-26 12:52:26.129 +0530 [debug] (data.js) Read {"report_hash":"164b6b376a3cd05500ae5d339dfa82b58fb0cf355e2ffc1a3429433c142392eb","supero_101_101_migrate_oauth_status":true,"supero_101_101_modules":{"supero_101_101_system_settings":{"currentHost":{"endpoint_urls":{"freshservice":"https://sivakumar.freshservice.com"},"subscribed_modules":["service_ticket"],"org_domain":"https://sivakumar-877416007896811476.myfreshworks.com","product_types":{"freshservice":"ITSM"},"itam_version":{"freshservice":"BASIC"}}},"supero_101_101_custom_iparams":{"__meta":{"secure":["app1_apikey"]},"domain":"skdemo","accessToken":"fGOnTMOApoEz3ag9dB3Vg+SvNGA/go4kBkcu5cO1LFw4qv9m7/Fyls3MvX8+dflize0NIWoIpu+7TovEsgSEyM609Uejca+XBNgjqeC0FdPMWKueFE5D47zSmWFwhDZfYveCfiktVWAmY4nrj1L46aV3xeFAaeFUeHFWCa9qGk4w2Zn6+HrgQYOvhHCpzF6bXVa8joFanHQmb01vPaAJpnVdAILZARS7a6k5gYul0a2A9RCDOkGsCZBpQEI85c3ArqKB1PjX7A3UD1a32ITqVWZE4v+4hRWrMt2demOn+EGVI/HllCEZwMi3wd4NkkS77L2fFCp+BdzAV81hybXmtmowJExtUD0I/U+PjK1QZnPxXtTHAVBUk++E+bSLCbQq5X0qthjGRXW03TuEVVllFndmMxsITF87LGyYx/WSZTg=","tenantToken":"eyJhbGciOiJSUzI1NiIsInR5cCI6IkpXVCJ9.eyJleHAiOjE4MjI5Nzc4MzEsImlhdCI6MTc3OTc3NzgzMSwib3JnSWQiOiI2NiIsImV4dGVybmFsVGVuYW50SWQiOiJzaXZhLWl0LXVzIiwiZXh0ZXJuYWxVc2VySWQiOiJEZWZhdWx0IHRlbmFudCB1c2VyIn0.Jkh9zPlKsFfU9PdSoU-OgoJsA3y0DvE4146Z20M3_dwD1u3H-_4AJFdRinB4zRgsAMTh4AOHuVsFNZX3rFat9J_hAO6WRiD_opNWAbP_tY2oiPp_o-PFsoqx9rs-qKV65-3maVGoKr41X5tjOLUHjwFevoLBhxy51LcvZiURDrU25h0BGfxCClEyV3xKVD-9rC3IrVkBVaTpr79vuXpAGx5NNlGbUlHbW1TrDvUuN4p9TRwoQfWEliMHOuZnfo7QXVX_fVad-Soay6QjK8qN-6_W_1WVDognMl7LHwThGUFyu6NwRCt_J3SmAvBFoOvatf61BSLotwWUQlclQTs0gA","tenantId":"781","adminEmail":"sivakumar@konnectify.co","adminPassword":"konnectify","freshserviceAppName":"Freshservice","freshserviceAppId":"freshservice-1.0.0","freshserviceDomain":"sivakumar.freshservice.com","freshserviceApikey":"ZHgKqHflrMs94pFikuiD","freshserviceConnectionId":"3039","freshserviceConnectionName":"Freshservice Connection - 2026-05-26T06:42:45.868Z","superopsAppName":"SuperOps IT","superopsAppId":"superopsit-1.0.0","superopsDomain":"siva-it-us","superopsConnectionId":"3040","superopsApikey":"api-eyJhbGciOiJSUzI1NiJ9.eyJqdGkiOiIxOTg3Mzk1MzkxNzUzMTU0NTYwIiwicmFuZG9taXplciI6Iu-_vUbvv73vv70877-977-9X--_ve-_vSJ9.m6JxYTLA3ETs3HRrRWbRqGTmOirwOtyESdy0shf476qwJJfkcDZIuMn-p1mmrbMjBuaCmBpXRm3illwFqJdN9Aw9kkVnQnMs3IgCNewXDxDqCtf4e3EDWaWNtGs5inDGoLRbsHa68Dp8hV8X1riObW3RpkzgkFeEgKf6EWLT4SatkCgM8JfNF1k2l_rrTwrpoTkC5wYatojeAmWhyrwqbMCWEe_sIuxVbclev5q1VcymcNYC6ylPNYJ3Pa6MR2FzJ1Y8e0hz66hgL_M3hi9mCUI0evv57VRsAD3uSSh06etHS5WqLvmDcKonKj2bXrpM0KQ3fO6lT4YNx_MGepb15g","superopsConnectionName":"Superops Connection - 2026-05-26T06:42:45.868Z","superopsAccountType":"it","superopsRegion":"us","sinceDate":"04-05-2026","isInEditConfig":"","assetMapping":[{"superops_asset_class":{"id":"23","name":"Domain Controller"},"freshservice_asset_type":{"id":"30000367000","name":"Application Gateway"},"field_mappings":[{"superops_field":{"id":"assetId","name":"Asset Id"},"freshservice_field":{"id":"asset_tag","name":"Asset Tag"}},{"superops_field":{"id":"name","name":"Name"},"freshservice_field":{"id":"name","name":"Display Name"}}]}],"siteSeverityMapping":{"siteLocationMapping":[{"superops_site":"6027178066613911552","freshservice_location":30000039635}],"severityPriorityMapping":[{"superops_severity":"Low","freshservice_priority":1},{"superops_severity":"Critical","freshservice_priority":4}]},"ticketForm":{"subject":"Test ticket","planned_start_date":"","planned_end_date":"","planned_effort":"","impacted_locations":"","no_of_customers_impacted":"","unique_code":"","redington_ticket_id":"","description":"sample desc","business_impact":"","workspace_id":2,"status":2,"ticket_type":"","source":"","urgency":"","impact":"","group":"","department":"","category":"","major_incident_type":"","requester":"sivakumar@konnectify.co","requester_email":"","agent":""},"formattedTicketForm":{"subject":{"schema":"Test ticket","type":"string"},"description":{"schema":"sample desc","type":"string"},"workspace_id":{"schema":"2","type":"number"},"status":{"schema":"2","type":"number"},"email":{"schema":"sivakumar@konnectify.co","type":"string"}}},"isLocalAppInstalled":true,"isLocalAppEnabled":true},"superops_production:assetConnector_modules":{"newAssetId":"3020","updateAssetId":"3021","createdAt":1779777832955,"updatedAt":1779777832955},"superops_production:alertConnector_modules":{"alertCreatedConnectorId":"3022","alertResolvedConnectorId":"3023","resolveAlertOnTicketChangeConnectorId":"3024","webhookUrl":"https://skdemo.konnectifyapp.co/webhook/3105","createdAt":1779777837593,"updatedAt":1779777837593}}
2026-05-26 12:52:26.129 +0530 [debug] (data.js) Read {"report_hash":"164b6b376a3cd05500ae5d339dfa82b58fb0cf355e2ffc1a3429433c142392eb","supero_101_101_migrate_oauth_status":true,"supero_101_101_modules":{"supero_101_101_system_settings":{"currentHost":{"endpoint_urls":{"freshservice":"https://sivakumar.freshservice.com"},"subscribed_modules":["service_ticket"],"org_domain":"https://sivakumar-877416007896811476.myfreshworks.com","product_types":{"freshservice":"ITSM"},"itam_version":{"freshservice":"BASIC"}}},"supero_101_101_custom_iparams":{"__meta":{"secure":["app1_apikey"]},"domain":"skdemo","accessToken":"fGOnTMOApoEz3ag9dB3Vg+SvNGA/go4kBkcu5cO1LFw4qv9m7/Fyls3MvX8+dflize0NIWoIpu+7TovEsgSEyM609Uejca+XBNgjqeC0FdPMWKueFE5D47zSmWFwhDZfYveCfiktVWAmY4nrj1L46aV3xeFAaeFUeHFWCa9qGk4w2Zn6+HrgQYOvhHCpzF6bXVa8joFanHQmb01vPaAJpnVdAILZARS7a6k5gYul0a2A9RCDOkGsCZBpQEI85c3ArqKB1PjX7A3UD1a32ITqVWZE4v+4hRWrMt2demOn+EGVI/HllCEZwMi3wd4NkkS77L2fFCp+BdzAV81hybXmtmowJExtUD0I/U+PjK1QZnPxXtTHAVBUk++E+bSLCbQq5X0qthjGRXW03TuEVVllFndmMxsITF87LGyYx/WSZTg=","tenantToken":"eyJhbGciOiJSUzI1NiIsInR5cCI6IkpXVCJ9.eyJleHAiOjE4MjI5Nzc4MzEsImlhdCI6MTc3OTc3NzgzMSwib3JnSWQiOiI2NiIsImV4dGVybmFsVGVuYW50SWQiOiJzaXZhLWl0LXVzIiwiZXh0ZXJuYWxVc2VySWQiOiJEZWZhdWx0IHRlbmFudCB1c2VyIn0.Jkh9zPlKsFfU9PdSoU-OgoJsA3y0DvE4146Z20M3_dwD1u3H-_4AJFdRinB4zRgsAMTh4AOHuVsFNZX3rFat9J_hAO6WRiD_opNWAbP_tY2oiPp_o-PFsoqx9rs-qKV65-3maVGoKr41X5tjOLUHjwFevoLBhxy51LcvZiURDrU25h0BGfxCClEyV3xKVD-9rC3IrVkBVaTpr79vuXpAGx5NNlGbUlHbW1TrDvUuN4p9TRwoQfWEliMHOuZnfo7QXVX_fVad-Soay6QjK8qN-6_W_1WVDognMl7LHwThGUFyu6NwRCt_J3SmAvBFoOvatf61BSLotwWUQlclQTs0gA","tenantId":"781","adminEmail":"sivakumar@konnectify.co","adminPassword":"konnectify","freshserviceAppName":"Freshservice","freshserviceAppId":"freshservice-1.0.0","freshserviceDomain":"sivakumar.freshservice.com","freshserviceApikey":"ZHgKqHflrMs94pFikuiD","freshserviceConnectionId":"3039","freshserviceConnectionName":"Freshservice Connection - 2026-05-26T06:42:45.868Z","superopsAppName":"SuperOps IT","superopsAppId":"superopsit-1.0.0","superopsDomain":"siva-it-us","superopsConnectionId":"3040","superopsApikey":"api-eyJhbGciOiJSUzI1NiJ9.eyJqdGkiOiIxOTg3Mzk1MzkxNzUzMTU0NTYwIiwicmFuZG9taXplciI6Iu-_vUbvv73vv70877-977-9X--_ve-_vSJ9.m6JxYTLA3ETs3HRrRWbRqGTmOirwOtyESdy0shf476qwJJfkcDZIuMn-p1mmrbMjBuaCmBpXRm3illwFqJdN9Aw9kkVnQnMs3IgCNewXDxDqCtf4e3EDWaWNtGs5inDGoLRbsHa68Dp8hV8X1riObW3RpkzgkFeEgKf6EWLT4SatkCgM8JfNF1k2l_rrTwrpoTkC5wYatojeAmWhyrwqbMCWEe_sIuxVbclev5q1VcymcNYC6ylPNYJ3Pa6MR2FzJ1Y8e0hz66hgL_M3hi9mCUI0evv57VRsAD3uSSh06etHS5WqLvmDcKonKj2bXrpM0KQ3fO6lT4YNx_MGepb15g","superopsConnectionName":"Superops Connection - 2026-05-26T06:42:45.868Z","superopsAccountType":"it","superopsRegion":"us","sinceDate":"04-05-2026","isInEditConfig":"","assetMapping":[{"superops_asset_class":{"id":"23","name":"Domain Controller"},"freshservice_asset_type":{"id":"30000367000","name":"Application Gateway"},"field_mappings":[{"superops_field":{"id":"assetId","name":"Asset Id"},"freshservice_field":{"id":"asset_tag","name":"Asset Tag"}},{"superops_field":{"id":"name","name":"Name"},"freshservice_field":{"id":"name","name":"Display Name"}}]}],"siteSeverityMapping":{"siteLocationMapping":[{"superops_site":"6027178066613911552","freshservice_location":30000039635}],"severityPriorityMapping":[{"superops_severity":"Low","freshservice_priority":1},{"superops_severity":"Critical","freshservice_priority":4}]},"ticketForm":{"subject":"Test ticket","planned_start_date":"","planned_end_date":"","planned_effort":"","impacted_locations":"","no_of_customers_impacted":"","unique_code":"","redington_ticket_id":"","description":"sample desc","business_impact":"","workspace_id":2,"status":2,"ticket_type":"","source":"","urgency":"","impact":"","group":"","department":"","category":"","major_incident_type":"","requester":"sivakumar@konnectify.co","requester_email":"","agent":""},"formattedTicketForm":{"subject":{"schema":"Test ticket","type":"string"},"description":{"schema":"sample desc","type":"string"},"workspace_id":{"schema":"2","type":"number"},"status":{"schema":"2","type":"number"},"email":{"schema":"sivakumar@konnectify.co","type":"string"}}},"isLocalAppInstalled":true,"isLocalAppEnabled":true},"superops_production:assetConnector_modules":{"newAssetId":"3020","updateAssetId":"3021","createdAt":1779777832955,"updatedAt":1779777832955},"superops_production:alertConnector_modules":{"alertCreatedConnectorId":"3022","alertResolvedConnectorId":"3023","resolveAlertOnTicketChangeConnectorId":"3024","webhookUrl":"https://skdemo.konnectifyapp.co/webhook/3105","createdAt":1779777837593,"updatedAt":1779777837593}}
2026-05-26 12:52:26.130 +0530 [debug] (data.js) Read {"report_hash":"164b6b376a3cd05500ae5d339dfa82b58fb0cf355e2ffc1a3429433c142392eb","supero_101_101_migrate_oauth_status":true,"supero_101_101_modules":{"supero_101_101_system_settings":{"currentHost":{"endpoint_urls":{"freshservice":"https://sivakumar.freshservice.com"},"subscribed_modules":["service_ticket"],"org_domain":"https://sivakumar-877416007896811476.myfreshworks.com","product_types":{"freshservice":"ITSM"},"itam_version":{"freshservice":"BASIC"}}},"supero_101_101_custom_iparams":{"__meta":{"secure":["app1_apikey"]},"domain":"skdemo","accessToken":"fGOnTMOApoEz3ag9dB3Vg+SvNGA/go4kBkcu5cO1LFw4qv9m7/Fyls3MvX8+dflize0NIWoIpu+7TovEsgSEyM609Uejca+XBNgjqeC0FdPMWKueFE5D47zSmWFwhDZfYveCfiktVWAmY4nrj1L46aV3xeFAaeFUeHFWCa9qGk4w2Zn6+HrgQYOvhHCpzF6bXVa8joFanHQmb01vPaAJpnVdAILZARS7a6k5gYul0a2A9RCDOkGsCZBpQEI85c3ArqKB1PjX7A3UD1a32ITqVWZE4v+4hRWrMt2demOn+EGVI/HllCEZwMi3wd4NkkS77L2fFCp+BdzAV81hybXmtmowJExtUD0I/U+PjK1QZnPxXtTHAVBUk++E+bSLCbQq5X0qthjGRXW03TuEVVllFndmMxsITF87LGyYx/WSZTg=","tenantToken":"eyJhbGciOiJSUzI1NiIsInR5cCI6IkpXVCJ9.eyJleHAiOjE4MjI5Nzc4MzEsImlhdCI6MTc3OTc3NzgzMSwib3JnSWQiOiI2NiIsImV4dGVybmFsVGVuYW50SWQiOiJzaXZhLWl0LXVzIiwiZXh0ZXJuYWxVc2VySWQiOiJEZWZhdWx0IHRlbmFudCB1c2VyIn0.Jkh9zPlKsFfU9PdSoU-OgoJsA3y0DvE4146Z20M3_dwD1u3H-_4AJFdRinB4zRgsAMTh4AOHuVsFNZX3rFat9J_hAO6WRiD_opNWAbP_tY2oiPp_o-PFsoqx9rs-qKV65-3maVGoKr41X5tjOLUHjwFevoLBhxy51LcvZiURDrU25h0BGfxCClEyV3xKVD-9rC3IrVkBVaTpr79vuXpAGx5NNlGbUlHbW1TrDvUuN4p9TRwoQfWEliMHOuZnfo7QXVX_fVad-Soay6QjK8qN-6_W_1WVDognMl7LHwThGUFyu6NwRCt_J3SmAvBFoOvatf61BSLotwWUQlclQTs0gA","tenantId":"781","adminEmail":"sivakumar@konnectify.co","adminPassword":"konnectify","freshserviceAppName":"Freshservice","freshserviceAppId":"freshservice-1.0.0","freshserviceDomain":"sivakumar.freshservice.com","freshserviceApikey":"ZHgKqHflrMs94pFikuiD","freshserviceConnectionId":"3039","freshserviceConnectionName":"Freshservice Connection - 2026-05-26T06:42:45.868Z","superopsAppName":"SuperOps IT","superopsAppId":"superopsit-1.0.0","superopsDomain":"siva-it-us","superopsConnectionId":"3040","superopsApikey":"api-eyJhbGciOiJSUzI1NiJ9.eyJqdGkiOiIxOTg3Mzk1MzkxNzUzMTU0NTYwIiwicmFuZG9taXplciI6Iu-_vUbvv73vv70877-977-9X--_ve-_vSJ9.m6JxYTLA3ETs3HRrRWbRqGTmOirwOtyESdy0shf476qwJJfkcDZIuMn-p1mmrbMjBuaCmBpXRm3illwFqJdN9Aw9kkVnQnMs3IgCNewXDxDqCtf4e3EDWaWNtGs5inDGoLRbsHa68Dp8hV8X1riObW3RpkzgkFeEgKf6EWLT4SatkCgM8JfNF1k2l_rrTwrpoTkC5wYatojeAmWhyrwqbMCWEe_sIuxVbclev5q1VcymcNYC6ylPNYJ3Pa6MR2FzJ1Y8e0hz66hgL_M3hi9mCUI0evv57VRsAD3uSSh06etHS5WqLvmDcKonKj2bXrpM0KQ3fO6lT4YNx_MGepb15g","superopsConnectionName":"Superops Connection - 2026-05-26T06:42:45.868Z","superopsAccountType":"it","superopsRegion":"us","sinceDate":"04-05-2026","isInEditConfig":"","assetMapping":[{"superops_asset_class":{"id":"23","name":"Domain Controller"},"freshservice_asset_type":{"id":"30000367000","name":"Application Gateway"},"field_mappings":[{"superops_field":{"id":"assetId","name":"Asset Id"},"freshservice_field":{"id":"asset_tag","name":"Asset Tag"}},{"superops_field":{"id":"name","name":"Name"},"freshservice_field":{"id":"name","name":"Display Name"}}]}],"siteSeverityMapping":{"siteLocationMapping":[{"superops_site":"6027178066613911552","freshservice_location":30000039635}],"severityPriorityMapping":[{"superops_severity":"Low","freshservice_priority":1},{"superops_severity":"Critical","freshservice_priority":4}]},"ticketForm":{"subject":"Test ticket","planned_start_date":"","planned_end_date":"","planned_effort":"","impacted_locations":"","no_of_customers_impacted":"","unique_code":"","redington_ticket_id":"","description":"sample desc","business_impact":"","workspace_id":2,"status":2,"ticket_type":"","source":"","urgency":"","impact":"","group":"","department":"","category":"","major_incident_type":"","requester":"sivakumar@konnectify.co","requester_email":"","agent":""},"formattedTicketForm":{"subject":{"schema":"Test ticket","type":"string"},"description":{"schema":"sample desc","type":"string"},"workspace_id":{"schema":"2","type":"number"},"status":{"schema":"2","type":"number"},"email":{"schema":"sivakumar@konnectify.co","type":"string"}}},"isLocalAppInstalled":true,"isLocalAppEnabled":true},"superops_production:assetConnector_modules":{"newAssetId":"3020","updateAssetId":"3021","createdAt":1779777832955,"updatedAt":1779777832955},"superops_production:alertConnector_modules":{"alertCreatedConnectorId":"3022","alertResolvedConnectorId":"3023","resolveAlertOnTicketChangeConnectorId":"3024","webhookUrl":"https://skdemo.konnectifyapp.co/webhook/3105","createdAt":1779777837593,"updatedAt":1779777837593}}
2026-05-26 12:52:26.130 +0530 [debug] (request.js) Obtained creds 
2026-05-26 12:52:26.131 +0530 [debug] (data.js) Read {"report_hash":"164b6b376a3cd05500ae5d339dfa82b58fb0cf355e2ffc1a3429433c142392eb","supero_101_101_migrate_oauth_status":true,"supero_101_101_modules":{"supero_101_101_system_settings":{"currentHost":{"endpoint_urls":{"freshservice":"https://sivakumar.freshservice.com"},"subscribed_modules":["service_ticket"],"org_domain":"https://sivakumar-877416007896811476.myfreshworks.com","product_types":{"freshservice":"ITSM"},"itam_version":{"freshservice":"BASIC"}}},"supero_101_101_custom_iparams":{"__meta":{"secure":["app1_apikey"]},"domain":"skdemo","accessToken":"fGOnTMOApoEz3ag9dB3Vg+SvNGA/go4kBkcu5cO1LFw4qv9m7/Fyls3MvX8+dflize0NIWoIpu+7TovEsgSEyM609Uejca+XBNgjqeC0FdPMWKueFE5D47zSmWFwhDZfYveCfiktVWAmY4nrj1L46aV3xeFAaeFUeHFWCa9qGk4w2Zn6+HrgQYOvhHCpzF6bXVa8joFanHQmb01vPaAJpnVdAILZARS7a6k5gYul0a2A9RCDOkGsCZBpQEI85c3ArqKB1PjX7A3UD1a32ITqVWZE4v+4hRWrMt2demOn+EGVI/HllCEZwMi3wd4NkkS77L2fFCp+BdzAV81hybXmtmowJExtUD0I/U+PjK1QZnPxXtTHAVBUk++E+bSLCbQq5X0qthjGRXW03TuEVVllFndmMxsITF87LGyYx/WSZTg=","tenantToken":"eyJhbGciOiJSUzI1NiIsInR5cCI6IkpXVCJ9.eyJleHAiOjE4MjI5Nzc4MzEsImlhdCI6MTc3OTc3NzgzMSwib3JnSWQiOiI2NiIsImV4dGVybmFsVGVuYW50SWQiOiJzaXZhLWl0LXVzIiwiZXh0ZXJuYWxVc2VySWQiOiJEZWZhdWx0IHRlbmFudCB1c2VyIn0.Jkh9zPlKsFfU9PdSoU-OgoJsA3y0DvE4146Z20M3_dwD1u3H-_4AJFdRinB4zRgsAMTh4AOHuVsFNZX3rFat9J_hAO6WRiD_opNWAbP_tY2oiPp_o-PFsoqx9rs-qKV65-3maVGoKr41X5tjOLUHjwFevoLBhxy51LcvZiURDrU25h0BGfxCClEyV3xKVD-9rC3IrVkBVaTpr79vuXpAGx5NNlGbUlHbW1TrDvUuN4p9TRwoQfWEliMHOuZnfo7QXVX_fVad-Soay6QjK8qN-6_W_1WVDognMl7LHwThGUFyu6NwRCt_J3SmAvBFoOvatf61BSLotwWUQlclQTs0gA","tenantId":"781","adminEmail":"sivakumar@konnectify.co","adminPassword":"konnectify","freshserviceAppName":"Freshservice","freshserviceAppId":"freshservice-1.0.0","freshserviceDomain":"sivakumar.freshservice.com","freshserviceApikey":"ZHgKqHflrMs94pFikuiD","freshserviceConnectionId":"3039","freshserviceConnectionName":"Freshservice Connection - 2026-05-26T06:42:45.868Z","superopsAppName":"SuperOps IT","superopsAppId":"superopsit-1.0.0","superopsDomain":"siva-it-us","superopsConnectionId":"3040","superopsApikey":"api-eyJhbGciOiJSUzI1NiJ9.eyJqdGkiOiIxOTg3Mzk1MzkxNzUzMTU0NTYwIiwicmFuZG9taXplciI6Iu-_vUbvv73vv70877-977-9X--_ve-_vSJ9.m6JxYTLA3ETs3HRrRWbRqGTmOirwOtyESdy0shf476qwJJfkcDZIuMn-p1mmrbMjBuaCmBpXRm3illwFqJdN9Aw9kkVnQnMs3IgCNewXDxDqCtf4e3EDWaWNtGs5inDGoLRbsHa68Dp8hV8X1riObW3RpkzgkFeEgKf6EWLT4SatkCgM8JfNF1k2l_rrTwrpoTkC5wYatojeAmWhyrwqbMCWEe_sIuxVbclev5q1VcymcNYC6ylPNYJ3Pa6MR2FzJ1Y8e0hz66hgL_M3hi9mCUI0evv57VRsAD3uSSh06etHS5WqLvmDcKonKj2bXrpM0KQ3fO6lT4YNx_MGepb15g","superopsConnectionName":"Superops Connection - 2026-05-26T06:42:45.868Z","superopsAccountType":"it","superopsRegion":"us","sinceDate":"04-05-2026","isInEditConfig":"","assetMapping":[{"superops_asset_class":{"id":"23","name":"Domain Controller"},"freshservice_asset_type":{"id":"30000367000","name":"Application Gateway"},"field_mappings":[{"superops_field":{"id":"assetId","name":"Asset Id"},"freshservice_field":{"id":"asset_tag","name":"Asset Tag"}},{"superops_field":{"id":"name","name":"Name"},"freshservice_field":{"id":"name","name":"Display Name"}}]}],"siteSeverityMapping":{"siteLocationMapping":[{"superops_site":"6027178066613911552","freshservice_location":30000039635}],"severityPriorityMapping":[{"superops_severity":"Low","freshservice_priority":1},{"superops_severity":"Critical","freshservice_priority":4}]},"ticketForm":{"subject":"Test ticket","planned_start_date":"","planned_end_date":"","planned_effort":"","impacted_locations":"","no_of_customers_impacted":"","unique_code":"","redington_ticket_id":"","description":"sample desc","business_impact":"","workspace_id":2,"status":2,"ticket_type":"","source":"","urgency":"","impact":"","group":"","department":"","category":"","major_incident_type":"","requester":"sivakumar@konnectify.co","requester_email":"","agent":""},"formattedTicketForm":{"subject":{"schema":"Test ticket","type":"string"},"description":{"schema":"sample desc","type":"string"},"workspace_id":{"schema":"2","type":"number"},"status":{"schema":"2","type":"number"},"email":{"schema":"sivakumar@konnectify.co","type":"string"}}},"isLocalAppInstalled":true,"isLocalAppEnabled":true},"superops_production:assetConnector_modules":{"newAssetId":"3020","updateAssetId":"3021","createdAt":1779777832955,"updatedAt":1779777832955},"superops_production:alertConnector_modules":{"alertCreatedConnectorId":"3022","alertResolvedConnectorId":"3023","resolveAlertOnTicketChangeConnectorId":"3024","webhookUrl":"https://skdemo.konnectifyapp.co/webhook/3105","createdAt":1779777837593,"updatedAt":1779777837593}}
2026-05-26 12:52:26.132 +0530 [debug] (request.js) Making request with options as { method: 'GET',
  url: 'https://sivakumar.freshservice.com/api/v2/asset_types/30000367000/fields',
  headers:
   { Authorization: 'Basic WkhnS3FIZmxyTXM5NHBGaWt1aUQ6eA==',
     'Content-Type': 'application/json' },
  body: null,
  maxAttempts: 1,
  retryDelay: 0,
  timeout: 15000 }
2026-05-26 12:52:26.227 +0530 [debug] (request.js) Looking for 'application/json' in application/json,application/xml,text/html,text/xml,application/jsonp,text/plain,application/javascript,application/vnd.api+json
2026-05-26 12:52:26.293 +0530 [debug] (data-pipe.js) received call for route "request" with action "execute" and body {"action":"execute","data":{"name":"getLocations","context":{"host":"sivakumar.freshservice.com","apikey":"ZHgKqHflrMs94pFikuiD"},"isInstall":false,"isOAuth":true},"isInstall":false}
2026-05-26 12:52:26.294 +0530 [debug] (data.js) Read {"report_hash":"164b6b376a3cd05500ae5d339dfa82b58fb0cf355e2ffc1a3429433c142392eb","supero_101_101_migrate_oauth_status":true,"supero_101_101_modules":{"supero_101_101_system_settings":{"currentHost":{"endpoint_urls":{"freshservice":"https://sivakumar.freshservice.com"},"subscribed_modules":["service_ticket"],"org_domain":"https://sivakumar-877416007896811476.myfreshworks.com","product_types":{"freshservice":"ITSM"},"itam_version":{"freshservice":"BASIC"}}},"supero_101_101_custom_iparams":{"__meta":{"secure":["app1_apikey"]},"domain":"skdemo","accessToken":"fGOnTMOApoEz3ag9dB3Vg+SvNGA/go4kBkcu5cO1LFw4qv9m7/Fyls3MvX8+dflize0NIWoIpu+7TovEsgSEyM609Uejca+XBNgjqeC0FdPMWKueFE5D47zSmWFwhDZfYveCfiktVWAmY4nrj1L46aV3xeFAaeFUeHFWCa9qGk4w2Zn6+HrgQYOvhHCpzF6bXVa8joFanHQmb01vPaAJpnVdAILZARS7a6k5gYul0a2A9RCDOkGsCZBpQEI85c3ArqKB1PjX7A3UD1a32ITqVWZE4v+4hRWrMt2demOn+EGVI/HllCEZwMi3wd4NkkS77L2fFCp+BdzAV81hybXmtmowJExtUD0I/U+PjK1QZnPxXtTHAVBUk++E+bSLCbQq5X0qthjGRXW03TuEVVllFndmMxsITF87LGyYx/WSZTg=","tenantToken":"eyJhbGciOiJSUzI1NiIsInR5cCI6IkpXVCJ9.eyJleHAiOjE4MjI5Nzc4MzEsImlhdCI6MTc3OTc3NzgzMSwib3JnSWQiOiI2NiIsImV4dGVybmFsVGVuYW50SWQiOiJzaXZhLWl0LXVzIiwiZXh0ZXJuYWxVc2VySWQiOiJEZWZhdWx0IHRlbmFudCB1c2VyIn0.Jkh9zPlKsFfU9PdSoU-OgoJsA3y0DvE4146Z20M3_dwD1u3H-_4AJFdRinB4zRgsAMTh4AOHuVsFNZX3rFat9J_hAO6WRiD_opNWAbP_tY2oiPp_o-PFsoqx9rs-qKV65-3maVGoKr41X5tjOLUHjwFevoLBhxy51LcvZiURDrU25h0BGfxCClEyV3xKVD-9rC3IrVkBVaTpr79vuXpAGx5NNlGbUlHbW1TrDvUuN4p9TRwoQfWEliMHOuZnfo7QXVX_fVad-Soay6QjK8qN-6_W_1WVDognMl7LHwThGUFyu6NwRCt_J3SmAvBFoOvatf61BSLotwWUQlclQTs0gA","tenantId":"781","adminEmail":"sivakumar@konnectify.co","adminPassword":"konnectify","freshserviceAppName":"Freshservice","freshserviceAppId":"freshservice-1.0.0","freshserviceDomain":"sivakumar.freshservice.com","freshserviceApikey":"ZHgKqHflrMs94pFikuiD","freshserviceConnectionId":"3039","freshserviceConnectionName":"Freshservice Connection - 2026-05-26T06:42:45.868Z","superopsAppName":"SuperOps IT","superopsAppId":"superopsit-1.0.0","superopsDomain":"siva-it-us","superopsConnectionId":"3040","superopsApikey":"api-eyJhbGciOiJSUzI1NiJ9.eyJqdGkiOiIxOTg3Mzk1MzkxNzUzMTU0NTYwIiwicmFuZG9taXplciI6Iu-_vUbvv73vv70877-977-9X--_ve-_vSJ9.m6JxYTLA3ETs3HRrRWbRqGTmOirwOtyESdy0shf476qwJJfkcDZIuMn-p1mmrbMjBuaCmBpXRm3illwFqJdN9Aw9kkVnQnMs3IgCNewXDxDqCtf4e3EDWaWNtGs5inDGoLRbsHa68Dp8hV8X1riObW3RpkzgkFeEgKf6EWLT4SatkCgM8JfNF1k2l_rrTwrpoTkC5wYatojeAmWhyrwqbMCWEe_sIuxVbclev5q1VcymcNYC6ylPNYJ3Pa6MR2FzJ1Y8e0hz66hgL_M3hi9mCUI0evv57VRsAD3uSSh06etHS5WqLvmDcKonKj2bXrpM0KQ3fO6lT4YNx_MGepb15g","superopsConnectionName":"Superops Connection - 2026-05-26T06:42:45.868Z","superopsAccountType":"it","superopsRegion":"us","sinceDate":"04-05-2026","isInEditConfig":"","assetMapping":[{"superops_asset_class":{"id":"23","name":"Domain Controller"},"freshservice_asset_type":{"id":"30000367000","name":"Application Gateway"},"field_mappings":[{"superops_field":{"id":"assetId","name":"Asset Id"},"freshservice_field":{"id":"asset_tag","name":"Asset Tag"}},{"superops_field":{"id":"name","name":"Name"},"freshservice_field":{"id":"name","name":"Display Name"}}]}],"siteSeverityMapping":{"siteLocationMapping":[{"superops_site":"6027178066613911552","freshservice_location":30000039635}],"severityPriorityMapping":[{"superops_severity":"Low","freshservice_priority":1},{"superops_severity":"Critical","freshservice_priority":4}]},"ticketForm":{"subject":"Test ticket","planned_start_date":"","planned_end_date":"","planned_effort":"","impacted_locations":"","no_of_customers_impacted":"","unique_code":"","redington_ticket_id":"","description":"sample desc","business_impact":"","workspace_id":2,"status":2,"ticket_type":"","source":"","urgency":"","impact":"","group":"","department":"","category":"","major_incident_type":"","requester":"sivakumar@konnectify.co","requester_email":"","agent":""},"formattedTicketForm":{"subject":{"schema":"Test ticket","type":"string"},"description":{"schema":"sample desc","type":"string"},"workspace_id":{"schema":"2","type":"number"},"status":{"schema":"2","type":"number"},"email":{"schema":"sivakumar@konnectify.co","type":"string"}}},"isLocalAppInstalled":true,"isLocalAppEnabled":true},"superops_production:assetConnector_modules":{"newAssetId":"3020","updateAssetId":"3021","createdAt":1779777832955,"updatedAt":1779777832955},"superops_production:alertConnector_modules":{"alertCreatedConnectorId":"3022","alertResolvedConnectorId":"3023","resolveAlertOnTicketChangeConnectorId":"3024","webhookUrl":"https://skdemo.konnectifyapp.co/webhook/3105","createdAt":1779777837593,"updatedAt":1779777837593}}
2026-05-26 12:52:26.294 +0530 [debug] (http.js) Failed to parse URL: https://<%= context.host %>, error: Invalid URL
2026-05-26 12:52:26.294 +0530 [debug] (request.js) Checking request template for multi-oauth app
2026-05-26 12:52:26.294 +0530 [debug] (data.js) Read {"report_hash":"164b6b376a3cd05500ae5d339dfa82b58fb0cf355e2ffc1a3429433c142392eb","supero_101_101_migrate_oauth_status":true,"supero_101_101_modules":{"supero_101_101_system_settings":{"currentHost":{"endpoint_urls":{"freshservice":"https://sivakumar.freshservice.com"},"subscribed_modules":["service_ticket"],"org_domain":"https://sivakumar-877416007896811476.myfreshworks.com","product_types":{"freshservice":"ITSM"},"itam_version":{"freshservice":"BASIC"}}},"supero_101_101_custom_iparams":{"__meta":{"secure":["app1_apikey"]},"domain":"skdemo","accessToken":"fGOnTMOApoEz3ag9dB3Vg+SvNGA/go4kBkcu5cO1LFw4qv9m7/Fyls3MvX8+dflize0NIWoIpu+7TovEsgSEyM609Uejca+XBNgjqeC0FdPMWKueFE5D47zSmWFwhDZfYveCfiktVWAmY4nrj1L46aV3xeFAaeFUeHFWCa9qGk4w2Zn6+HrgQYOvhHCpzF6bXVa8joFanHQmb01vPaAJpnVdAILZARS7a6k5gYul0a2A9RCDOkGsCZBpQEI85c3ArqKB1PjX7A3UD1a32ITqVWZE4v+4hRWrMt2demOn+EGVI/HllCEZwMi3wd4NkkS77L2fFCp+BdzAV81hybXmtmowJExtUD0I/U+PjK1QZnPxXtTHAVBUk++E+bSLCbQq5X0qthjGRXW03TuEVVllFndmMxsITF87LGyYx/WSZTg=","tenantToken":"eyJhbGciOiJSUzI1NiIsInR5cCI6IkpXVCJ9.eyJleHAiOjE4MjI5Nzc4MzEsImlhdCI6MTc3OTc3NzgzMSwib3JnSWQiOiI2NiIsImV4dGVybmFsVGVuYW50SWQiOiJzaXZhLWl0LXVzIiwiZXh0ZXJuYWxVc2VySWQiOiJEZWZhdWx0IHRlbmFudCB1c2VyIn0.Jkh9zPlKsFfU9PdSoU-OgoJsA3y0DvE4146Z20M3_dwD1u3H-_4AJFdRinB4zRgsAMTh4AOHuVsFNZX3rFat9J_hAO6WRiD_opNWAbP_tY2oiPp_o-PFsoqx9rs-qKV65-3maVGoKr41X5tjOLUHjwFevoLBhxy51LcvZiURDrU25h0BGfxCClEyV3xKVD-9rC3IrVkBVaTpr79vuXpAGx5NNlGbUlHbW1TrDvUuN4p9TRwoQfWEliMHOuZnfo7QXVX_fVad-Soay6QjK8qN-6_W_1WVDognMl7LHwThGUFyu6NwRCt_J3SmAvBFoOvatf61BSLotwWUQlclQTs0gA","tenantId":"781","adminEmail":"sivakumar@konnectify.co","adminPassword":"konnectify","freshserviceAppName":"Freshservice","freshserviceAppId":"freshservice-1.0.0","freshserviceDomain":"sivakumar.freshservice.com","freshserviceApikey":"ZHgKqHflrMs94pFikuiD","freshserviceConnectionId":"3039","freshserviceConnectionName":"Freshservice Connection - 2026-05-26T06:42:45.868Z","superopsAppName":"SuperOps IT","superopsAppId":"superopsit-1.0.0","superopsDomain":"siva-it-us","superopsConnectionId":"3040","superopsApikey":"api-eyJhbGciOiJSUzI1NiJ9.eyJqdGkiOiIxOTg3Mzk1MzkxNzUzMTU0NTYwIiwicmFuZG9taXplciI6Iu-_vUbvv73vv70877-977-9X--_ve-_vSJ9.m6JxYTLA3ETs3HRrRWbRqGTmOirwOtyESdy0shf476qwJJfkcDZIuMn-p1mmrbMjBuaCmBpXRm3illwFqJdN9Aw9kkVnQnMs3IgCNewXDxDqCtf4e3EDWaWNtGs5inDGoLRbsHa68Dp8hV8X1riObW3RpkzgkFeEgKf6EWLT4SatkCgM8JfNF1k2l_rrTwrpoTkC5wYatojeAmWhyrwqbMCWEe_sIuxVbclev5q1VcymcNYC6ylPNYJ3Pa6MR2FzJ1Y8e0hz66hgL_M3hi9mCUI0evv57VRsAD3uSSh06etHS5WqLvmDcKonKj2bXrpM0KQ3fO6lT4YNx_MGepb15g","superopsConnectionName":"Superops Connection - 2026-05-26T06:42:45.868Z","superopsAccountType":"it","superopsRegion":"us","sinceDate":"04-05-2026","isInEditConfig":"","assetMapping":[{"superops_asset_class":{"id":"23","name":"Domain Controller"},"freshservice_asset_type":{"id":"30000367000","name":"Application Gateway"},"field_mappings":[{"superops_field":{"id":"assetId","name":"Asset Id"},"freshservice_field":{"id":"asset_tag","name":"Asset Tag"}},{"superops_field":{"id":"name","name":"Name"},"freshservice_field":{"id":"name","name":"Display Name"}}]}],"siteSeverityMapping":{"siteLocationMapping":[{"superops_site":"6027178066613911552","freshservice_location":30000039635}],"severityPriorityMapping":[{"superops_severity":"Low","freshservice_priority":1},{"superops_severity":"Critical","freshservice_priority":4}]},"ticketForm":{"subject":"Test ticket","planned_start_date":"","planned_end_date":"","planned_effort":"","impacted_locations":"","no_of_customers_impacted":"","unique_code":"","redington_ticket_id":"","description":"sample desc","business_impact":"","workspace_id":2,"status":2,"ticket_type":"","source":"","urgency":"","impact":"","group":"","department":"","category":"","major_incident_type":"","requester":"sivakumar@konnectify.co","requester_email":"","agent":""},"formattedTicketForm":{"subject":{"schema":"Test ticket","type":"string"},"description":{"schema":"sample desc","type":"string"},"workspace_id":{"schema":"2","type":"number"},"status":{"schema":"2","type":"number"},"email":{"schema":"sivakumar@konnectify.co","type":"string"}}},"isLocalAppInstalled":true,"isLocalAppEnabled":true},"superops_production:assetConnector_modules":{"newAssetId":"3020","updateAssetId":"3021","createdAt":1779777832955,"updatedAt":1779777832955},"superops_production:alertConnector_modules":{"alertCreatedConnectorId":"3022","alertResolvedConnectorId":"3023","resolveAlertOnTicketChangeConnectorId":"3024","webhookUrl":"https://skdemo.konnectifyapp.co/webhook/3105","createdAt":1779777837593,"updatedAt":1779777837593}}
2026-05-26 12:52:26.295 +0530 [debug] (data.js) Read {"report_hash":"164b6b376a3cd05500ae5d339dfa82b58fb0cf355e2ffc1a3429433c142392eb","supero_101_101_migrate_oauth_status":true,"supero_101_101_modules":{"supero_101_101_system_settings":{"currentHost":{"endpoint_urls":{"freshservice":"https://sivakumar.freshservice.com"},"subscribed_modules":["service_ticket"],"org_domain":"https://sivakumar-877416007896811476.myfreshworks.com","product_types":{"freshservice":"ITSM"},"itam_version":{"freshservice":"BASIC"}}},"supero_101_101_custom_iparams":{"__meta":{"secure":["app1_apikey"]},"domain":"skdemo","accessToken":"fGOnTMOApoEz3ag9dB3Vg+SvNGA/go4kBkcu5cO1LFw4qv9m7/Fyls3MvX8+dflize0NIWoIpu+7TovEsgSEyM609Uejca+XBNgjqeC0FdPMWKueFE5D47zSmWFwhDZfYveCfiktVWAmY4nrj1L46aV3xeFAaeFUeHFWCa9qGk4w2Zn6+HrgQYOvhHCpzF6bXVa8joFanHQmb01vPaAJpnVdAILZARS7a6k5gYul0a2A9RCDOkGsCZBpQEI85c3ArqKB1PjX7A3UD1a32ITqVWZE4v+4hRWrMt2demOn+EGVI/HllCEZwMi3wd4NkkS77L2fFCp+BdzAV81hybXmtmowJExtUD0I/U+PjK1QZnPxXtTHAVBUk++E+bSLCbQq5X0qthjGRXW03TuEVVllFndmMxsITF87LGyYx/WSZTg=","tenantToken":"eyJhbGciOiJSUzI1NiIsInR5cCI6IkpXVCJ9.eyJleHAiOjE4MjI5Nzc4MzEsImlhdCI6MTc3OTc3NzgzMSwib3JnSWQiOiI2NiIsImV4dGVybmFsVGVuYW50SWQiOiJzaXZhLWl0LXVzIiwiZXh0ZXJuYWxVc2VySWQiOiJEZWZhdWx0IHRlbmFudCB1c2VyIn0.Jkh9zPlKsFfU9PdSoU-OgoJsA3y0DvE4146Z20M3_dwD1u3H-_4AJFdRinB4zRgsAMTh4AOHuVsFNZX3rFat9J_hAO6WRiD_opNWAbP_tY2oiPp_o-PFsoqx9rs-qKV65-3maVGoKr41X5tjOLUHjwFevoLBhxy51LcvZiURDrU25h0BGfxCClEyV3xKVD-9rC3IrVkBVaTpr79vuXpAGx5NNlGbUlHbW1TrDvUuN4p9TRwoQfWEliMHOuZnfo7QXVX_fVad-Soay6QjK8qN-6_W_1WVDognMl7LHwThGUFyu6NwRCt_J3SmAvBFoOvatf61BSLotwWUQlclQTs0gA","tenantId":"781","adminEmail":"sivakumar@konnectify.co","adminPassword":"konnectify","freshserviceAppName":"Freshservice","freshserviceAppId":"freshservice-1.0.0","freshserviceDomain":"sivakumar.freshservice.com","freshserviceApikey":"ZHgKqHflrMs94pFikuiD","freshserviceConnectionId":"3039","freshserviceConnectionName":"Freshservice Connection - 2026-05-26T06:42:45.868Z","superopsAppName":"SuperOps IT","superopsAppId":"superopsit-1.0.0","superopsDomain":"siva-it-us","superopsConnectionId":"3040","superopsApikey":"api-eyJhbGciOiJSUzI1NiJ9.eyJqdGkiOiIxOTg3Mzk1MzkxNzUzMTU0NTYwIiwicmFuZG9taXplciI6Iu-_vUbvv73vv70877-977-9X--_ve-_vSJ9.m6JxYTLA3ETs3HRrRWbRqGTmOirwOtyESdy0shf476qwJJfkcDZIuMn-p1mmrbMjBuaCmBpXRm3illwFqJdN9Aw9kkVnQnMs3IgCNewXDxDqCtf4e3EDWaWNtGs5inDGoLRbsHa68Dp8hV8X1riObW3RpkzgkFeEgKf6EWLT4SatkCgM8JfNF1k2l_rrTwrpoTkC5wYatojeAmWhyrwqbMCWEe_sIuxVbclev5q1VcymcNYC6ylPNYJ3Pa6MR2FzJ1Y8e0hz66hgL_M3hi9mCUI0evv57VRsAD3uSSh06etHS5WqLvmDcKonKj2bXrpM0KQ3fO6lT4YNx_MGepb15g","superopsConnectionName":"Superops Connection - 2026-05-26T06:42:45.868Z","superopsAccountType":"it","superopsRegion":"us","sinceDate":"04-05-2026","isInEditConfig":"","assetMapping":[{"superops_asset_class":{"id":"23","name":"Domain Controller"},"freshservice_asset_type":{"id":"30000367000","name":"Application Gateway"},"field_mappings":[{"superops_field":{"id":"assetId","name":"Asset Id"},"freshservice_field":{"id":"asset_tag","name":"Asset Tag"}},{"superops_field":{"id":"name","name":"Name"},"freshservice_field":{"id":"name","name":"Display Name"}}]}],"siteSeverityMapping":{"siteLocationMapping":[{"superops_site":"6027178066613911552","freshservice_location":30000039635}],"severityPriorityMapping":[{"superops_severity":"Low","freshservice_priority":1},{"superops_severity":"Critical","freshservice_priority":4}]},"ticketForm":{"subject":"Test ticket","planned_start_date":"","planned_end_date":"","planned_effort":"","impacted_locations":"","no_of_customers_impacted":"","unique_code":"","redington_ticket_id":"","description":"sample desc","business_impact":"","workspace_id":2,"status":2,"ticket_type":"","source":"","urgency":"","impact":"","group":"","department":"","category":"","major_incident_type":"","requester":"sivakumar@konnectify.co","requester_email":"","agent":""},"formattedTicketForm":{"subject":{"schema":"Test ticket","type":"string"},"description":{"schema":"sample desc","type":"string"},"workspace_id":{"schema":"2","type":"number"},"status":{"schema":"2","type":"number"},"email":{"schema":"sivakumar@konnectify.co","type":"string"}}},"isLocalAppInstalled":true,"isLocalAppEnabled":true},"superops_production:assetConnector_modules":{"newAssetId":"3020","updateAssetId":"3021","createdAt":1779777832955,"updatedAt":1779777832955},"superops_production:alertConnector_modules":{"alertCreatedConnectorId":"3022","alertResolvedConnectorId":"3023","resolveAlertOnTicketChangeConnectorId":"3024","webhookUrl":"https://skdemo.konnectifyapp.co/webhook/3105","createdAt":1779777837593,"updatedAt":1779777837593}}
2026-05-26 12:52:26.295 +0530 [debug] (data.js) Read {"report_hash":"164b6b376a3cd05500ae5d339dfa82b58fb0cf355e2ffc1a3429433c142392eb","supero_101_101_migrate_oauth_status":true,"supero_101_101_modules":{"supero_101_101_system_settings":{"currentHost":{"endpoint_urls":{"freshservice":"https://sivakumar.freshservice.com"},"subscribed_modules":["service_ticket"],"org_domain":"https://sivakumar-877416007896811476.myfreshworks.com","product_types":{"freshservice":"ITSM"},"itam_version":{"freshservice":"BASIC"}}},"supero_101_101_custom_iparams":{"__meta":{"secure":["app1_apikey"]},"domain":"skdemo","accessToken":"fGOnTMOApoEz3ag9dB3Vg+SvNGA/go4kBkcu5cO1LFw4qv9m7/Fyls3MvX8+dflize0NIWoIpu+7TovEsgSEyM609Uejca+XBNgjqeC0FdPMWKueFE5D47zSmWFwhDZfYveCfiktVWAmY4nrj1L46aV3xeFAaeFUeHFWCa9qGk4w2Zn6+HrgQYOvhHCpzF6bXVa8joFanHQmb01vPaAJpnVdAILZARS7a6k5gYul0a2A9RCDOkGsCZBpQEI85c3ArqKB1PjX7A3UD1a32ITqVWZE4v+4hRWrMt2demOn+EGVI/HllCEZwMi3wd4NkkS77L2fFCp+BdzAV81hybXmtmowJExtUD0I/U+PjK1QZnPxXtTHAVBUk++E+bSLCbQq5X0qthjGRXW03TuEVVllFndmMxsITF87LGyYx/WSZTg=","tenantToken":"eyJhbGciOiJSUzI1NiIsInR5cCI6IkpXVCJ9.eyJleHAiOjE4MjI5Nzc4MzEsImlhdCI6MTc3OTc3NzgzMSwib3JnSWQiOiI2NiIsImV4dGVybmFsVGVuYW50SWQiOiJzaXZhLWl0LXVzIiwiZXh0ZXJuYWxVc2VySWQiOiJEZWZhdWx0IHRlbmFudCB1c2VyIn0.Jkh9zPlKsFfU9PdSoU-OgoJsA3y0DvE4146Z20M3_dwD1u3H-_4AJFdRinB4zRgsAMTh4AOHuVsFNZX3rFat9J_hAO6WRiD_opNWAbP_tY2oiPp_o-PFsoqx9rs-qKV65-3maVGoKr41X5tjOLUHjwFevoLBhxy51LcvZiURDrU25h0BGfxCClEyV3xKVD-9rC3IrVkBVaTpr79vuXpAGx5NNlGbUlHbW1TrDvUuN4p9TRwoQfWEliMHOuZnfo7QXVX_fVad-Soay6QjK8qN-6_W_1WVDognMl7LHwThGUFyu6NwRCt_J3SmAvBFoOvatf61BSLotwWUQlclQTs0gA","tenantId":"781","adminEmail":"sivakumar@konnectify.co","adminPassword":"konnectify","freshserviceAppName":"Freshservice","freshserviceAppId":"freshservice-1.0.0","freshserviceDomain":"sivakumar.freshservice.com","freshserviceApikey":"ZHgKqHflrMs94pFikuiD","freshserviceConnectionId":"3039","freshserviceConnectionName":"Freshservice Connection - 2026-05-26T06:42:45.868Z","superopsAppName":"SuperOps IT","superopsAppId":"superopsit-1.0.0","superopsDomain":"siva-it-us","superopsConnectionId":"3040","superopsApikey":"api-eyJhbGciOiJSUzI1NiJ9.eyJqdGkiOiIxOTg3Mzk1MzkxNzUzMTU0NTYwIiwicmFuZG9taXplciI6Iu-_vUbvv73vv70877-977-9X--_ve-_vSJ9.m6JxYTLA3ETs3HRrRWbRqGTmOirwOtyESdy0shf476qwJJfkcDZIuMn-p1mmrbMjBuaCmBpXRm3illwFqJdN9Aw9kkVnQnMs3IgCNewXDxDqCtf4e3EDWaWNtGs5inDGoLRbsHa68Dp8hV8X1riObW3RpkzgkFeEgKf6EWLT4SatkCgM8JfNF1k2l_rrTwrpoTkC5wYatojeAmWhyrwqbMCWEe_sIuxVbclev5q1VcymcNYC6ylPNYJ3Pa6MR2FzJ1Y8e0hz66hgL_M3hi9mCUI0evv57VRsAD3uSSh06etHS5WqLvmDcKonKj2bXrpM0KQ3fO6lT4YNx_MGepb15g","superopsConnectionName":"Superops Connection - 2026-05-26T06:42:45.868Z","superopsAccountType":"it","superopsRegion":"us","sinceDate":"04-05-2026","isInEditConfig":"","assetMapping":[{"superops_asset_class":{"id":"23","name":"Domain Controller"},"freshservice_asset_type":{"id":"30000367000","name":"Application Gateway"},"field_mappings":[{"superops_field":{"id":"assetId","name":"Asset Id"},"freshservice_field":{"id":"asset_tag","name":"Asset Tag"}},{"superops_field":{"id":"name","name":"Name"},"freshservice_field":{"id":"name","name":"Display Name"}}]}],"siteSeverityMapping":{"siteLocationMapping":[{"superops_site":"6027178066613911552","freshservice_location":30000039635}],"severityPriorityMapping":[{"superops_severity":"Low","freshservice_priority":1},{"superops_severity":"Critical","freshservice_priority":4}]},"ticketForm":{"subject":"Test ticket","planned_start_date":"","planned_end_date":"","planned_effort":"","impacted_locations":"","no_of_customers_impacted":"","unique_code":"","redington_ticket_id":"","description":"sample desc","business_impact":"","workspace_id":2,"status":2,"ticket_type":"","source":"","urgency":"","impact":"","group":"","department":"","category":"","major_incident_type":"","requester":"sivakumar@konnectify.co","requester_email":"","agent":""},"formattedTicketForm":{"subject":{"schema":"Test ticket","type":"string"},"description":{"schema":"sample desc","type":"string"},"workspace_id":{"schema":"2","type":"number"},"status":{"schema":"2","type":"number"},"email":{"schema":"sivakumar@konnectify.co","type":"string"}}},"isLocalAppInstalled":true,"isLocalAppEnabled":true},"superops_production:assetConnector_modules":{"newAssetId":"3020","updateAssetId":"3021","createdAt":1779777832955,"updatedAt":1779777832955},"superops_production:alertConnector_modules":{"alertCreatedConnectorId":"3022","alertResolvedConnectorId":"3023","resolveAlertOnTicketChangeConnectorId":"3024","webhookUrl":"https://skdemo.konnectifyapp.co/webhook/3105","createdAt":1779777837593,"updatedAt":1779777837593}}
2026-05-26 12:52:26.295 +0530 [debug] (request.js) Obtained creds 
2026-05-26 12:52:26.295 +0530 [debug] (data.js) Read {"report_hash":"164b6b376a3cd05500ae5d339dfa82b58fb0cf355e2ffc1a3429433c142392eb","supero_101_101_migrate_oauth_status":true,"supero_101_101_modules":{"supero_101_101_system_settings":{"currentHost":{"endpoint_urls":{"freshservice":"https://sivakumar.freshservice.com"},"subscribed_modules":["service_ticket"],"org_domain":"https://sivakumar-877416007896811476.myfreshworks.com","product_types":{"freshservice":"ITSM"},"itam_version":{"freshservice":"BASIC"}}},"supero_101_101_custom_iparams":{"__meta":{"secure":["app1_apikey"]},"domain":"skdemo","accessToken":"fGOnTMOApoEz3ag9dB3Vg+SvNGA/go4kBkcu5cO1LFw4qv9m7/Fyls3MvX8+dflize0NIWoIpu+7TovEsgSEyM609Uejca+XBNgjqeC0FdPMWKueFE5D47zSmWFwhDZfYveCfiktVWAmY4nrj1L46aV3xeFAaeFUeHFWCa9qGk4w2Zn6+HrgQYOvhHCpzF6bXVa8joFanHQmb01vPaAJpnVdAILZARS7a6k5gYul0a2A9RCDOkGsCZBpQEI85c3ArqKB1PjX7A3UD1a32ITqVWZE4v+4hRWrMt2demOn+EGVI/HllCEZwMi3wd4NkkS77L2fFCp+BdzAV81hybXmtmowJExtUD0I/U+PjK1QZnPxXtTHAVBUk++E+bSLCbQq5X0qthjGRXW03TuEVVllFndmMxsITF87LGyYx/WSZTg=","tenantToken":"eyJhbGciOiJSUzI1NiIsInR5cCI6IkpXVCJ9.eyJleHAiOjE4MjI5Nzc4MzEsImlhdCI6MTc3OTc3NzgzMSwib3JnSWQiOiI2NiIsImV4dGVybmFsVGVuYW50SWQiOiJzaXZhLWl0LXVzIiwiZXh0ZXJuYWxVc2VySWQiOiJEZWZhdWx0IHRlbmFudCB1c2VyIn0.Jkh9zPlKsFfU9PdSoU-OgoJsA3y0DvE4146Z20M3_dwD1u3H-_4AJFdRinB4zRgsAMTh4AOHuVsFNZX3rFat9J_hAO6WRiD_opNWAbP_tY2oiPp_o-PFsoqx9rs-qKV65-3maVGoKr41X5tjOLUHjwFevoLBhxy51LcvZiURDrU25h0BGfxCClEyV3xKVD-9rC3IrVkBVaTpr79vuXpAGx5NNlGbUlHbW1TrDvUuN4p9TRwoQfWEliMHOuZnfo7QXVX_fVad-Soay6QjK8qN-6_W_1WVDognMl7LHwThGUFyu6NwRCt_J3SmAvBFoOvatf61BSLotwWUQlclQTs0gA","tenantId":"781","adminEmail":"sivakumar@konnectify.co","adminPassword":"konnectify","freshserviceAppName":"Freshservice","freshserviceAppId":"freshservice-1.0.0","freshserviceDomain":"sivakumar.freshservice.com","freshserviceApikey":"ZHgKqHflrMs94pFikuiD","freshserviceConnectionId":"3039","freshserviceConnectionName":"Freshservice Connection - 2026-05-26T06:42:45.868Z","superopsAppName":"SuperOps IT","superopsAppId":"superopsit-1.0.0","superopsDomain":"siva-it-us","superopsConnectionId":"3040","superopsApikey":"api-eyJhbGciOiJSUzI1NiJ9.eyJqdGkiOiIxOTg3Mzk1MzkxNzUzMTU0NTYwIiwicmFuZG9taXplciI6Iu-_vUbvv73vv70877-977-9X--_ve-_vSJ9.m6JxYTLA3ETs3HRrRWbRqGTmOirwOtyESdy0shf476qwJJfkcDZIuMn-p1mmrbMjBuaCmBpXRm3illwFqJdN9Aw9kkVnQnMs3IgCNewXDxDqCtf4e3EDWaWNtGs5inDGoLRbsHa68Dp8hV8X1riObW3RpkzgkFeEgKf6EWLT4SatkCgM8JfNF1k2l_rrTwrpoTkC5wYatojeAmWhyrwqbMCWEe_sIuxVbclev5q1VcymcNYC6ylPNYJ3Pa6MR2FzJ1Y8e0hz66hgL_M3hi9mCUI0evv57VRsAD3uSSh06etHS5WqLvmDcKonKj2bXrpM0KQ3fO6lT4YNx_MGepb15g","superopsConnectionName":"Superops Connection - 2026-05-26T06:42:45.868Z","superopsAccountType":"it","superopsRegion":"us","sinceDate":"04-05-2026","isInEditConfig":"","assetMapping":[{"superops_asset_class":{"id":"23","name":"Domain Controller"},"freshservice_asset_type":{"id":"30000367000","name":"Application Gateway"},"field_mappings":[{"superops_field":{"id":"assetId","name":"Asset Id"},"freshservice_field":{"id":"asset_tag","name":"Asset Tag"}},{"superops_field":{"id":"name","name":"Name"},"freshservice_field":{"id":"name","name":"Display Name"}}]}],"siteSeverityMapping":{"siteLocationMapping":[{"superops_site":"6027178066613911552","freshservice_location":30000039635}],"severityPriorityMapping":[{"superops_severity":"Low","freshservice_priority":1},{"superops_severity":"Critical","freshservice_priority":4}]},"ticketForm":{"subject":"Test ticket","planned_start_date":"","planned_end_date":"","planned_effort":"","impacted_locations":"","no_of_customers_impacted":"","unique_code":"","redington_ticket_id":"","description":"sample desc","business_impact":"","workspace_id":2,"status":2,"ticket_type":"","source":"","urgency":"","impact":"","group":"","department":"","category":"","major_incident_type":"","requester":"sivakumar@konnectify.co","requester_email":"","agent":""},"formattedTicketForm":{"subject":{"schema":"Test ticket","type":"string"},"description":{"schema":"sample desc","type":"string"},"workspace_id":{"schema":"2","type":"number"},"status":{"schema":"2","type":"number"},"email":{"schema":"sivakumar@konnectify.co","type":"string"}}},"isLocalAppInstalled":true,"isLocalAppEnabled":true},"superops_production:assetConnector_modules":{"newAssetId":"3020","updateAssetId":"3021","createdAt":1779777832955,"updatedAt":1779777832955},"superops_production:alertConnector_modules":{"alertCreatedConnectorId":"3022","alertResolvedConnectorId":"3023","resolveAlertOnTicketChangeConnectorId":"3024","webhookUrl":"https://skdemo.konnectifyapp.co/webhook/3105","createdAt":1779777837593,"updatedAt":1779777837593}}
2026-05-26 12:52:26.296 +0530 [debug] (request.js) Making request with options as { method: 'GET',
  url: 'https://sivakumar.freshservice.com/api/v2/locations',
  headers:
   { Authorization: 'Basic WkhnS3FIZmxyTXM5NHBGaWt1aUQ6eA==',
     'Content-Type': 'application/json' },
  body: null,
  maxAttempts: 1,
  retryDelay: 0,
  timeout: 15000 }
2026-05-26 12:52:26.382 +0530 [debug] (request.js) Looking for 'application/json' in application/json,application/xml,text/html,text/xml,application/jsonp,text/plain,application/javascript,application/vnd.api+json
2026-05-26 12:52:26.386 +0530 [debug] (data-pipe.js) received call for route "request" with action "execute" and body {"action":"execute","data":{"name":"getAllTicketFields","context":{"host":"sivakumar.freshservice.com","apikey":"ZHgKqHflrMs94pFikuiD"},"isInstall":false,"isOAuth":true},"isInstall":false}
2026-05-26 12:52:26.386 +0530 [debug] (data.js) Read {"report_hash":"164b6b376a3cd05500ae5d339dfa82b58fb0cf355e2ffc1a3429433c142392eb","supero_101_101_migrate_oauth_status":true,"supero_101_101_modules":{"supero_101_101_system_settings":{"currentHost":{"endpoint_urls":{"freshservice":"https://sivakumar.freshservice.com"},"subscribed_modules":["service_ticket"],"org_domain":"https://sivakumar-877416007896811476.myfreshworks.com","product_types":{"freshservice":"ITSM"},"itam_version":{"freshservice":"BASIC"}}},"supero_101_101_custom_iparams":{"__meta":{"secure":["app1_apikey"]},"domain":"skdemo","accessToken":"fGOnTMOApoEz3ag9dB3Vg+SvNGA/go4kBkcu5cO1LFw4qv9m7/Fyls3MvX8+dflize0NIWoIpu+7TovEsgSEyM609Uejca+XBNgjqeC0FdPMWKueFE5D47zSmWFwhDZfYveCfiktVWAmY4nrj1L46aV3xeFAaeFUeHFWCa9qGk4w2Zn6+HrgQYOvhHCpzF6bXVa8joFanHQmb01vPaAJpnVdAILZARS7a6k5gYul0a2A9RCDOkGsCZBpQEI85c3ArqKB1PjX7A3UD1a32ITqVWZE4v+4hRWrMt2demOn+EGVI/HllCEZwMi3wd4NkkS77L2fFCp+BdzAV81hybXmtmowJExtUD0I/U+PjK1QZnPxXtTHAVBUk++E+bSLCbQq5X0qthjGRXW03TuEVVllFndmMxsITF87LGyYx/WSZTg=","tenantToken":"eyJhbGciOiJSUzI1NiIsInR5cCI6IkpXVCJ9.eyJleHAiOjE4MjI5Nzc4MzEsImlhdCI6MTc3OTc3NzgzMSwib3JnSWQiOiI2NiIsImV4dGVybmFsVGVuYW50SWQiOiJzaXZhLWl0LXVzIiwiZXh0ZXJuYWxVc2VySWQiOiJEZWZhdWx0IHRlbmFudCB1c2VyIn0.Jkh9zPlKsFfU9PdSoU-OgoJsA3y0DvE4146Z20M3_dwD1u3H-_4AJFdRinB4zRgsAMTh4AOHuVsFNZX3rFat9J_hAO6WRiD_opNWAbP_tY2oiPp_o-PFsoqx9rs-qKV65-3maVGoKr41X5tjOLUHjwFevoLBhxy51LcvZiURDrU25h0BGfxCClEyV3xKVD-9rC3IrVkBVaTpr79vuXpAGx5NNlGbUlHbW1TrDvUuN4p9TRwoQfWEliMHOuZnfo7QXVX_fVad-Soay6QjK8qN-6_W_1WVDognMl7LHwThGUFyu6NwRCt_J3SmAvBFoOvatf61BSLotwWUQlclQTs0gA","tenantId":"781","adminEmail":"sivakumar@konnectify.co","adminPassword":"konnectify","freshserviceAppName":"Freshservice","freshserviceAppId":"freshservice-1.0.0","freshserviceDomain":"sivakumar.freshservice.com","freshserviceApikey":"ZHgKqHflrMs94pFikuiD","freshserviceConnectionId":"3039","freshserviceConnectionName":"Freshservice Connection - 2026-05-26T06:42:45.868Z","superopsAppName":"SuperOps IT","superopsAppId":"superopsit-1.0.0","superopsDomain":"siva-it-us","superopsConnectionId":"3040","superopsApikey":"api-eyJhbGciOiJSUzI1NiJ9.eyJqdGkiOiIxOTg3Mzk1MzkxNzUzMTU0NTYwIiwicmFuZG9taXplciI6Iu-_vUbvv73vv70877-977-9X--_ve-_vSJ9.m6JxYTLA3ETs3HRrRWbRqGTmOirwOtyESdy0shf476qwJJfkcDZIuMn-p1mmrbMjBuaCmBpXRm3illwFqJdN9Aw9kkVnQnMs3IgCNewXDxDqCtf4e3EDWaWNtGs5inDGoLRbsHa68Dp8hV8X1riObW3RpkzgkFeEgKf6EWLT4SatkCgM8JfNF1k2l_rrTwrpoTkC5wYatojeAmWhyrwqbMCWEe_sIuxVbclev5q1VcymcNYC6ylPNYJ3Pa6MR2FzJ1Y8e0hz66hgL_M3hi9mCUI0evv57VRsAD3uSSh06etHS5WqLvmDcKonKj2bXrpM0KQ3fO6lT4YNx_MGepb15g","superopsConnectionName":"Superops Connection - 2026-05-26T06:42:45.868Z","superopsAccountType":"it","superopsRegion":"us","sinceDate":"04-05-2026","isInEditConfig":"","assetMapping":[{"superops_asset_class":{"id":"23","name":"Domain Controller"},"freshservice_asset_type":{"id":"30000367000","name":"Application Gateway"},"field_mappings":[{"superops_field":{"id":"assetId","name":"Asset Id"},"freshservice_field":{"id":"asset_tag","name":"Asset Tag"}},{"superops_field":{"id":"name","name":"Name"},"freshservice_field":{"id":"name","name":"Display Name"}}]}],"siteSeverityMapping":{"siteLocationMapping":[{"superops_site":"6027178066613911552","freshservice_location":30000039635}],"severityPriorityMapping":[{"superops_severity":"Low","freshservice_priority":1},{"superops_severity":"Critical","freshservice_priority":4}]},"ticketForm":{"subject":"Test ticket","planned_start_date":"","planned_end_date":"","planned_effort":"","impacted_locations":"","no_of_customers_impacted":"","unique_code":"","redington_ticket_id":"","description":"sample desc","business_impact":"","workspace_id":2,"status":2,"ticket_type":"","source":"","urgency":"","impact":"","group":"","department":"","category":"","major_incident_type":"","requester":"sivakumar@konnectify.co","requester_email":"","agent":""},"formattedTicketForm":{"subject":{"schema":"Test ticket","type":"string"},"description":{"schema":"sample desc","type":"string"},"workspace_id":{"schema":"2","type":"number"},"status":{"schema":"2","type":"number"},"email":{"schema":"sivakumar@konnectify.co","type":"string"}}},"isLocalAppInstalled":true,"isLocalAppEnabled":true},"superops_production:assetConnector_modules":{"newAssetId":"3020","updateAssetId":"3021","createdAt":1779777832955,"updatedAt":1779777832955},"superops_production:alertConnector_modules":{"alertCreatedConnectorId":"3022","alertResolvedConnectorId":"3023","resolveAlertOnTicketChangeConnectorId":"3024","webhookUrl":"https://skdemo.konnectifyapp.co/webhook/3105","createdAt":1779777837593,"updatedAt":1779777837593}}
2026-05-26 12:52:26.387 +0530 [debug] (http.js) Failed to parse URL: https://<%= context.host %>, error: Invalid URL
2026-05-26 12:52:26.387 +0530 [debug] (request.js) Checking request template for multi-oauth app
2026-05-26 12:52:26.387 +0530 [debug] (data.js) Read {"report_hash":"164b6b376a3cd05500ae5d339dfa82b58fb0cf355e2ffc1a3429433c142392eb","supero_101_101_migrate_oauth_status":true,"supero_101_101_modules":{"supero_101_101_system_settings":{"currentHost":{"endpoint_urls":{"freshservice":"https://sivakumar.freshservice.com"},"subscribed_modules":["service_ticket"],"org_domain":"https://sivakumar-877416007896811476.myfreshworks.com","product_types":{"freshservice":"ITSM"},"itam_version":{"freshservice":"BASIC"}}},"supero_101_101_custom_iparams":{"__meta":{"secure":["app1_apikey"]},"domain":"skdemo","accessToken":"fGOnTMOApoEz3ag9dB3Vg+SvNGA/go4kBkcu5cO1LFw4qv9m7/Fyls3MvX8+dflize0NIWoIpu+7TovEsgSEyM609Uejca+XBNgjqeC0FdPMWKueFE5D47zSmWFwhDZfYveCfiktVWAmY4nrj1L46aV3xeFAaeFUeHFWCa9qGk4w2Zn6+HrgQYOvhHCpzF6bXVa8joFanHQmb01vPaAJpnVdAILZARS7a6k5gYul0a2A9RCDOkGsCZBpQEI85c3ArqKB1PjX7A3UD1a32ITqVWZE4v+4hRWrMt2demOn+EGVI/HllCEZwMi3wd4NkkS77L2fFCp+BdzAV81hybXmtmowJExtUD0I/U+PjK1QZnPxXtTHAVBUk++E+bSLCbQq5X0qthjGRXW03TuEVVllFndmMxsITF87LGyYx/WSZTg=","tenantToken":"eyJhbGciOiJSUzI1NiIsInR5cCI6IkpXVCJ9.eyJleHAiOjE4MjI5Nzc4MzEsImlhdCI6MTc3OTc3NzgzMSwib3JnSWQiOiI2NiIsImV4dGVybmFsVGVuYW50SWQiOiJzaXZhLWl0LXVzIiwiZXh0ZXJuYWxVc2VySWQiOiJEZWZhdWx0IHRlbmFudCB1c2VyIn0.Jkh9zPlKsFfU9PdSoU-OgoJsA3y0DvE4146Z20M3_dwD1u3H-_4AJFdRinB4zRgsAMTh4AOHuVsFNZX3rFat9J_hAO6WRiD_opNWAbP_tY2oiPp_o-PFsoqx9rs-qKV65-3maVGoKr41X5tjOLUHjwFevoLBhxy51LcvZiURDrU25h0BGfxCClEyV3xKVD-9rC3IrVkBVaTpr79vuXpAGx5NNlGbUlHbW1TrDvUuN4p9TRwoQfWEliMHOuZnfo7QXVX_fVad-Soay6QjK8qN-6_W_1WVDognMl7LHwThGUFyu6NwRCt_J3SmAvBFoOvatf61BSLotwWUQlclQTs0gA","tenantId":"781","adminEmail":"sivakumar@konnectify.co","adminPassword":"konnectify","freshserviceAppName":"Freshservice","freshserviceAppId":"freshservice-1.0.0","freshserviceDomain":"sivakumar.freshservice.com","freshserviceApikey":"ZHgKqHflrMs94pFikuiD","freshserviceConnectionId":"3039","freshserviceConnectionName":"Freshservice Connection - 2026-05-26T06:42:45.868Z","superopsAppName":"SuperOps IT","superopsAppId":"superopsit-1.0.0","superopsDomain":"siva-it-us","superopsConnectionId":"3040","superopsApikey":"api-eyJhbGciOiJSUzI1NiJ9.eyJqdGkiOiIxOTg3Mzk1MzkxNzUzMTU0NTYwIiwicmFuZG9taXplciI6Iu-_vUbvv73vv70877-977-9X--_ve-_vSJ9.m6JxYTLA3ETs3HRrRWbRqGTmOirwOtyESdy0shf476qwJJfkcDZIuMn-p1mmrbMjBuaCmBpXRm3illwFqJdN9Aw9kkVnQnMs3IgCNewXDxDqCtf4e3EDWaWNtGs5inDGoLRbsHa68Dp8hV8X1riObW3RpkzgkFeEgKf6EWLT4SatkCgM8JfNF1k2l_rrTwrpoTkC5wYatojeAmWhyrwqbMCWEe_sIuxVbclev5q1VcymcNYC6ylPNYJ3Pa6MR2FzJ1Y8e0hz66hgL_M3hi9mCUI0evv57VRsAD3uSSh06etHS5WqLvmDcKonKj2bXrpM0KQ3fO6lT4YNx_MGepb15g","superopsConnectionName":"Superops Connection - 2026-05-26T06:42:45.868Z","superopsAccountType":"it","superopsRegion":"us","sinceDate":"04-05-2026","isInEditConfig":"","assetMapping":[{"superops_asset_class":{"id":"23","name":"Domain Controller"},"freshservice_asset_type":{"id":"30000367000","name":"Application Gateway"},"field_mappings":[{"superops_field":{"id":"assetId","name":"Asset Id"},"freshservice_field":{"id":"asset_tag","name":"Asset Tag"}},{"superops_field":{"id":"name","name":"Name"},"freshservice_field":{"id":"name","name":"Display Name"}}]}],"siteSeverityMapping":{"siteLocationMapping":[{"superops_site":"6027178066613911552","freshservice_location":30000039635}],"severityPriorityMapping":[{"superops_severity":"Low","freshservice_priority":1},{"superops_severity":"Critical","freshservice_priority":4}]},"ticketForm":{"subject":"Test ticket","planned_start_date":"","planned_end_date":"","planned_effort":"","impacted_locations":"","no_of_customers_impacted":"","unique_code":"","redington_ticket_id":"","description":"sample desc","business_impact":"","workspace_id":2,"status":2,"ticket_type":"","source":"","urgency":"","impact":"","group":"","department":"","category":"","major_incident_type":"","requester":"sivakumar@konnectify.co","requester_email":"","agent":""},"formattedTicketForm":{"subject":{"schema":"Test ticket","type":"string"},"description":{"schema":"sample desc","type":"string"},"workspace_id":{"schema":"2","type":"number"},"status":{"schema":"2","type":"number"},"email":{"schema":"sivakumar@konnectify.co","type":"string"}}},"isLocalAppInstalled":true,"isLocalAppEnabled":true},"superops_production:assetConnector_modules":{"newAssetId":"3020","updateAssetId":"3021","createdAt":1779777832955,"updatedAt":1779777832955},"superops_production:alertConnector_modules":{"alertCreatedConnectorId":"3022","alertResolvedConnectorId":"3023","resolveAlertOnTicketChangeConnectorId":"3024","webhookUrl":"https://skdemo.konnectifyapp.co/webhook/3105","createdAt":1779777837593,"updatedAt":1779777837593}}
2026-05-26 12:52:26.387 +0530 [debug] (data.js) Read {"report_hash":"164b6b376a3cd05500ae5d339dfa82b58fb0cf355e2ffc1a3429433c142392eb","supero_101_101_migrate_oauth_status":true,"supero_101_101_modules":{"supero_101_101_system_settings":{"currentHost":{"endpoint_urls":{"freshservice":"https://sivakumar.freshservice.com"},"subscribed_modules":["service_ticket"],"org_domain":"https://sivakumar-877416007896811476.myfreshworks.com","product_types":{"freshservice":"ITSM"},"itam_version":{"freshservice":"BASIC"}}},"supero_101_101_custom_iparams":{"__meta":{"secure":["app1_apikey"]},"domain":"skdemo","accessToken":"fGOnTMOApoEz3ag9dB3Vg+SvNGA/go4kBkcu5cO1LFw4qv9m7/Fyls3MvX8+dflize0NIWoIpu+7TovEsgSEyM609Uejca+XBNgjqeC0FdPMWKueFE5D47zSmWFwhDZfYveCfiktVWAmY4nrj1L46aV3xeFAaeFUeHFWCa9qGk4w2Zn6+HrgQYOvhHCpzF6bXVa8joFanHQmb01vPaAJpnVdAILZARS7a6k5gYul0a2A9RCDOkGsCZBpQEI85c3ArqKB1PjX7A3UD1a32ITqVWZE4v+4hRWrMt2demOn+EGVI/HllCEZwMi3wd4NkkS77L2fFCp+BdzAV81hybXmtmowJExtUD0I/U+PjK1QZnPxXtTHAVBUk++E+bSLCbQq5X0qthjGRXW03TuEVVllFndmMxsITF87LGyYx/WSZTg=","tenantToken":"eyJhbGciOiJSUzI1NiIsInR5cCI6IkpXVCJ9.eyJleHAiOjE4MjI5Nzc4MzEsImlhdCI6MTc3OTc3NzgzMSwib3JnSWQiOiI2NiIsImV4dGVybmFsVGVuYW50SWQiOiJzaXZhLWl0LXVzIiwiZXh0ZXJuYWxVc2VySWQiOiJEZWZhdWx0IHRlbmFudCB1c2VyIn0.Jkh9zPlKsFfU9PdSoU-OgoJsA3y0DvE4146Z20M3_dwD1u3H-_4AJFdRinB4zRgsAMTh4AOHuVsFNZX3rFat9J_hAO6WRiD_opNWAbP_tY2oiPp_o-PFsoqx9rs-qKV65-3maVGoKr41X5tjOLUHjwFevoLBhxy51LcvZiURDrU25h0BGfxCClEyV3xKVD-9rC3IrVkBVaTpr79vuXpAGx5NNlGbUlHbW1TrDvUuN4p9TRwoQfWEliMHOuZnfo7QXVX_fVad-Soay6QjK8qN-6_W_1WVDognMl7LHwThGUFyu6NwRCt_J3SmAvBFoOvatf61BSLotwWUQlclQTs0gA","tenantId":"781","adminEmail":"sivakumar@konnectify.co","adminPassword":"konnectify","freshserviceAppName":"Freshservice","freshserviceAppId":"freshservice-1.0.0","freshserviceDomain":"sivakumar.freshservice.com","freshserviceApikey":"ZHgKqHflrMs94pFikuiD","freshserviceConnectionId":"3039","freshserviceConnectionName":"Freshservice Connection - 2026-05-26T06:42:45.868Z","superopsAppName":"SuperOps IT","superopsAppId":"superopsit-1.0.0","superopsDomain":"siva-it-us","superopsConnectionId":"3040","superopsApikey":"api-eyJhbGciOiJSUzI1NiJ9.eyJqdGkiOiIxOTg3Mzk1MzkxNzUzMTU0NTYwIiwicmFuZG9taXplciI6Iu-_vUbvv73vv70877-977-9X--_ve-_vSJ9.m6JxYTLA3ETs3HRrRWbRqGTmOirwOtyESdy0shf476qwJJfkcDZIuMn-p1mmrbMjBuaCmBpXRm3illwFqJdN9Aw9kkVnQnMs3IgCNewXDxDqCtf4e3EDWaWNtGs5inDGoLRbsHa68Dp8hV8X1riObW3RpkzgkFeEgKf6EWLT4SatkCgM8JfNF1k2l_rrTwrpoTkC5wYatojeAmWhyrwqbMCWEe_sIuxVbclev5q1VcymcNYC6ylPNYJ3Pa6MR2FzJ1Y8e0hz66hgL_M3hi9mCUI0evv57VRsAD3uSSh06etHS5WqLvmDcKonKj2bXrpM0KQ3fO6lT4YNx_MGepb15g","superopsConnectionName":"Superops Connection - 2026-05-26T06:42:45.868Z","superopsAccountType":"it","superopsRegion":"us","sinceDate":"04-05-2026","isInEditConfig":"","assetMapping":[{"superops_asset_class":{"id":"23","name":"Domain Controller"},"freshservice_asset_type":{"id":"30000367000","name":"Application Gateway"},"field_mappings":[{"superops_field":{"id":"assetId","name":"Asset Id"},"freshservice_field":{"id":"asset_tag","name":"Asset Tag"}},{"superops_field":{"id":"name","name":"Name"},"freshservice_field":{"id":"name","name":"Display Name"}}]}],"siteSeverityMapping":{"siteLocationMapping":[{"superops_site":"6027178066613911552","freshservice_location":30000039635}],"severityPriorityMapping":[{"superops_severity":"Low","freshservice_priority":1},{"superops_severity":"Critical","freshservice_priority":4}]},"ticketForm":{"subject":"Test ticket","planned_start_date":"","planned_end_date":"","planned_effort":"","impacted_locations":"","no_of_customers_impacted":"","unique_code":"","redington_ticket_id":"","description":"sample desc","business_impact":"","workspace_id":2,"status":2,"ticket_type":"","source":"","urgency":"","impact":"","group":"","department":"","category":"","major_incident_type":"","requester":"sivakumar@konnectify.co","requester_email":"","agent":""},"formattedTicketForm":{"subject":{"schema":"Test ticket","type":"string"},"description":{"schema":"sample desc","type":"string"},"workspace_id":{"schema":"2","type":"number"},"status":{"schema":"2","type":"number"},"email":{"schema":"sivakumar@konnectify.co","type":"string"}}},"isLocalAppInstalled":true,"isLocalAppEnabled":true},"superops_production:assetConnector_modules":{"newAssetId":"3020","updateAssetId":"3021","createdAt":1779777832955,"updatedAt":1779777832955},"superops_production:alertConnector_modules":{"alertCreatedConnectorId":"3022","alertResolvedConnectorId":"3023","resolveAlertOnTicketChangeConnectorId":"3024","webhookUrl":"https://skdemo.konnectifyapp.co/webhook/3105","createdAt":1779777837593,"updatedAt":1779777837593}}
2026-05-26 12:52:26.388 +0530 [debug] (data.js) Read {"report_hash":"164b6b376a3cd05500ae5d339dfa82b58fb0cf355e2ffc1a3429433c142392eb","supero_101_101_migrate_oauth_status":true,"supero_101_101_modules":{"supero_101_101_system_settings":{"currentHost":{"endpoint_urls":{"freshservice":"https://sivakumar.freshservice.com"},"subscribed_modules":["service_ticket"],"org_domain":"https://sivakumar-877416007896811476.myfreshworks.com","product_types":{"freshservice":"ITSM"},"itam_version":{"freshservice":"BASIC"}}},"supero_101_101_custom_iparams":{"__meta":{"secure":["app1_apikey"]},"domain":"skdemo","accessToken":"fGOnTMOApoEz3ag9dB3Vg+SvNGA/go4kBkcu5cO1LFw4qv9m7/Fyls3MvX8+dflize0NIWoIpu+7TovEsgSEyM609Uejca+XBNgjqeC0FdPMWKueFE5D47zSmWFwhDZfYveCfiktVWAmY4nrj1L46aV3xeFAaeFUeHFWCa9qGk4w2Zn6+HrgQYOvhHCpzF6bXVa8joFanHQmb01vPaAJpnVdAILZARS7a6k5gYul0a2A9RCDOkGsCZBpQEI85c3ArqKB1PjX7A3UD1a32ITqVWZE4v+4hRWrMt2demOn+EGVI/HllCEZwMi3wd4NkkS77L2fFCp+BdzAV81hybXmtmowJExtUD0I/U+PjK1QZnPxXtTHAVBUk++E+bSLCbQq5X0qthjGRXW03TuEVVllFndmMxsITF87LGyYx/WSZTg=","tenantToken":"eyJhbGciOiJSUzI1NiIsInR5cCI6IkpXVCJ9.eyJleHAiOjE4MjI5Nzc4MzEsImlhdCI6MTc3OTc3NzgzMSwib3JnSWQiOiI2NiIsImV4dGVybmFsVGVuYW50SWQiOiJzaXZhLWl0LXVzIiwiZXh0ZXJuYWxVc2VySWQiOiJEZWZhdWx0IHRlbmFudCB1c2VyIn0.Jkh9zPlKsFfU9PdSoU-OgoJsA3y0DvE4146Z20M3_dwD1u3H-_4AJFdRinB4zRgsAMTh4AOHuVsFNZX3rFat9J_hAO6WRiD_opNWAbP_tY2oiPp_o-PFsoqx9rs-qKV65-3maVGoKr41X5tjOLUHjwFevoLBhxy51LcvZiURDrU25h0BGfxCClEyV3xKVD-9rC3IrVkBVaTpr79vuXpAGx5NNlGbUlHbW1TrDvUuN4p9TRwoQfWEliMHOuZnfo7QXVX_fVad-Soay6QjK8qN-6_W_1WVDognMl7LHwThGUFyu6NwRCt_J3SmAvBFoOvatf61BSLotwWUQlclQTs0gA","tenantId":"781","adminEmail":"sivakumar@konnectify.co","adminPassword":"konnectify","freshserviceAppName":"Freshservice","freshserviceAppId":"freshservice-1.0.0","freshserviceDomain":"sivakumar.freshservice.com","freshserviceApikey":"ZHgKqHflrMs94pFikuiD","freshserviceConnectionId":"3039","freshserviceConnectionName":"Freshservice Connection - 2026-05-26T06:42:45.868Z","superopsAppName":"SuperOps IT","superopsAppId":"superopsit-1.0.0","superopsDomain":"siva-it-us","superopsConnectionId":"3040","superopsApikey":"api-eyJhbGciOiJSUzI1NiJ9.eyJqdGkiOiIxOTg3Mzk1MzkxNzUzMTU0NTYwIiwicmFuZG9taXplciI6Iu-_vUbvv73vv70877-977-9X--_ve-_vSJ9.m6JxYTLA3ETs3HRrRWbRqGTmOirwOtyESdy0shf476qwJJfkcDZIuMn-p1mmrbMjBuaCmBpXRm3illwFqJdN9Aw9kkVnQnMs3IgCNewXDxDqCtf4e3EDWaWNtGs5inDGoLRbsHa68Dp8hV8X1riObW3RpkzgkFeEgKf6EWLT4SatkCgM8JfNF1k2l_rrTwrpoTkC5wYatojeAmWhyrwqbMCWEe_sIuxVbclev5q1VcymcNYC6ylPNYJ3Pa6MR2FzJ1Y8e0hz66hgL_M3hi9mCUI0evv57VRsAD3uSSh06etHS5WqLvmDcKonKj2bXrpM0KQ3fO6lT4YNx_MGepb15g","superopsConnectionName":"Superops Connection - 2026-05-26T06:42:45.868Z","superopsAccountType":"it","superopsRegion":"us","sinceDate":"04-05-2026","isInEditConfig":"","assetMapping":[{"superops_asset_class":{"id":"23","name":"Domain Controller"},"freshservice_asset_type":{"id":"30000367000","name":"Application Gateway"},"field_mappings":[{"superops_field":{"id":"assetId","name":"Asset Id"},"freshservice_field":{"id":"asset_tag","name":"Asset Tag"}},{"superops_field":{"id":"name","name":"Name"},"freshservice_field":{"id":"name","name":"Display Name"}}]}],"siteSeverityMapping":{"siteLocationMapping":[{"superops_site":"6027178066613911552","freshservice_location":30000039635}],"severityPriorityMapping":[{"superops_severity":"Low","freshservice_priority":1},{"superops_severity":"Critical","freshservice_priority":4}]},"ticketForm":{"subject":"Test ticket","planned_start_date":"","planned_end_date":"","planned_effort":"","impacted_locations":"","no_of_customers_impacted":"","unique_code":"","redington_ticket_id":"","description":"sample desc","business_impact":"","workspace_id":2,"status":2,"ticket_type":"","source":"","urgency":"","impact":"","group":"","department":"","category":"","major_incident_type":"","requester":"sivakumar@konnectify.co","requester_email":"","agent":""},"formattedTicketForm":{"subject":{"schema":"Test ticket","type":"string"},"description":{"schema":"sample desc","type":"string"},"workspace_id":{"schema":"2","type":"number"},"status":{"schema":"2","type":"number"},"email":{"schema":"sivakumar@konnectify.co","type":"string"}}},"isLocalAppInstalled":true,"isLocalAppEnabled":true},"superops_production:assetConnector_modules":{"newAssetId":"3020","updateAssetId":"3021","createdAt":1779777832955,"updatedAt":1779777832955},"superops_production:alertConnector_modules":{"alertCreatedConnectorId":"3022","alertResolvedConnectorId":"3023","resolveAlertOnTicketChangeConnectorId":"3024","webhookUrl":"https://skdemo.konnectifyapp.co/webhook/3105","createdAt":1779777837593,"updatedAt":1779777837593}}
2026-05-26 12:52:26.388 +0530 [debug] (request.js) Obtained creds 
2026-05-26 12:52:26.388 +0530 [debug] (data.js) Read {"report_hash":"164b6b376a3cd05500ae5d339dfa82b58fb0cf355e2ffc1a3429433c142392eb","supero_101_101_migrate_oauth_status":true,"supero_101_101_modules":{"supero_101_101_system_settings":{"currentHost":{"endpoint_urls":{"freshservice":"https://sivakumar.freshservice.com"},"subscribed_modules":["service_ticket"],"org_domain":"https://sivakumar-877416007896811476.myfreshworks.com","product_types":{"freshservice":"ITSM"},"itam_version":{"freshservice":"BASIC"}}},"supero_101_101_custom_iparams":{"__meta":{"secure":["app1_apikey"]},"domain":"skdemo","accessToken":"fGOnTMOApoEz3ag9dB3Vg+SvNGA/go4kBkcu5cO1LFw4qv9m7/Fyls3MvX8+dflize0NIWoIpu+7TovEsgSEyM609Uejca+XBNgjqeC0FdPMWKueFE5D47zSmWFwhDZfYveCfiktVWAmY4nrj1L46aV3xeFAaeFUeHFWCa9qGk4w2Zn6+HrgQYOvhHCpzF6bXVa8joFanHQmb01vPaAJpnVdAILZARS7a6k5gYul0a2A9RCDOkGsCZBpQEI85c3ArqKB1PjX7A3UD1a32ITqVWZE4v+4hRWrMt2demOn+EGVI/HllCEZwMi3wd4NkkS77L2fFCp+BdzAV81hybXmtmowJExtUD0I/U+PjK1QZnPxXtTHAVBUk++E+bSLCbQq5X0qthjGRXW03TuEVVllFndmMxsITF87LGyYx/WSZTg=","tenantToken":"eyJhbGciOiJSUzI1NiIsInR5cCI6IkpXVCJ9.eyJleHAiOjE4MjI5Nzc4MzEsImlhdCI6MTc3OTc3NzgzMSwib3JnSWQiOiI2NiIsImV4dGVybmFsVGVuYW50SWQiOiJzaXZhLWl0LXVzIiwiZXh0ZXJuYWxVc2VySWQiOiJEZWZhdWx0IHRlbmFudCB1c2VyIn0.Jkh9zPlKsFfU9PdSoU-OgoJsA3y0DvE4146Z20M3_dwD1u3H-_4AJFdRinB4zRgsAMTh4AOHuVsFNZX3rFat9J_hAO6WRiD_opNWAbP_tY2oiPp_o-PFsoqx9rs-qKV65-3maVGoKr41X5tjOLUHjwFevoLBhxy51LcvZiURDrU25h0BGfxCClEyV3xKVD-9rC3IrVkBVaTpr79vuXpAGx5NNlGbUlHbW1TrDvUuN4p9TRwoQfWEliMHOuZnfo7QXVX_fVad-Soay6QjK8qN-6_W_1WVDognMl7LHwThGUFyu6NwRCt_J3SmAvBFoOvatf61BSLotwWUQlclQTs0gA","tenantId":"781","adminEmail":"sivakumar@konnectify.co","adminPassword":"konnectify","freshserviceAppName":"Freshservice","freshserviceAppId":"freshservice-1.0.0","freshserviceDomain":"sivakumar.freshservice.com","freshserviceApikey":"ZHgKqHflrMs94pFikuiD","freshserviceConnectionId":"3039","freshserviceConnectionName":"Freshservice Connection - 2026-05-26T06:42:45.868Z","superopsAppName":"SuperOps IT","superopsAppId":"superopsit-1.0.0","superopsDomain":"siva-it-us","superopsConnectionId":"3040","superopsApikey":"api-eyJhbGciOiJSUzI1NiJ9.eyJqdGkiOiIxOTg3Mzk1MzkxNzUzMTU0NTYwIiwicmFuZG9taXplciI6Iu-_vUbvv73vv70877-977-9X--_ve-_vSJ9.m6JxYTLA3ETs3HRrRWbRqGTmOirwOtyESdy0shf476qwJJfkcDZIuMn-p1mmrbMjBuaCmBpXRm3illwFqJdN9Aw9kkVnQnMs3IgCNewXDxDqCtf4e3EDWaWNtGs5inDGoLRbsHa68Dp8hV8X1riObW3RpkzgkFeEgKf6EWLT4SatkCgM8JfNF1k2l_rrTwrpoTkC5wYatojeAmWhyrwqbMCWEe_sIuxVbclev5q1VcymcNYC6ylPNYJ3Pa6MR2FzJ1Y8e0hz66hgL_M3hi9mCUI0evv57VRsAD3uSSh06etHS5WqLvmDcKonKj2bXrpM0KQ3fO6lT4YNx_MGepb15g","superopsConnectionName":"Superops Connection - 2026-05-26T06:42:45.868Z","superopsAccountType":"it","superopsRegion":"us","sinceDate":"04-05-2026","isInEditConfig":"","assetMapping":[{"superops_asset_class":{"id":"23","name":"Domain Controller"},"freshservice_asset_type":{"id":"30000367000","name":"Application Gateway"},"field_mappings":[{"superops_field":{"id":"assetId","name":"Asset Id"},"freshservice_field":{"id":"asset_tag","name":"Asset Tag"}},{"superops_field":{"id":"name","name":"Name"},"freshservice_field":{"id":"name","name":"Display Name"}}]}],"siteSeverityMapping":{"siteLocationMapping":[{"superops_site":"6027178066613911552","freshservice_location":30000039635}],"severityPriorityMapping":[{"superops_severity":"Low","freshservice_priority":1},{"superops_severity":"Critical","freshservice_priority":4}]},"ticketForm":{"subject":"Test ticket","planned_start_date":"","planned_end_date":"","planned_effort":"","impacted_locations":"","no_of_customers_impacted":"","unique_code":"","redington_ticket_id":"","description":"sample desc","business_impact":"","workspace_id":2,"status":2,"ticket_type":"","source":"","urgency":"","impact":"","group":"","department":"","category":"","major_incident_type":"","requester":"sivakumar@konnectify.co","requester_email":"","agent":""},"formattedTicketForm":{"subject":{"schema":"Test ticket","type":"string"},"description":{"schema":"sample desc","type":"string"},"workspace_id":{"schema":"2","type":"number"},"status":{"schema":"2","type":"number"},"email":{"schema":"sivakumar@konnectify.co","type":"string"}}},"isLocalAppInstalled":true,"isLocalAppEnabled":true},"superops_production:assetConnector_modules":{"newAssetId":"3020","updateAssetId":"3021","createdAt":1779777832955,"updatedAt":1779777832955},"superops_production:alertConnector_modules":{"alertCreatedConnectorId":"3022","alertResolvedConnectorId":"3023","resolveAlertOnTicketChangeConnectorId":"3024","webhookUrl":"https://skdemo.konnectifyapp.co/webhook/3105","createdAt":1779777837593,"updatedAt":1779777837593}}
2026-05-26 12:52:26.389 +0530 [debug] (request.js) Making request with options as { method: 'GET',
  url: 'https://sivakumar.freshservice.com/api/v2/ticket_form_fields',
  headers:
   { 'Content-Type': 'application/json',
     Authorization: 'Basic WkhnS3FIZmxyTXM5NHBGaWt1aUQ6eA==' },
  body: null,
  maxAttempts: 1,
  retryDelay: 0,
  timeout: 15000 }
2026-05-26 12:52:26.541 +0530 [debug] (request.js) Looking for 'application/json' in application/json,application/xml,text/html,text/xml,application/jsonp,text/plain,application/javascript,application/vnd.api+json
2026-05-26 12:52:26.553 +0530 [debug] (data-pipe.js) received call for route "request" with action "execute" and body {"action":"execute","data":{"name":"getAllSiteFromSuperops","body":"{\"query\":\"\\n    query getSiteList($input: ListInfoInput!) {\\n      getSiteList(input: $input) {\\n        sites {\\n          id\\n          name\\n        }\\n        listInfo {\\n          page\\n          pageSize\\n          hasMore\\n        }\\n      }\\n    }\\n  \",\"variables\":{\"input\":{\"page\":1,\"pageSize\":100}}}","context":{"host":"api.superops.ai","path":"/it","domain":"siva-it-us","token":"api-eyJhbGciOiJSUzI1NiJ9.eyJqdGkiOiIxOTg3Mzk1MzkxNzUzMTU0NTYwIiwicmFuZG9taXplciI6Iu-_vUbvv73vv70877-977-9X--_ve-_vSJ9.m6JxYTLA3ETs3HRrRWbRqGTmOirwOtyESdy0shf476qwJJfkcDZIuMn-p1mmrbMjBuaCmBpXRm3illwFqJdN9Aw9kkVnQnMs3IgCNewXDxDqCtf4e3EDWaWNtGs5inDGoLRbsHa68Dp8hV8X1riObW3RpkzgkFeEgKf6EWLT4SatkCgM8JfNF1k2l_rrTwrpoTkC5wYatojeAmWhyrwqbMCWEe_sIuxVbclev5q1VcymcNYC6ylPNYJ3Pa6MR2FzJ1Y8e0hz66hgL_M3hi9mCUI0evv57VRsAD3uSSh06etHS5WqLvmDcKonKj2bXrpM0KQ3fO6lT4YNx_MGepb15g"},"isInstall":false,"isOAuth":true},"isInstall":false}
2026-05-26 12:52:26.553 +0530 [debug] (data.js) Read {"report_hash":"164b6b376a3cd05500ae5d339dfa82b58fb0cf355e2ffc1a3429433c142392eb","supero_101_101_migrate_oauth_status":true,"supero_101_101_modules":{"supero_101_101_system_settings":{"currentHost":{"endpoint_urls":{"freshservice":"https://sivakumar.freshservice.com"},"subscribed_modules":["service_ticket"],"org_domain":"https://sivakumar-877416007896811476.myfreshworks.com","product_types":{"freshservice":"ITSM"},"itam_version":{"freshservice":"BASIC"}}},"supero_101_101_custom_iparams":{"__meta":{"secure":["app1_apikey"]},"domain":"skdemo","accessToken":"fGOnTMOApoEz3ag9dB3Vg+SvNGA/go4kBkcu5cO1LFw4qv9m7/Fyls3MvX8+dflize0NIWoIpu+7TovEsgSEyM609Uejca+XBNgjqeC0FdPMWKueFE5D47zSmWFwhDZfYveCfiktVWAmY4nrj1L46aV3xeFAaeFUeHFWCa9qGk4w2Zn6+HrgQYOvhHCpzF6bXVa8joFanHQmb01vPaAJpnVdAILZARS7a6k5gYul0a2A9RCDOkGsCZBpQEI85c3ArqKB1PjX7A3UD1a32ITqVWZE4v+4hRWrMt2demOn+EGVI/HllCEZwMi3wd4NkkS77L2fFCp+BdzAV81hybXmtmowJExtUD0I/U+PjK1QZnPxXtTHAVBUk++E+bSLCbQq5X0qthjGRXW03TuEVVllFndmMxsITF87LGyYx/WSZTg=","tenantToken":"eyJhbGciOiJSUzI1NiIsInR5cCI6IkpXVCJ9.eyJleHAiOjE4MjI5Nzc4MzEsImlhdCI6MTc3OTc3NzgzMSwib3JnSWQiOiI2NiIsImV4dGVybmFsVGVuYW50SWQiOiJzaXZhLWl0LXVzIiwiZXh0ZXJuYWxVc2VySWQiOiJEZWZhdWx0IHRlbmFudCB1c2VyIn0.Jkh9zPlKsFfU9PdSoU-OgoJsA3y0DvE4146Z20M3_dwD1u3H-_4AJFdRinB4zRgsAMTh4AOHuVsFNZX3rFat9J_hAO6WRiD_opNWAbP_tY2oiPp_o-PFsoqx9rs-qKV65-3maVGoKr41X5tjOLUHjwFevoLBhxy51LcvZiURDrU25h0BGfxCClEyV3xKVD-9rC3IrVkBVaTpr79vuXpAGx5NNlGbUlHbW1TrDvUuN4p9TRwoQfWEliMHOuZnfo7QXVX_fVad-Soay6QjK8qN-6_W_1WVDognMl7LHwThGUFyu6NwRCt_J3SmAvBFoOvatf61BSLotwWUQlclQTs0gA","tenantId":"781","adminEmail":"sivakumar@konnectify.co","adminPassword":"konnectify","freshserviceAppName":"Freshservice","freshserviceAppId":"freshservice-1.0.0","freshserviceDomain":"sivakumar.freshservice.com","freshserviceApikey":"ZHgKqHflrMs94pFikuiD","freshserviceConnectionId":"3039","freshserviceConnectionName":"Freshservice Connection - 2026-05-26T06:42:45.868Z","superopsAppName":"SuperOps IT","superopsAppId":"superopsit-1.0.0","superopsDomain":"siva-it-us","superopsConnectionId":"3040","superopsApikey":"api-eyJhbGciOiJSUzI1NiJ9.eyJqdGkiOiIxOTg3Mzk1MzkxNzUzMTU0NTYwIiwicmFuZG9taXplciI6Iu-_vUbvv73vv70877-977-9X--_ve-_vSJ9.m6JxYTLA3ETs3HRrRWbRqGTmOirwOtyESdy0shf476qwJJfkcDZIuMn-p1mmrbMjBuaCmBpXRm3illwFqJdN9Aw9kkVnQnMs3IgCNewXDxDqCtf4e3EDWaWNtGs5inDGoLRbsHa68Dp8hV8X1riObW3RpkzgkFeEgKf6EWLT4SatkCgM8JfNF1k2l_rrTwrpoTkC5wYatojeAmWhyrwqbMCWEe_sIuxVbclev5q1VcymcNYC6ylPNYJ3Pa6MR2FzJ1Y8e0hz66hgL_M3hi9mCUI0evv57VRsAD3uSSh06etHS5WqLvmDcKonKj2bXrpM0KQ3fO6lT4YNx_MGepb15g","superopsConnectionName":"Superops Connection - 2026-05-26T06:42:45.868Z","superopsAccountType":"it","superopsRegion":"us","sinceDate":"04-05-2026","isInEditConfig":"","assetMapping":[{"superops_asset_class":{"id":"23","name":"Domain Controller"},"freshservice_asset_type":{"id":"30000367000","name":"Application Gateway"},"field_mappings":[{"superops_field":{"id":"assetId","name":"Asset Id"},"freshservice_field":{"id":"asset_tag","name":"Asset Tag"}},{"superops_field":{"id":"name","name":"Name"},"freshservice_field":{"id":"name","name":"Display Name"}}]}],"siteSeverityMapping":{"siteLocationMapping":[{"superops_site":"6027178066613911552","freshservice_location":30000039635}],"severityPriorityMapping":[{"superops_severity":"Low","freshservice_priority":1},{"superops_severity":"Critical","freshservice_priority":4}]},"ticketForm":{"subject":"Test ticket","planned_start_date":"","planned_end_date":"","planned_effort":"","impacted_locations":"","no_of_customers_impacted":"","unique_code":"","redington_ticket_id":"","description":"sample desc","business_impact":"","workspace_id":2,"status":2,"ticket_type":"","source":"","urgency":"","impact":"","group":"","department":"","category":"","major_incident_type":"","requester":"sivakumar@konnectify.co","requester_email":"","agent":""},"formattedTicketForm":{"subject":{"schema":"Test ticket","type":"string"},"description":{"schema":"sample desc","type":"string"},"workspace_id":{"schema":"2","type":"number"},"status":{"schema":"2","type":"number"},"email":{"schema":"sivakumar@konnectify.co","type":"string"}}},"isLocalAppInstalled":true,"isLocalAppEnabled":true},"superops_production:assetConnector_modules":{"newAssetId":"3020","updateAssetId":"3021","createdAt":1779777832955,"updatedAt":1779777832955},"superops_production:alertConnector_modules":{"alertCreatedConnectorId":"3022","alertResolvedConnectorId":"3023","resolveAlertOnTicketChangeConnectorId":"3024","webhookUrl":"https://skdemo.konnectifyapp.co/webhook/3105","createdAt":1779777837593,"updatedAt":1779777837593}}
2026-05-26 12:52:26.553 +0530 [debug] (http.js) Failed to parse URL: https://<%= context.host %>, error: Invalid URL
2026-05-26 12:52:26.553 +0530 [debug] (request.js) Checking request template for multi-oauth app
2026-05-26 12:52:26.554 +0530 [debug] (data.js) Read {"report_hash":"164b6b376a3cd05500ae5d339dfa82b58fb0cf355e2ffc1a3429433c142392eb","supero_101_101_migrate_oauth_status":true,"supero_101_101_modules":{"supero_101_101_system_settings":{"currentHost":{"endpoint_urls":{"freshservice":"https://sivakumar.freshservice.com"},"subscribed_modules":["service_ticket"],"org_domain":"https://sivakumar-877416007896811476.myfreshworks.com","product_types":{"freshservice":"ITSM"},"itam_version":{"freshservice":"BASIC"}}},"supero_101_101_custom_iparams":{"__meta":{"secure":["app1_apikey"]},"domain":"skdemo","accessToken":"fGOnTMOApoEz3ag9dB3Vg+SvNGA/go4kBkcu5cO1LFw4qv9m7/Fyls3MvX8+dflize0NIWoIpu+7TovEsgSEyM609Uejca+XBNgjqeC0FdPMWKueFE5D47zSmWFwhDZfYveCfiktVWAmY4nrj1L46aV3xeFAaeFUeHFWCa9qGk4w2Zn6+HrgQYOvhHCpzF6bXVa8joFanHQmb01vPaAJpnVdAILZARS7a6k5gYul0a2A9RCDOkGsCZBpQEI85c3ArqKB1PjX7A3UD1a32ITqVWZE4v+4hRWrMt2demOn+EGVI/HllCEZwMi3wd4NkkS77L2fFCp+BdzAV81hybXmtmowJExtUD0I/U+PjK1QZnPxXtTHAVBUk++E+bSLCbQq5X0qthjGRXW03TuEVVllFndmMxsITF87LGyYx/WSZTg=","tenantToken":"eyJhbGciOiJSUzI1NiIsInR5cCI6IkpXVCJ9.eyJleHAiOjE4MjI5Nzc4MzEsImlhdCI6MTc3OTc3NzgzMSwib3JnSWQiOiI2NiIsImV4dGVybmFsVGVuYW50SWQiOiJzaXZhLWl0LXVzIiwiZXh0ZXJuYWxVc2VySWQiOiJEZWZhdWx0IHRlbmFudCB1c2VyIn0.Jkh9zPlKsFfU9PdSoU-OgoJsA3y0DvE4146Z20M3_dwD1u3H-_4AJFdRinB4zRgsAMTh4AOHuVsFNZX3rFat9J_hAO6WRiD_opNWAbP_tY2oiPp_o-PFsoqx9rs-qKV65-3maVGoKr41X5tjOLUHjwFevoLBhxy51LcvZiURDrU25h0BGfxCClEyV3xKVD-9rC3IrVkBVaTpr79vuXpAGx5NNlGbUlHbW1TrDvUuN4p9TRwoQfWEliMHOuZnfo7QXVX_fVad-Soay6QjK8qN-6_W_1WVDognMl7LHwThGUFyu6NwRCt_J3SmAvBFoOvatf61BSLotwWUQlclQTs0gA","tenantId":"781","adminEmail":"sivakumar@konnectify.co","adminPassword":"konnectify","freshserviceAppName":"Freshservice","freshserviceAppId":"freshservice-1.0.0","freshserviceDomain":"sivakumar.freshservice.com","freshserviceApikey":"ZHgKqHflrMs94pFikuiD","freshserviceConnectionId":"3039","freshserviceConnectionName":"Freshservice Connection - 2026-05-26T06:42:45.868Z","superopsAppName":"SuperOps IT","superopsAppId":"superopsit-1.0.0","superopsDomain":"siva-it-us","superopsConnectionId":"3040","superopsApikey":"api-eyJhbGciOiJSUzI1NiJ9.eyJqdGkiOiIxOTg3Mzk1MzkxNzUzMTU0NTYwIiwicmFuZG9taXplciI6Iu-_vUbvv73vv70877-977-9X--_ve-_vSJ9.m6JxYTLA3ETs3HRrRWbRqGTmOirwOtyESdy0shf476qwJJfkcDZIuMn-p1mmrbMjBuaCmBpXRm3illwFqJdN9Aw9kkVnQnMs3IgCNewXDxDqCtf4e3EDWaWNtGs5inDGoLRbsHa68Dp8hV8X1riObW3RpkzgkFeEgKf6EWLT4SatkCgM8JfNF1k2l_rrTwrpoTkC5wYatojeAmWhyrwqbMCWEe_sIuxVbclev5q1VcymcNYC6ylPNYJ3Pa6MR2FzJ1Y8e0hz66hgL_M3hi9mCUI0evv57VRsAD3uSSh06etHS5WqLvmDcKonKj2bXrpM0KQ3fO6lT4YNx_MGepb15g","superopsConnectionName":"Superops Connection - 2026-05-26T06:42:45.868Z","superopsAccountType":"it","superopsRegion":"us","sinceDate":"04-05-2026","isInEditConfig":"","assetMapping":[{"superops_asset_class":{"id":"23","name":"Domain Controller"},"freshservice_asset_type":{"id":"30000367000","name":"Application Gateway"},"field_mappings":[{"superops_field":{"id":"assetId","name":"Asset Id"},"freshservice_field":{"id":"asset_tag","name":"Asset Tag"}},{"superops_field":{"id":"name","name":"Name"},"freshservice_field":{"id":"name","name":"Display Name"}}]}],"siteSeverityMapping":{"siteLocationMapping":[{"superops_site":"6027178066613911552","freshservice_location":30000039635}],"severityPriorityMapping":[{"superops_severity":"Low","freshservice_priority":1},{"superops_severity":"Critical","freshservice_priority":4}]},"ticketForm":{"subject":"Test ticket","planned_start_date":"","planned_end_date":"","planned_effort":"","impacted_locations":"","no_of_customers_impacted":"","unique_code":"","redington_ticket_id":"","description":"sample desc","business_impact":"","workspace_id":2,"status":2,"ticket_type":"","source":"","urgency":"","impact":"","group":"","department":"","category":"","major_incident_type":"","requester":"sivakumar@konnectify.co","requester_email":"","agent":""},"formattedTicketForm":{"subject":{"schema":"Test ticket","type":"string"},"description":{"schema":"sample desc","type":"string"},"workspace_id":{"schema":"2","type":"number"},"status":{"schema":"2","type":"number"},"email":{"schema":"sivakumar@konnectify.co","type":"string"}}},"isLocalAppInstalled":true,"isLocalAppEnabled":true},"superops_production:assetConnector_modules":{"newAssetId":"3020","updateAssetId":"3021","createdAt":1779777832955,"updatedAt":1779777832955},"superops_production:alertConnector_modules":{"alertCreatedConnectorId":"3022","alertResolvedConnectorId":"3023","resolveAlertOnTicketChangeConnectorId":"3024","webhookUrl":"https://skdemo.konnectifyapp.co/webhook/3105","createdAt":1779777837593,"updatedAt":1779777837593}}
2026-05-26 12:52:26.554 +0530 [debug] (data.js) Read {"report_hash":"164b6b376a3cd05500ae5d339dfa82b58fb0cf355e2ffc1a3429433c142392eb","supero_101_101_migrate_oauth_status":true,"supero_101_101_modules":{"supero_101_101_system_settings":{"currentHost":{"endpoint_urls":{"freshservice":"https://sivakumar.freshservice.com"},"subscribed_modules":["service_ticket"],"org_domain":"https://sivakumar-877416007896811476.myfreshworks.com","product_types":{"freshservice":"ITSM"},"itam_version":{"freshservice":"BASIC"}}},"supero_101_101_custom_iparams":{"__meta":{"secure":["app1_apikey"]},"domain":"skdemo","accessToken":"fGOnTMOApoEz3ag9dB3Vg+SvNGA/go4kBkcu5cO1LFw4qv9m7/Fyls3MvX8+dflize0NIWoIpu+7TovEsgSEyM609Uejca+XBNgjqeC0FdPMWKueFE5D47zSmWFwhDZfYveCfiktVWAmY4nrj1L46aV3xeFAaeFUeHFWCa9qGk4w2Zn6+HrgQYOvhHCpzF6bXVa8joFanHQmb01vPaAJpnVdAILZARS7a6k5gYul0a2A9RCDOkGsCZBpQEI85c3ArqKB1PjX7A3UD1a32ITqVWZE4v+4hRWrMt2demOn+EGVI/HllCEZwMi3wd4NkkS77L2fFCp+BdzAV81hybXmtmowJExtUD0I/U+PjK1QZnPxXtTHAVBUk++E+bSLCbQq5X0qthjGRXW03TuEVVllFndmMxsITF87LGyYx/WSZTg=","tenantToken":"eyJhbGciOiJSUzI1NiIsInR5cCI6IkpXVCJ9.eyJleHAiOjE4MjI5Nzc4MzEsImlhdCI6MTc3OTc3NzgzMSwib3JnSWQiOiI2NiIsImV4dGVybmFsVGVuYW50SWQiOiJzaXZhLWl0LXVzIiwiZXh0ZXJuYWxVc2VySWQiOiJEZWZhdWx0IHRlbmFudCB1c2VyIn0.Jkh9zPlKsFfU9PdSoU-OgoJsA3y0DvE4146Z20M3_dwD1u3H-_4AJFdRinB4zRgsAMTh4AOHuVsFNZX3rFat9J_hAO6WRiD_opNWAbP_tY2oiPp_o-PFsoqx9rs-qKV65-3maVGoKr41X5tjOLUHjwFevoLBhxy51LcvZiURDrU25h0BGfxCClEyV3xKVD-9rC3IrVkBVaTpr79vuXpAGx5NNlGbUlHbW1TrDvUuN4p9TRwoQfWEliMHOuZnfo7QXVX_fVad-Soay6QjK8qN-6_W_1WVDognMl7LHwThGUFyu6NwRCt_J3SmAvBFoOvatf61BSLotwWUQlclQTs0gA","tenantId":"781","adminEmail":"sivakumar@konnectify.co","adminPassword":"konnectify","freshserviceAppName":"Freshservice","freshserviceAppId":"freshservice-1.0.0","freshserviceDomain":"sivakumar.freshservice.com","freshserviceApikey":"ZHgKqHflrMs94pFikuiD","freshserviceConnectionId":"3039","freshserviceConnectionName":"Freshservice Connection - 2026-05-26T06:42:45.868Z","superopsAppName":"SuperOps IT","superopsAppId":"superopsit-1.0.0","superopsDomain":"siva-it-us","superopsConnectionId":"3040","superopsApikey":"api-eyJhbGciOiJSUzI1NiJ9.eyJqdGkiOiIxOTg3Mzk1MzkxNzUzMTU0NTYwIiwicmFuZG9taXplciI6Iu-_vUbvv73vv70877-977-9X--_ve-_vSJ9.m6JxYTLA3ETs3HRrRWbRqGTmOirwOtyESdy0shf476qwJJfkcDZIuMn-p1mmrbMjBuaCmBpXRm3illwFqJdN9Aw9kkVnQnMs3IgCNewXDxDqCtf4e3EDWaWNtGs5inDGoLRbsHa68Dp8hV8X1riObW3RpkzgkFeEgKf6EWLT4SatkCgM8JfNF1k2l_rrTwrpoTkC5wYatojeAmWhyrwqbMCWEe_sIuxVbclev5q1VcymcNYC6ylPNYJ3Pa6MR2FzJ1Y8e0hz66hgL_M3hi9mCUI0evv57VRsAD3uSSh06etHS5WqLvmDcKonKj2bXrpM0KQ3fO6lT4YNx_MGepb15g","superopsConnectionName":"Superops Connection - 2026-05-26T06:42:45.868Z","superopsAccountType":"it","superopsRegion":"us","sinceDate":"04-05-2026","isInEditConfig":"","assetMapping":[{"superops_asset_class":{"id":"23","name":"Domain Controller"},"freshservice_asset_type":{"id":"30000367000","name":"Application Gateway"},"field_mappings":[{"superops_field":{"id":"assetId","name":"Asset Id"},"freshservice_field":{"id":"asset_tag","name":"Asset Tag"}},{"superops_field":{"id":"name","name":"Name"},"freshservice_field":{"id":"name","name":"Display Name"}}]}],"siteSeverityMapping":{"siteLocationMapping":[{"superops_site":"6027178066613911552","freshservice_location":30000039635}],"severityPriorityMapping":[{"superops_severity":"Low","freshservice_priority":1},{"superops_severity":"Critical","freshservice_priority":4}]},"ticketForm":{"subject":"Test ticket","planned_start_date":"","planned_end_date":"","planned_effort":"","impacted_locations":"","no_of_customers_impacted":"","unique_code":"","redington_ticket_id":"","description":"sample desc","business_impact":"","workspace_id":2,"status":2,"ticket_type":"","source":"","urgency":"","impact":"","group":"","department":"","category":"","major_incident_type":"","requester":"sivakumar@konnectify.co","requester_email":"","agent":""},"formattedTicketForm":{"subject":{"schema":"Test ticket","type":"string"},"description":{"schema":"sample desc","type":"string"},"workspace_id":{"schema":"2","type":"number"},"status":{"schema":"2","type":"number"},"email":{"schema":"sivakumar@konnectify.co","type":"string"}}},"isLocalAppInstalled":true,"isLocalAppEnabled":true},"superops_production:assetConnector_modules":{"newAssetId":"3020","updateAssetId":"3021","createdAt":1779777832955,"updatedAt":1779777832955},"superops_production:alertConnector_modules":{"alertCreatedConnectorId":"3022","alertResolvedConnectorId":"3023","resolveAlertOnTicketChangeConnectorId":"3024","webhookUrl":"https://skdemo.konnectifyapp.co/webhook/3105","createdAt":1779777837593,"updatedAt":1779777837593}}
2026-05-26 12:52:26.554 +0530 [debug] (data.js) Read {"report_hash":"164b6b376a3cd05500ae5d339dfa82b58fb0cf355e2ffc1a3429433c142392eb","supero_101_101_migrate_oauth_status":true,"supero_101_101_modules":{"supero_101_101_system_settings":{"currentHost":{"endpoint_urls":{"freshservice":"https://sivakumar.freshservice.com"},"subscribed_modules":["service_ticket"],"org_domain":"https://sivakumar-877416007896811476.myfreshworks.com","product_types":{"freshservice":"ITSM"},"itam_version":{"freshservice":"BASIC"}}},"supero_101_101_custom_iparams":{"__meta":{"secure":["app1_apikey"]},"domain":"skdemo","accessToken":"fGOnTMOApoEz3ag9dB3Vg+SvNGA/go4kBkcu5cO1LFw4qv9m7/Fyls3MvX8+dflize0NIWoIpu+7TovEsgSEyM609Uejca+XBNgjqeC0FdPMWKueFE5D47zSmWFwhDZfYveCfiktVWAmY4nrj1L46aV3xeFAaeFUeHFWCa9qGk4w2Zn6+HrgQYOvhHCpzF6bXVa8joFanHQmb01vPaAJpnVdAILZARS7a6k5gYul0a2A9RCDOkGsCZBpQEI85c3ArqKB1PjX7A3UD1a32ITqVWZE4v+4hRWrMt2demOn+EGVI/HllCEZwMi3wd4NkkS77L2fFCp+BdzAV81hybXmtmowJExtUD0I/U+PjK1QZnPxXtTHAVBUk++E+bSLCbQq5X0qthjGRXW03TuEVVllFndmMxsITF87LGyYx/WSZTg=","tenantToken":"eyJhbGciOiJSUzI1NiIsInR5cCI6IkpXVCJ9.eyJleHAiOjE4MjI5Nzc4MzEsImlhdCI6MTc3OTc3NzgzMSwib3JnSWQiOiI2NiIsImV4dGVybmFsVGVuYW50SWQiOiJzaXZhLWl0LXVzIiwiZXh0ZXJuYWxVc2VySWQiOiJEZWZhdWx0IHRlbmFudCB1c2VyIn0.Jkh9zPlKsFfU9PdSoU-OgoJsA3y0DvE4146Z20M3_dwD1u3H-_4AJFdRinB4zRgsAMTh4AOHuVsFNZX3rFat9J_hAO6WRiD_opNWAbP_tY2oiPp_o-PFsoqx9rs-qKV65-3maVGoKr41X5tjOLUHjwFevoLBhxy51LcvZiURDrU25h0BGfxCClEyV3xKVD-9rC3IrVkBVaTpr79vuXpAGx5NNlGbUlHbW1TrDvUuN4p9TRwoQfWEliMHOuZnfo7QXVX_fVad-Soay6QjK8qN-6_W_1WVDognMl7LHwThGUFyu6NwRCt_J3SmAvBFoOvatf61BSLotwWUQlclQTs0gA","tenantId":"781","adminEmail":"sivakumar@konnectify.co","adminPassword":"konnectify","freshserviceAppName":"Freshservice","freshserviceAppId":"freshservice-1.0.0","freshserviceDomain":"sivakumar.freshservice.com","freshserviceApikey":"ZHgKqHflrMs94pFikuiD","freshserviceConnectionId":"3039","freshserviceConnectionName":"Freshservice Connection - 2026-05-26T06:42:45.868Z","superopsAppName":"SuperOps IT","superopsAppId":"superopsit-1.0.0","superopsDomain":"siva-it-us","superopsConnectionId":"3040","superopsApikey":"api-eyJhbGciOiJSUzI1NiJ9.eyJqdGkiOiIxOTg3Mzk1MzkxNzUzMTU0NTYwIiwicmFuZG9taXplciI6Iu-_vUbvv73vv70877-977-9X--_ve-_vSJ9.m6JxYTLA3ETs3HRrRWbRqGTmOirwOtyESdy0shf476qwJJfkcDZIuMn-p1mmrbMjBuaCmBpXRm3illwFqJdN9Aw9kkVnQnMs3IgCNewXDxDqCtf4e3EDWaWNtGs5inDGoLRbsHa68Dp8hV8X1riObW3RpkzgkFeEgKf6EWLT4SatkCgM8JfNF1k2l_rrTwrpoTkC5wYatojeAmWhyrwqbMCWEe_sIuxVbclev5q1VcymcNYC6ylPNYJ3Pa6MR2FzJ1Y8e0hz66hgL_M3hi9mCUI0evv57VRsAD3uSSh06etHS5WqLvmDcKonKj2bXrpM0KQ3fO6lT4YNx_MGepb15g","superopsConnectionName":"Superops Connection - 2026-05-26T06:42:45.868Z","superopsAccountType":"it","superopsRegion":"us","sinceDate":"04-05-2026","isInEditConfig":"","assetMapping":[{"superops_asset_class":{"id":"23","name":"Domain Controller"},"freshservice_asset_type":{"id":"30000367000","name":"Application Gateway"},"field_mappings":[{"superops_field":{"id":"assetId","name":"Asset Id"},"freshservice_field":{"id":"asset_tag","name":"Asset Tag"}},{"superops_field":{"id":"name","name":"Name"},"freshservice_field":{"id":"name","name":"Display Name"}}]}],"siteSeverityMapping":{"siteLocationMapping":[{"superops_site":"6027178066613911552","freshservice_location":30000039635}],"severityPriorityMapping":[{"superops_severity":"Low","freshservice_priority":1},{"superops_severity":"Critical","freshservice_priority":4}]},"ticketForm":{"subject":"Test ticket","planned_start_date":"","planned_end_date":"","planned_effort":"","impacted_locations":"","no_of_customers_impacted":"","unique_code":"","redington_ticket_id":"","description":"sample desc","business_impact":"","workspace_id":2,"status":2,"ticket_type":"","source":"","urgency":"","impact":"","group":"","department":"","category":"","major_incident_type":"","requester":"sivakumar@konnectify.co","requester_email":"","agent":""},"formattedTicketForm":{"subject":{"schema":"Test ticket","type":"string"},"description":{"schema":"sample desc","type":"string"},"workspace_id":{"schema":"2","type":"number"},"status":{"schema":"2","type":"number"},"email":{"schema":"sivakumar@konnectify.co","type":"string"}}},"isLocalAppInstalled":true,"isLocalAppEnabled":true},"superops_production:assetConnector_modules":{"newAssetId":"3020","updateAssetId":"3021","createdAt":1779777832955,"updatedAt":1779777832955},"superops_production:alertConnector_modules":{"alertCreatedConnectorId":"3022","alertResolvedConnectorId":"3023","resolveAlertOnTicketChangeConnectorId":"3024","webhookUrl":"https://skdemo.konnectifyapp.co/webhook/3105","createdAt":1779777837593,"updatedAt":1779777837593}}
2026-05-26 12:52:26.554 +0530 [debug] (request.js) Obtained creds 
2026-05-26 12:52:26.554 +0530 [debug] (data.js) Read {"report_hash":"164b6b376a3cd05500ae5d339dfa82b58fb0cf355e2ffc1a3429433c142392eb","supero_101_101_migrate_oauth_status":true,"supero_101_101_modules":{"supero_101_101_system_settings":{"currentHost":{"endpoint_urls":{"freshservice":"https://sivakumar.freshservice.com"},"subscribed_modules":["service_ticket"],"org_domain":"https://sivakumar-877416007896811476.myfreshworks.com","product_types":{"freshservice":"ITSM"},"itam_version":{"freshservice":"BASIC"}}},"supero_101_101_custom_iparams":{"__meta":{"secure":["app1_apikey"]},"domain":"skdemo","accessToken":"fGOnTMOApoEz3ag9dB3Vg+SvNGA/go4kBkcu5cO1LFw4qv9m7/Fyls3MvX8+dflize0NIWoIpu+7TovEsgSEyM609Uejca+XBNgjqeC0FdPMWKueFE5D47zSmWFwhDZfYveCfiktVWAmY4nrj1L46aV3xeFAaeFUeHFWCa9qGk4w2Zn6+HrgQYOvhHCpzF6bXVa8joFanHQmb01vPaAJpnVdAILZARS7a6k5gYul0a2A9RCDOkGsCZBpQEI85c3ArqKB1PjX7A3UD1a32ITqVWZE4v+4hRWrMt2demOn+EGVI/HllCEZwMi3wd4NkkS77L2fFCp+BdzAV81hybXmtmowJExtUD0I/U+PjK1QZnPxXtTHAVBUk++E+bSLCbQq5X0qthjGRXW03TuEVVllFndmMxsITF87LGyYx/WSZTg=","tenantToken":"eyJhbGciOiJSUzI1NiIsInR5cCI6IkpXVCJ9.eyJleHAiOjE4MjI5Nzc4MzEsImlhdCI6MTc3OTc3NzgzMSwib3JnSWQiOiI2NiIsImV4dGVybmFsVGVuYW50SWQiOiJzaXZhLWl0LXVzIiwiZXh0ZXJuYWxVc2VySWQiOiJEZWZhdWx0IHRlbmFudCB1c2VyIn0.Jkh9zPlKsFfU9PdSoU-OgoJsA3y0DvE4146Z20M3_dwD1u3H-_4AJFdRinB4zRgsAMTh4AOHuVsFNZX3rFat9J_hAO6WRiD_opNWAbP_tY2oiPp_o-PFsoqx9rs-qKV65-3maVGoKr41X5tjOLUHjwFevoLBhxy51LcvZiURDrU25h0BGfxCClEyV3xKVD-9rC3IrVkBVaTpr79vuXpAGx5NNlGbUlHbW1TrDvUuN4p9TRwoQfWEliMHOuZnfo7QXVX_fVad-Soay6QjK8qN-6_W_1WVDognMl7LHwThGUFyu6NwRCt_J3SmAvBFoOvatf61BSLotwWUQlclQTs0gA","tenantId":"781","adminEmail":"sivakumar@konnectify.co","adminPassword":"konnectify","freshserviceAppName":"Freshservice","freshserviceAppId":"freshservice-1.0.0","freshserviceDomain":"sivakumar.freshservice.com","freshserviceApikey":"ZHgKqHflrMs94pFikuiD","freshserviceConnectionId":"3039","freshserviceConnectionName":"Freshservice Connection - 2026-05-26T06:42:45.868Z","superopsAppName":"SuperOps IT","superopsAppId":"superopsit-1.0.0","superopsDomain":"siva-it-us","superopsConnectionId":"3040","superopsApikey":"api-eyJhbGciOiJSUzI1NiJ9.eyJqdGkiOiIxOTg3Mzk1MzkxNzUzMTU0NTYwIiwicmFuZG9taXplciI6Iu-_vUbvv73vv70877-977-9X--_ve-_vSJ9.m6JxYTLA3ETs3HRrRWbRqGTmOirwOtyESdy0shf476qwJJfkcDZIuMn-p1mmrbMjBuaCmBpXRm3illwFqJdN9Aw9kkVnQnMs3IgCNewXDxDqCtf4e3EDWaWNtGs5inDGoLRbsHa68Dp8hV8X1riObW3RpkzgkFeEgKf6EWLT4SatkCgM8JfNF1k2l_rrTwrpoTkC5wYatojeAmWhyrwqbMCWEe_sIuxVbclev5q1VcymcNYC6ylPNYJ3Pa6MR2FzJ1Y8e0hz66hgL_M3hi9mCUI0evv57VRsAD3uSSh06etHS5WqLvmDcKonKj2bXrpM0KQ3fO6lT4YNx_MGepb15g","superopsConnectionName":"Superops Connection - 2026-05-26T06:42:45.868Z","superopsAccountType":"it","superopsRegion":"us","sinceDate":"04-05-2026","isInEditConfig":"","assetMapping":[{"superops_asset_class":{"id":"23","name":"Domain Controller"},"freshservice_asset_type":{"id":"30000367000","name":"Application Gateway"},"field_mappings":[{"superops_field":{"id":"assetId","name":"Asset Id"},"freshservice_field":{"id":"asset_tag","name":"Asset Tag"}},{"superops_field":{"id":"name","name":"Name"},"freshservice_field":{"id":"name","name":"Display Name"}}]}],"siteSeverityMapping":{"siteLocationMapping":[{"superops_site":"6027178066613911552","freshservice_location":30000039635}],"severityPriorityMapping":[{"superops_severity":"Low","freshservice_priority":1},{"superops_severity":"Critical","freshservice_priority":4}]},"ticketForm":{"subject":"Test ticket","planned_start_date":"","planned_end_date":"","planned_effort":"","impacted_locations":"","no_of_customers_impacted":"","unique_code":"","redington_ticket_id":"","description":"sample desc","business_impact":"","workspace_id":2,"status":2,"ticket_type":"","source":"","urgency":"","impact":"","group":"","department":"","category":"","major_incident_type":"","requester":"sivakumar@konnectify.co","requester_email":"","agent":""},"formattedTicketForm":{"subject":{"schema":"Test ticket","type":"string"},"description":{"schema":"sample desc","type":"string"},"workspace_id":{"schema":"2","type":"number"},"status":{"schema":"2","type":"number"},"email":{"schema":"sivakumar@konnectify.co","type":"string"}}},"isLocalAppInstalled":true,"isLocalAppEnabled":true},"superops_production:assetConnector_modules":{"newAssetId":"3020","updateAssetId":"3021","createdAt":1779777832955,"updatedAt":1779777832955},"superops_production:alertConnector_modules":{"alertCreatedConnectorId":"3022","alertResolvedConnectorId":"3023","resolveAlertOnTicketChangeConnectorId":"3024","webhookUrl":"https://skdemo.konnectifyapp.co/webhook/3105","createdAt":1779777837593,"updatedAt":1779777837593}}
2026-05-26 12:52:26.555 +0530 [debug] (request.js) Making request with options as { method: 'POST',
  url: 'https://api.superops.ai/it',
  headers:
   { 'Content-Type': 'application/json',
     CustomerSubDomain: 'siva-it-us',
     Authorization:
      'Bearer api-eyJhbGciOiJSUzI1NiJ9.eyJqdGkiOiIxOTg3Mzk1MzkxNzUzMTU0NTYwIiwicmFuZG9taXplciI6Iu-_vUbvv73vv70877-977-9X--_ve-_vSJ9.m6JxYTLA3ETs3HRrRWbRqGTmOirwOtyESdy0shf476qwJJfkcDZIuMn-p1mmrbMjBuaCmBpXRm3'... 267 more characters },
  body:
   '{"query":"\\n    query getSiteList($input: ListInfoInput!) {\\n      getSiteList(input: $input) {\\n        sites {\\n          id\\n          name\\n        }\\n        listInfo {\\n          page\\n         '... 109 more characters,
  maxAttempts: 1,
  retryDelay: 0,
  timeout: 15000 }
2026-05-26 12:52:26.856 +0530 [debug] (request.js) Looking for 'application/json' in application/json,application/xml,text/html,text/xml,application/jsonp,text/plain,application/javascript,application/vnd.api+json
2026-05-26 12:52:26.871 +0530 [debug] (data-pipe.js) received call for route "request" with action "execute" and body {"action":"execute","data":{"name":"getRequesterById","context":{"host":"sivakumar.freshservice.com","apikey":"ZHgKqHflrMs94pFikuiD","requesterId":"sivakumar@konnectify.co"},"isInstall":false,"isOAuth":true},"isInstall":false}
2026-05-26 12:52:26.872 +0530 [debug] (data.js) Read {"report_hash":"164b6b376a3cd05500ae5d339dfa82b58fb0cf355e2ffc1a3429433c142392eb","supero_101_101_migrate_oauth_status":true,"supero_101_101_modules":{"supero_101_101_system_settings":{"currentHost":{"endpoint_urls":{"freshservice":"https://sivakumar.freshservice.com"},"subscribed_modules":["service_ticket"],"org_domain":"https://sivakumar-877416007896811476.myfreshworks.com","product_types":{"freshservice":"ITSM"},"itam_version":{"freshservice":"BASIC"}}},"supero_101_101_custom_iparams":{"__meta":{"secure":["app1_apikey"]},"domain":"skdemo","accessToken":"fGOnTMOApoEz3ag9dB3Vg+SvNGA/go4kBkcu5cO1LFw4qv9m7/Fyls3MvX8+dflize0NIWoIpu+7TovEsgSEyM609Uejca+XBNgjqeC0FdPMWKueFE5D47zSmWFwhDZfYveCfiktVWAmY4nrj1L46aV3xeFAaeFUeHFWCa9qGk4w2Zn6+HrgQYOvhHCpzF6bXVa8joFanHQmb01vPaAJpnVdAILZARS7a6k5gYul0a2A9RCDOkGsCZBpQEI85c3ArqKB1PjX7A3UD1a32ITqVWZE4v+4hRWrMt2demOn+EGVI/HllCEZwMi3wd4NkkS77L2fFCp+BdzAV81hybXmtmowJExtUD0I/U+PjK1QZnPxXtTHAVBUk++E+bSLCbQq5X0qthjGRXW03TuEVVllFndmMxsITF87LGyYx/WSZTg=","tenantToken":"eyJhbGciOiJSUzI1NiIsInR5cCI6IkpXVCJ9.eyJleHAiOjE4MjI5Nzc4MzEsImlhdCI6MTc3OTc3NzgzMSwib3JnSWQiOiI2NiIsImV4dGVybmFsVGVuYW50SWQiOiJzaXZhLWl0LXVzIiwiZXh0ZXJuYWxVc2VySWQiOiJEZWZhdWx0IHRlbmFudCB1c2VyIn0.Jkh9zPlKsFfU9PdSoU-OgoJsA3y0DvE4146Z20M3_dwD1u3H-_4AJFdRinB4zRgsAMTh4AOHuVsFNZX3rFat9J_hAO6WRiD_opNWAbP_tY2oiPp_o-PFsoqx9rs-qKV65-3maVGoKr41X5tjOLUHjwFevoLBhxy51LcvZiURDrU25h0BGfxCClEyV3xKVD-9rC3IrVkBVaTpr79vuXpAGx5NNlGbUlHbW1TrDvUuN4p9TRwoQfWEliMHOuZnfo7QXVX_fVad-Soay6QjK8qN-6_W_1WVDognMl7LHwThGUFyu6NwRCt_J3SmAvBFoOvatf61BSLotwWUQlclQTs0gA","tenantId":"781","adminEmail":"sivakumar@konnectify.co","adminPassword":"konnectify","freshserviceAppName":"Freshservice","freshserviceAppId":"freshservice-1.0.0","freshserviceDomain":"sivakumar.freshservice.com","freshserviceApikey":"ZHgKqHflrMs94pFikuiD","freshserviceConnectionId":"3039","freshserviceConnectionName":"Freshservice Connection - 2026-05-26T06:42:45.868Z","superopsAppName":"SuperOps IT","superopsAppId":"superopsit-1.0.0","superopsDomain":"siva-it-us","superopsConnectionId":"3040","superopsApikey":"api-eyJhbGciOiJSUzI1NiJ9.eyJqdGkiOiIxOTg3Mzk1MzkxNzUzMTU0NTYwIiwicmFuZG9taXplciI6Iu-_vUbvv73vv70877-977-9X--_ve-_vSJ9.m6JxYTLA3ETs3HRrRWbRqGTmOirwOtyESdy0shf476qwJJfkcDZIuMn-p1mmrbMjBuaCmBpXRm3illwFqJdN9Aw9kkVnQnMs3IgCNewXDxDqCtf4e3EDWaWNtGs5inDGoLRbsHa68Dp8hV8X1riObW3RpkzgkFeEgKf6EWLT4SatkCgM8JfNF1k2l_rrTwrpoTkC5wYatojeAmWhyrwqbMCWEe_sIuxVbclev5q1VcymcNYC6ylPNYJ3Pa6MR2FzJ1Y8e0hz66hgL_M3hi9mCUI0evv57VRsAD3uSSh06etHS5WqLvmDcKonKj2bXrpM0KQ3fO6lT4YNx_MGepb15g","superopsConnectionName":"Superops Connection - 2026-05-26T06:42:45.868Z","superopsAccountType":"it","superopsRegion":"us","sinceDate":"04-05-2026","isInEditConfig":"","assetMapping":[{"superops_asset_class":{"id":"23","name":"Domain Controller"},"freshservice_asset_type":{"id":"30000367000","name":"Application Gateway"},"field_mappings":[{"superops_field":{"id":"assetId","name":"Asset Id"},"freshservice_field":{"id":"asset_tag","name":"Asset Tag"}},{"superops_field":{"id":"name","name":"Name"},"freshservice_field":{"id":"name","name":"Display Name"}}]}],"siteSeverityMapping":{"siteLocationMapping":[{"superops_site":"6027178066613911552","freshservice_location":30000039635}],"severityPriorityMapping":[{"superops_severity":"Low","freshservice_priority":1},{"superops_severity":"Critical","freshservice_priority":4}]},"ticketForm":{"subject":"Test ticket","planned_start_date":"","planned_end_date":"","planned_effort":"","impacted_locations":"","no_of_customers_impacted":"","unique_code":"","redington_ticket_id":"","description":"sample desc","business_impact":"","workspace_id":2,"status":2,"ticket_type":"","source":"","urgency":"","impact":"","group":"","department":"","category":"","major_incident_type":"","requester":"sivakumar@konnectify.co","requester_email":"","agent":""},"formattedTicketForm":{"subject":{"schema":"Test ticket","type":"string"},"description":{"schema":"sample desc","type":"string"},"workspace_id":{"schema":"2","type":"number"},"status":{"schema":"2","type":"number"},"email":{"schema":"sivakumar@konnectify.co","type":"string"}}},"isLocalAppInstalled":true,"isLocalAppEnabled":true},"superops_production:assetConnector_modules":{"newAssetId":"3020","updateAssetId":"3021","createdAt":1779777832955,"updatedAt":1779777832955},"superops_production:alertConnector_modules":{"alertCreatedConnectorId":"3022","alertResolvedConnectorId":"3023","resolveAlertOnTicketChangeConnectorId":"3024","webhookUrl":"https://skdemo.konnectifyapp.co/webhook/3105","createdAt":1779777837593,"updatedAt":1779777837593}}
2026-05-26 12:52:26.872 +0530 [debug] (http.js) Failed to parse URL: https://<%= context.host %>, error: Invalid URL
2026-05-26 12:52:26.872 +0530 [debug] (request.js) Checking request template for multi-oauth app
2026-05-26 12:52:26.872 +0530 [debug] (data.js) Read {"report_hash":"164b6b376a3cd05500ae5d339dfa82b58fb0cf355e2ffc1a3429433c142392eb","supero_101_101_migrate_oauth_status":true,"supero_101_101_modules":{"supero_101_101_system_settings":{"currentHost":{"endpoint_urls":{"freshservice":"https://sivakumar.freshservice.com"},"subscribed_modules":["service_ticket"],"org_domain":"https://sivakumar-877416007896811476.myfreshworks.com","product_types":{"freshservice":"ITSM"},"itam_version":{"freshservice":"BASIC"}}},"supero_101_101_custom_iparams":{"__meta":{"secure":["app1_apikey"]},"domain":"skdemo","accessToken":"fGOnTMOApoEz3ag9dB3Vg+SvNGA/go4kBkcu5cO1LFw4qv9m7/Fyls3MvX8+dflize0NIWoIpu+7TovEsgSEyM609Uejca+XBNgjqeC0FdPMWKueFE5D47zSmWFwhDZfYveCfiktVWAmY4nrj1L46aV3xeFAaeFUeHFWCa9qGk4w2Zn6+HrgQYOvhHCpzF6bXVa8joFanHQmb01vPaAJpnVdAILZARS7a6k5gYul0a2A9RCDOkGsCZBpQEI85c3ArqKB1PjX7A3UD1a32ITqVWZE4v+4hRWrMt2demOn+EGVI/HllCEZwMi3wd4NkkS77L2fFCp+BdzAV81hybXmtmowJExtUD0I/U+PjK1QZnPxXtTHAVBUk++E+bSLCbQq5X0qthjGRXW03TuEVVllFndmMxsITF87LGyYx/WSZTg=","tenantToken":"eyJhbGciOiJSUzI1NiIsInR5cCI6IkpXVCJ9.eyJleHAiOjE4MjI5Nzc4MzEsImlhdCI6MTc3OTc3NzgzMSwib3JnSWQiOiI2NiIsImV4dGVybmFsVGVuYW50SWQiOiJzaXZhLWl0LXVzIiwiZXh0ZXJuYWxVc2VySWQiOiJEZWZhdWx0IHRlbmFudCB1c2VyIn0.Jkh9zPlKsFfU9PdSoU-OgoJsA3y0DvE4146Z20M3_dwD1u3H-_4AJFdRinB4zRgsAMTh4AOHuVsFNZX3rFat9J_hAO6WRiD_opNWAbP_tY2oiPp_o-PFsoqx9rs-qKV65-3maVGoKr41X5tjOLUHjwFevoLBhxy51LcvZiURDrU25h0BGfxCClEyV3xKVD-9rC3IrVkBVaTpr79vuXpAGx5NNlGbUlHbW1TrDvUuN4p9TRwoQfWEliMHOuZnfo7QXVX_fVad-Soay6QjK8qN-6_W_1WVDognMl7LHwThGUFyu6NwRCt_J3SmAvBFoOvatf61BSLotwWUQlclQTs0gA","tenantId":"781","adminEmail":"sivakumar@konnectify.co","adminPassword":"konnectify","freshserviceAppName":"Freshservice","freshserviceAppId":"freshservice-1.0.0","freshserviceDomain":"sivakumar.freshservice.com","freshserviceApikey":"ZHgKqHflrMs94pFikuiD","freshserviceConnectionId":"3039","freshserviceConnectionName":"Freshservice Connection - 2026-05-26T06:42:45.868Z","superopsAppName":"SuperOps IT","superopsAppId":"superopsit-1.0.0","superopsDomain":"siva-it-us","superopsConnectionId":"3040","superopsApikey":"api-eyJhbGciOiJSUzI1NiJ9.eyJqdGkiOiIxOTg3Mzk1MzkxNzUzMTU0NTYwIiwicmFuZG9taXplciI6Iu-_vUbvv73vv70877-977-9X--_ve-_vSJ9.m6JxYTLA3ETs3HRrRWbRqGTmOirwOtyESdy0shf476qwJJfkcDZIuMn-p1mmrbMjBuaCmBpXRm3illwFqJdN9Aw9kkVnQnMs3IgCNewXDxDqCtf4e3EDWaWNtGs5inDGoLRbsHa68Dp8hV8X1riObW3RpkzgkFeEgKf6EWLT4SatkCgM8JfNF1k2l_rrTwrpoTkC5wYatojeAmWhyrwqbMCWEe_sIuxVbclev5q1VcymcNYC6ylPNYJ3Pa6MR2FzJ1Y8e0hz66hgL_M3hi9mCUI0evv57VRsAD3uSSh06etHS5WqLvmDcKonKj2bXrpM0KQ3fO6lT4YNx_MGepb15g","superopsConnectionName":"Superops Connection - 2026-05-26T06:42:45.868Z","superopsAccountType":"it","superopsRegion":"us","sinceDate":"04-05-2026","isInEditConfig":"","assetMapping":[{"superops_asset_class":{"id":"23","name":"Domain Controller"},"freshservice_asset_type":{"id":"30000367000","name":"Application Gateway"},"field_mappings":[{"superops_field":{"id":"assetId","name":"Asset Id"},"freshservice_field":{"id":"asset_tag","name":"Asset Tag"}},{"superops_field":{"id":"name","name":"Name"},"freshservice_field":{"id":"name","name":"Display Name"}}]}],"siteSeverityMapping":{"siteLocationMapping":[{"superops_site":"6027178066613911552","freshservice_location":30000039635}],"severityPriorityMapping":[{"superops_severity":"Low","freshservice_priority":1},{"superops_severity":"Critical","freshservice_priority":4}]},"ticketForm":{"subject":"Test ticket","planned_start_date":"","planned_end_date":"","planned_effort":"","impacted_locations":"","no_of_customers_impacted":"","unique_code":"","redington_ticket_id":"","description":"sample desc","business_impact":"","workspace_id":2,"status":2,"ticket_type":"","source":"","urgency":"","impact":"","group":"","department":"","category":"","major_incident_type":"","requester":"sivakumar@konnectify.co","requester_email":"","agent":""},"formattedTicketForm":{"subject":{"schema":"Test ticket","type":"string"},"description":{"schema":"sample desc","type":"string"},"workspace_id":{"schema":"2","type":"number"},"status":{"schema":"2","type":"number"},"email":{"schema":"sivakumar@konnectify.co","type":"string"}}},"isLocalAppInstalled":true,"isLocalAppEnabled":true},"superops_production:assetConnector_modules":{"newAssetId":"3020","updateAssetId":"3021","createdAt":1779777832955,"updatedAt":1779777832955},"superops_production:alertConnector_modules":{"alertCreatedConnectorId":"3022","alertResolvedConnectorId":"3023","resolveAlertOnTicketChangeConnectorId":"3024","webhookUrl":"https://skdemo.konnectifyapp.co/webhook/3105","createdAt":1779777837593,"updatedAt":1779777837593}}
2026-05-26 12:52:26.873 +0530 [debug] (data.js) Read {"report_hash":"164b6b376a3cd05500ae5d339dfa82b58fb0cf355e2ffc1a3429433c142392eb","supero_101_101_migrate_oauth_status":true,"supero_101_101_modules":{"supero_101_101_system_settings":{"currentHost":{"endpoint_urls":{"freshservice":"https://sivakumar.freshservice.com"},"subscribed_modules":["service_ticket"],"org_domain":"https://sivakumar-877416007896811476.myfreshworks.com","product_types":{"freshservice":"ITSM"},"itam_version":{"freshservice":"BASIC"}}},"supero_101_101_custom_iparams":{"__meta":{"secure":["app1_apikey"]},"domain":"skdemo","accessToken":"fGOnTMOApoEz3ag9dB3Vg+SvNGA/go4kBkcu5cO1LFw4qv9m7/Fyls3MvX8+dflize0NIWoIpu+7TovEsgSEyM609Uejca+XBNgjqeC0FdPMWKueFE5D47zSmWFwhDZfYveCfiktVWAmY4nrj1L46aV3xeFAaeFUeHFWCa9qGk4w2Zn6+HrgQYOvhHCpzF6bXVa8joFanHQmb01vPaAJpnVdAILZARS7a6k5gYul0a2A9RCDOkGsCZBpQEI85c3ArqKB1PjX7A3UD1a32ITqVWZE4v+4hRWrMt2demOn+EGVI/HllCEZwMi3wd4NkkS77L2fFCp+BdzAV81hybXmtmowJExtUD0I/U+PjK1QZnPxXtTHAVBUk++E+bSLCbQq5X0qthjGRXW03TuEVVllFndmMxsITF87LGyYx/WSZTg=","tenantToken":"eyJhbGciOiJSUzI1NiIsInR5cCI6IkpXVCJ9.eyJleHAiOjE4MjI5Nzc4MzEsImlhdCI6MTc3OTc3NzgzMSwib3JnSWQiOiI2NiIsImV4dGVybmFsVGVuYW50SWQiOiJzaXZhLWl0LXVzIiwiZXh0ZXJuYWxVc2VySWQiOiJEZWZhdWx0IHRlbmFudCB1c2VyIn0.Jkh9zPlKsFfU9PdSoU-OgoJsA3y0DvE4146Z20M3_dwD1u3H-_4AJFdRinB4zRgsAMTh4AOHuVsFNZX3rFat9J_hAO6WRiD_opNWAbP_tY2oiPp_o-PFsoqx9rs-qKV65-3maVGoKr41X5tjOLUHjwFevoLBhxy51LcvZiURDrU25h0BGfxCClEyV3xKVD-9rC3IrVkBVaTpr79vuXpAGx5NNlGbUlHbW1TrDvUuN4p9TRwoQfWEliMHOuZnfo7QXVX_fVad-Soay6QjK8qN-6_W_1WVDognMl7LHwThGUFyu6NwRCt_J3SmAvBFoOvatf61BSLotwWUQlclQTs0gA","tenantId":"781","adminEmail":"sivakumar@konnectify.co","adminPassword":"konnectify","freshserviceAppName":"Freshservice","freshserviceAppId":"freshservice-1.0.0","freshserviceDomain":"sivakumar.freshservice.com","freshserviceApikey":"ZHgKqHflrMs94pFikuiD","freshserviceConnectionId":"3039","freshserviceConnectionName":"Freshservice Connection - 2026-05-26T06:42:45.868Z","superopsAppName":"SuperOps IT","superopsAppId":"superopsit-1.0.0","superopsDomain":"siva-it-us","superopsConnectionId":"3040","superopsApikey":"api-eyJhbGciOiJSUzI1NiJ9.eyJqdGkiOiIxOTg3Mzk1MzkxNzUzMTU0NTYwIiwicmFuZG9taXplciI6Iu-_vUbvv73vv70877-977-9X--_ve-_vSJ9.m6JxYTLA3ETs3HRrRWbRqGTmOirwOtyESdy0shf476qwJJfkcDZIuMn-p1mmrbMjBuaCmBpXRm3illwFqJdN9Aw9kkVnQnMs3IgCNewXDxDqCtf4e3EDWaWNtGs5inDGoLRbsHa68Dp8hV8X1riObW3RpkzgkFeEgKf6EWLT4SatkCgM8JfNF1k2l_rrTwrpoTkC5wYatojeAmWhyrwqbMCWEe_sIuxVbclev5q1VcymcNYC6ylPNYJ3Pa6MR2FzJ1Y8e0hz66hgL_M3hi9mCUI0evv57VRsAD3uSSh06etHS5WqLvmDcKonKj2bXrpM0KQ3fO6lT4YNx_MGepb15g","superopsConnectionName":"Superops Connection - 2026-05-26T06:42:45.868Z","superopsAccountType":"it","superopsRegion":"us","sinceDate":"04-05-2026","isInEditConfig":"","assetMapping":[{"superops_asset_class":{"id":"23","name":"Domain Controller"},"freshservice_asset_type":{"id":"30000367000","name":"Application Gateway"},"field_mappings":[{"superops_field":{"id":"assetId","name":"Asset Id"},"freshservice_field":{"id":"asset_tag","name":"Asset Tag"}},{"superops_field":{"id":"name","name":"Name"},"freshservice_field":{"id":"name","name":"Display Name"}}]}],"siteSeverityMapping":{"siteLocationMapping":[{"superops_site":"6027178066613911552","freshservice_location":30000039635}],"severityPriorityMapping":[{"superops_severity":"Low","freshservice_priority":1},{"superops_severity":"Critical","freshservice_priority":4}]},"ticketForm":{"subject":"Test ticket","planned_start_date":"","planned_end_date":"","planned_effort":"","impacted_locations":"","no_of_customers_impacted":"","unique_code":"","redington_ticket_id":"","description":"sample desc","business_impact":"","workspace_id":2,"status":2,"ticket_type":"","source":"","urgency":"","impact":"","group":"","department":"","category":"","major_incident_type":"","requester":"sivakumar@konnectify.co","requester_email":"","agent":""},"formattedTicketForm":{"subject":{"schema":"Test ticket","type":"string"},"description":{"schema":"sample desc","type":"string"},"workspace_id":{"schema":"2","type":"number"},"status":{"schema":"2","type":"number"},"email":{"schema":"sivakumar@konnectify.co","type":"string"}}},"isLocalAppInstalled":true,"isLocalAppEnabled":true},"superops_production:assetConnector_modules":{"newAssetId":"3020","updateAssetId":"3021","createdAt":1779777832955,"updatedAt":1779777832955},"superops_production:alertConnector_modules":{"alertCreatedConnectorId":"3022","alertResolvedConnectorId":"3023","resolveAlertOnTicketChangeConnectorId":"3024","webhookUrl":"https://skdemo.konnectifyapp.co/webhook/3105","createdAt":1779777837593,"updatedAt":1779777837593}}
2026-05-26 12:52:26.873 +0530 [debug] (data.js) Read {"report_hash":"164b6b376a3cd05500ae5d339dfa82b58fb0cf355e2ffc1a3429433c142392eb","supero_101_101_migrate_oauth_status":true,"supero_101_101_modules":{"supero_101_101_system_settings":{"currentHost":{"endpoint_urls":{"freshservice":"https://sivakumar.freshservice.com"},"subscribed_modules":["service_ticket"],"org_domain":"https://sivakumar-877416007896811476.myfreshworks.com","product_types":{"freshservice":"ITSM"},"itam_version":{"freshservice":"BASIC"}}},"supero_101_101_custom_iparams":{"__meta":{"secure":["app1_apikey"]},"domain":"skdemo","accessToken":"fGOnTMOApoEz3ag9dB3Vg+SvNGA/go4kBkcu5cO1LFw4qv9m7/Fyls3MvX8+dflize0NIWoIpu+7TovEsgSEyM609Uejca+XBNgjqeC0FdPMWKueFE5D47zSmWFwhDZfYveCfiktVWAmY4nrj1L46aV3xeFAaeFUeHFWCa9qGk4w2Zn6+HrgQYOvhHCpzF6bXVa8joFanHQmb01vPaAJpnVdAILZARS7a6k5gYul0a2A9RCDOkGsCZBpQEI85c3ArqKB1PjX7A3UD1a32ITqVWZE4v+4hRWrMt2demOn+EGVI/HllCEZwMi3wd4NkkS77L2fFCp+BdzAV81hybXmtmowJExtUD0I/U+PjK1QZnPxXtTHAVBUk++E+bSLCbQq5X0qthjGRXW03TuEVVllFndmMxsITF87LGyYx/WSZTg=","tenantToken":"eyJhbGciOiJSUzI1NiIsInR5cCI6IkpXVCJ9.eyJleHAiOjE4MjI5Nzc4MzEsImlhdCI6MTc3OTc3NzgzMSwib3JnSWQiOiI2NiIsImV4dGVybmFsVGVuYW50SWQiOiJzaXZhLWl0LXVzIiwiZXh0ZXJuYWxVc2VySWQiOiJEZWZhdWx0IHRlbmFudCB1c2VyIn0.Jkh9zPlKsFfU9PdSoU-OgoJsA3y0DvE4146Z20M3_dwD1u3H-_4AJFdRinB4zRgsAMTh4AOHuVsFNZX3rFat9J_hAO6WRiD_opNWAbP_tY2oiPp_o-PFsoqx9rs-qKV65-3maVGoKr41X5tjOLUHjwFevoLBhxy51LcvZiURDrU25h0BGfxCClEyV3xKVD-9rC3IrVkBVaTpr79vuXpAGx5NNlGbUlHbW1TrDvUuN4p9TRwoQfWEliMHOuZnfo7QXVX_fVad-Soay6QjK8qN-6_W_1WVDognMl7LHwThGUFyu6NwRCt_J3SmAvBFoOvatf61BSLotwWUQlclQTs0gA","tenantId":"781","adminEmail":"sivakumar@konnectify.co","adminPassword":"konnectify","freshserviceAppName":"Freshservice","freshserviceAppId":"freshservice-1.0.0","freshserviceDomain":"sivakumar.freshservice.com","freshserviceApikey":"ZHgKqHflrMs94pFikuiD","freshserviceConnectionId":"3039","freshserviceConnectionName":"Freshservice Connection - 2026-05-26T06:42:45.868Z","superopsAppName":"SuperOps IT","superopsAppId":"superopsit-1.0.0","superopsDomain":"siva-it-us","superopsConnectionId":"3040","superopsApikey":"api-eyJhbGciOiJSUzI1NiJ9.eyJqdGkiOiIxOTg3Mzk1MzkxNzUzMTU0NTYwIiwicmFuZG9taXplciI6Iu-_vUbvv73vv70877-977-9X--_ve-_vSJ9.m6JxYTLA3ETs3HRrRWbRqGTmOirwOtyESdy0shf476qwJJfkcDZIuMn-p1mmrbMjBuaCmBpXRm3illwFqJdN9Aw9kkVnQnMs3IgCNewXDxDqCtf4e3EDWaWNtGs5inDGoLRbsHa68Dp8hV8X1riObW3RpkzgkFeEgKf6EWLT4SatkCgM8JfNF1k2l_rrTwrpoTkC5wYatojeAmWhyrwqbMCWEe_sIuxVbclev5q1VcymcNYC6ylPNYJ3Pa6MR2FzJ1Y8e0hz66hgL_M3hi9mCUI0evv57VRsAD3uSSh06etHS5WqLvmDcKonKj2bXrpM0KQ3fO6lT4YNx_MGepb15g","superopsConnectionName":"Superops Connection - 2026-05-26T06:42:45.868Z","superopsAccountType":"it","superopsRegion":"us","sinceDate":"04-05-2026","isInEditConfig":"","assetMapping":[{"superops_asset_class":{"id":"23","name":"Domain Controller"},"freshservice_asset_type":{"id":"30000367000","name":"Application Gateway"},"field_mappings":[{"superops_field":{"id":"assetId","name":"Asset Id"},"freshservice_field":{"id":"asset_tag","name":"Asset Tag"}},{"superops_field":{"id":"name","name":"Name"},"freshservice_field":{"id":"name","name":"Display Name"}}]}],"siteSeverityMapping":{"siteLocationMapping":[{"superops_site":"6027178066613911552","freshservice_location":30000039635}],"severityPriorityMapping":[{"superops_severity":"Low","freshservice_priority":1},{"superops_severity":"Critical","freshservice_priority":4}]},"ticketForm":{"subject":"Test ticket","planned_start_date":"","planned_end_date":"","planned_effort":"","impacted_locations":"","no_of_customers_impacted":"","unique_code":"","redington_ticket_id":"","description":"sample desc","business_impact":"","workspace_id":2,"status":2,"ticket_type":"","source":"","urgency":"","impact":"","group":"","department":"","category":"","major_incident_type":"","requester":"sivakumar@konnectify.co","requester_email":"","agent":""},"formattedTicketForm":{"subject":{"schema":"Test ticket","type":"string"},"description":{"schema":"sample desc","type":"string"},"workspace_id":{"schema":"2","type":"number"},"status":{"schema":"2","type":"number"},"email":{"schema":"sivakumar@konnectify.co","type":"string"}}},"isLocalAppInstalled":true,"isLocalAppEnabled":true},"superops_production:assetConnector_modules":{"newAssetId":"3020","updateAssetId":"3021","createdAt":1779777832955,"updatedAt":1779777832955},"superops_production:alertConnector_modules":{"alertCreatedConnectorId":"3022","alertResolvedConnectorId":"3023","resolveAlertOnTicketChangeConnectorId":"3024","webhookUrl":"https://skdemo.konnectifyapp.co/webhook/3105","createdAt":1779777837593,"updatedAt":1779777837593}}
2026-05-26 12:52:26.873 +0530 [debug] (request.js) Obtained creds 
2026-05-26 12:52:26.874 +0530 [debug] (data.js) Read {"report_hash":"164b6b376a3cd05500ae5d339dfa82b58fb0cf355e2ffc1a3429433c142392eb","supero_101_101_migrate_oauth_status":true,"supero_101_101_modules":{"supero_101_101_system_settings":{"currentHost":{"endpoint_urls":{"freshservice":"https://sivakumar.freshservice.com"},"subscribed_modules":["service_ticket"],"org_domain":"https://sivakumar-877416007896811476.myfreshworks.com","product_types":{"freshservice":"ITSM"},"itam_version":{"freshservice":"BASIC"}}},"supero_101_101_custom_iparams":{"__meta":{"secure":["app1_apikey"]},"domain":"skdemo","accessToken":"fGOnTMOApoEz3ag9dB3Vg+SvNGA/go4kBkcu5cO1LFw4qv9m7/Fyls3MvX8+dflize0NIWoIpu+7TovEsgSEyM609Uejca+XBNgjqeC0FdPMWKueFE5D47zSmWFwhDZfYveCfiktVWAmY4nrj1L46aV3xeFAaeFUeHFWCa9qGk4w2Zn6+HrgQYOvhHCpzF6bXVa8joFanHQmb01vPaAJpnVdAILZARS7a6k5gYul0a2A9RCDOkGsCZBpQEI85c3ArqKB1PjX7A3UD1a32ITqVWZE4v+4hRWrMt2demOn+EGVI/HllCEZwMi3wd4NkkS77L2fFCp+BdzAV81hybXmtmowJExtUD0I/U+PjK1QZnPxXtTHAVBUk++E+bSLCbQq5X0qthjGRXW03TuEVVllFndmMxsITF87LGyYx/WSZTg=","tenantToken":"eyJhbGciOiJSUzI1NiIsInR5cCI6IkpXVCJ9.eyJleHAiOjE4MjI5Nzc4MzEsImlhdCI6MTc3OTc3NzgzMSwib3JnSWQiOiI2NiIsImV4dGVybmFsVGVuYW50SWQiOiJzaXZhLWl0LXVzIiwiZXh0ZXJuYWxVc2VySWQiOiJEZWZhdWx0IHRlbmFudCB1c2VyIn0.Jkh9zPlKsFfU9PdSoU-OgoJsA3y0DvE4146Z20M3_dwD1u3H-_4AJFdRinB4zRgsAMTh4AOHuVsFNZX3rFat9J_hAO6WRiD_opNWAbP_tY2oiPp_o-PFsoqx9rs-qKV65-3maVGoKr41X5tjOLUHjwFevoLBhxy51LcvZiURDrU25h0BGfxCClEyV3xKVD-9rC3IrVkBVaTpr79vuXpAGx5NNlGbUlHbW1TrDvUuN4p9TRwoQfWEliMHOuZnfo7QXVX_fVad-Soay6QjK8qN-6_W_1WVDognMl7LHwThGUFyu6NwRCt_J3SmAvBFoOvatf61BSLotwWUQlclQTs0gA","tenantId":"781","adminEmail":"sivakumar@konnectify.co","adminPassword":"konnectify","freshserviceAppName":"Freshservice","freshserviceAppId":"freshservice-1.0.0","freshserviceDomain":"sivakumar.freshservice.com","freshserviceApikey":"ZHgKqHflrMs94pFikuiD","freshserviceConnectionId":"3039","freshserviceConnectionName":"Freshservice Connection - 2026-05-26T06:42:45.868Z","superopsAppName":"SuperOps IT","superopsAppId":"superopsit-1.0.0","superopsDomain":"siva-it-us","superopsConnectionId":"3040","superopsApikey":"api-eyJhbGciOiJSUzI1NiJ9.eyJqdGkiOiIxOTg3Mzk1MzkxNzUzMTU0NTYwIiwicmFuZG9taXplciI6Iu-_vUbvv73vv70877-977-9X--_ve-_vSJ9.m6JxYTLA3ETs3HRrRWbRqGTmOirwOtyESdy0shf476qwJJfkcDZIuMn-p1mmrbMjBuaCmBpXRm3illwFqJdN9Aw9kkVnQnMs3IgCNewXDxDqCtf4e3EDWaWNtGs5inDGoLRbsHa68Dp8hV8X1riObW3RpkzgkFeEgKf6EWLT4SatkCgM8JfNF1k2l_rrTwrpoTkC5wYatojeAmWhyrwqbMCWEe_sIuxVbclev5q1VcymcNYC6ylPNYJ3Pa6MR2FzJ1Y8e0hz66hgL_M3hi9mCUI0evv57VRsAD3uSSh06etHS5WqLvmDcKonKj2bXrpM0KQ3fO6lT4YNx_MGepb15g","superopsConnectionName":"Superops Connection - 2026-05-26T06:42:45.868Z","superopsAccountType":"it","superopsRegion":"us","sinceDate":"04-05-2026","isInEditConfig":"","assetMapping":[{"superops_asset_class":{"id":"23","name":"Domain Controller"},"freshservice_asset_type":{"id":"30000367000","name":"Application Gateway"},"field_mappings":[{"superops_field":{"id":"assetId","name":"Asset Id"},"freshservice_field":{"id":"asset_tag","name":"Asset Tag"}},{"superops_field":{"id":"name","name":"Name"},"freshservice_field":{"id":"name","name":"Display Name"}}]}],"siteSeverityMapping":{"siteLocationMapping":[{"superops_site":"6027178066613911552","freshservice_location":30000039635}],"severityPriorityMapping":[{"superops_severity":"Low","freshservice_priority":1},{"superops_severity":"Critical","freshservice_priority":4}]},"ticketForm":{"subject":"Test ticket","planned_start_date":"","planned_end_date":"","planned_effort":"","impacted_locations":"","no_of_customers_impacted":"","unique_code":"","redington_ticket_id":"","description":"sample desc","business_impact":"","workspace_id":2,"status":2,"ticket_type":"","source":"","urgency":"","impact":"","group":"","department":"","category":"","major_incident_type":"","requester":"sivakumar@konnectify.co","requester_email":"","agent":""},"formattedTicketForm":{"subject":{"schema":"Test ticket","type":"string"},"description":{"schema":"sample desc","type":"string"},"workspace_id":{"schema":"2","type":"number"},"status":{"schema":"2","type":"number"},"email":{"schema":"sivakumar@konnectify.co","type":"string"}}},"isLocalAppInstalled":true,"isLocalAppEnabled":true},"superops_production:assetConnector_modules":{"newAssetId":"3020","updateAssetId":"3021","createdAt":1779777832955,"updatedAt":1779777832955},"superops_production:alertConnector_modules":{"alertCreatedConnectorId":"3022","alertResolvedConnectorId":"3023","resolveAlertOnTicketChangeConnectorId":"3024","webhookUrl":"https://skdemo.konnectifyapp.co/webhook/3105","createdAt":1779777837593,"updatedAt":1779777837593}}
2026-05-26 12:52:26.875 +0530 [debug] (request.js) Making request with options as { method: 'GET',
  url: 'https://sivakumar.freshservice.com/api/v2/requesters/sivakumar@konnectify.co',
  headers:
   { 'Content-Type': 'application/json',
     Authorization: 'Basic WkhnS3FIZmxyTXM5NHBGaWt1aUQ6eA==' },
  body: null,
  maxAttempts: 1,
  retryDelay: 0,
  timeout: 15000 }
2026-05-26 12:52:26.954 +0530 [debug] (request.js) Looking for 'application/json' in application/json,application/xml,text/html,text/xml,application/jsonp,text/plain,application/javascript,application/vnd.api+json
2026-05-26 12:52:33.597 +0530 [debug] (data-pipe.js) received call for route "request" with action "execute" and body {"action":"execute","data":{"name":"getAdminAccessToken","context":{"host":"skdemo"},"body":"{\"email\":\"sivakumar@konnectify.co\",\"password\":\"konnectify\"}","isInstall":false,"isOAuth":true},"isInstall":false}
2026-05-26 12:52:33.597 +0530 [debug] (data.js) Read {"report_hash":"164b6b376a3cd05500ae5d339dfa82b58fb0cf355e2ffc1a3429433c142392eb","supero_101_101_migrate_oauth_status":true,"supero_101_101_modules":{"supero_101_101_system_settings":{"currentHost":{"endpoint_urls":{"freshservice":"https://sivakumar.freshservice.com"},"subscribed_modules":["service_ticket"],"org_domain":"https://sivakumar-877416007896811476.myfreshworks.com","product_types":{"freshservice":"ITSM"},"itam_version":{"freshservice":"BASIC"}}},"supero_101_101_custom_iparams":{"__meta":{"secure":["app1_apikey"]},"domain":"skdemo","accessToken":"fGOnTMOApoEz3ag9dB3Vg+SvNGA/go4kBkcu5cO1LFw4qv9m7/Fyls3MvX8+dflize0NIWoIpu+7TovEsgSEyM609Uejca+XBNgjqeC0FdPMWKueFE5D47zSmWFwhDZfYveCfiktVWAmY4nrj1L46aV3xeFAaeFUeHFWCa9qGk4w2Zn6+HrgQYOvhHCpzF6bXVa8joFanHQmb01vPaAJpnVdAILZARS7a6k5gYul0a2A9RCDOkGsCZBpQEI85c3ArqKB1PjX7A3UD1a32ITqVWZE4v+4hRWrMt2demOn+EGVI/HllCEZwMi3wd4NkkS77L2fFCp+BdzAV81hybXmtmowJExtUD0I/U+PjK1QZnPxXtTHAVBUk++E+bSLCbQq5X0qthjGRXW03TuEVVllFndmMxsITF87LGyYx/WSZTg=","tenantToken":"eyJhbGciOiJSUzI1NiIsInR5cCI6IkpXVCJ9.eyJleHAiOjE4MjI5Nzc4MzEsImlhdCI6MTc3OTc3NzgzMSwib3JnSWQiOiI2NiIsImV4dGVybmFsVGVuYW50SWQiOiJzaXZhLWl0LXVzIiwiZXh0ZXJuYWxVc2VySWQiOiJEZWZhdWx0IHRlbmFudCB1c2VyIn0.Jkh9zPlKsFfU9PdSoU-OgoJsA3y0DvE4146Z20M3_dwD1u3H-_4AJFdRinB4zRgsAMTh4AOHuVsFNZX3rFat9J_hAO6WRiD_opNWAbP_tY2oiPp_o-PFsoqx9rs-qKV65-3maVGoKr41X5tjOLUHjwFevoLBhxy51LcvZiURDrU25h0BGfxCClEyV3xKVD-9rC3IrVkBVaTpr79vuXpAGx5NNlGbUlHbW1TrDvUuN4p9TRwoQfWEliMHOuZnfo7QXVX_fVad-Soay6QjK8qN-6_W_1WVDognMl7LHwThGUFyu6NwRCt_J3SmAvBFoOvatf61BSLotwWUQlclQTs0gA","tenantId":"781","adminEmail":"sivakumar@konnectify.co","adminPassword":"konnectify","freshserviceAppName":"Freshservice","freshserviceAppId":"freshservice-1.0.0","freshserviceDomain":"sivakumar.freshservice.com","freshserviceApikey":"ZHgKqHflrMs94pFikuiD","freshserviceConnectionId":"3039","freshserviceConnectionName":"Freshservice Connection - 2026-05-26T06:42:45.868Z","superopsAppName":"SuperOps IT","superopsAppId":"superopsit-1.0.0","superopsDomain":"siva-it-us","superopsConnectionId":"3040","superopsApikey":"api-eyJhbGciOiJSUzI1NiJ9.eyJqdGkiOiIxOTg3Mzk1MzkxNzUzMTU0NTYwIiwicmFuZG9taXplciI6Iu-_vUbvv73vv70877-977-9X--_ve-_vSJ9.m6JxYTLA3ETs3HRrRWbRqGTmOirwOtyESdy0shf476qwJJfkcDZIuMn-p1mmrbMjBuaCmBpXRm3illwFqJdN9Aw9kkVnQnMs3IgCNewXDxDqCtf4e3EDWaWNtGs5inDGoLRbsHa68Dp8hV8X1riObW3RpkzgkFeEgKf6EWLT4SatkCgM8JfNF1k2l_rrTwrpoTkC5wYatojeAmWhyrwqbMCWEe_sIuxVbclev5q1VcymcNYC6ylPNYJ3Pa6MR2FzJ1Y8e0hz66hgL_M3hi9mCUI0evv57VRsAD3uSSh06etHS5WqLvmDcKonKj2bXrpM0KQ3fO6lT4YNx_MGepb15g","superopsConnectionName":"Superops Connection - 2026-05-26T06:42:45.868Z","superopsAccountType":"it","superopsRegion":"us","sinceDate":"04-05-2026","isInEditConfig":"","assetMapping":[{"superops_asset_class":{"id":"23","name":"Domain Controller"},"freshservice_asset_type":{"id":"30000367000","name":"Application Gateway"},"field_mappings":[{"superops_field":{"id":"assetId","name":"Asset Id"},"freshservice_field":{"id":"asset_tag","name":"Asset Tag"}},{"superops_field":{"id":"name","name":"Name"},"freshservice_field":{"id":"name","name":"Display Name"}}]}],"siteSeverityMapping":{"siteLocationMapping":[{"superops_site":"6027178066613911552","freshservice_location":30000039635}],"severityPriorityMapping":[{"superops_severity":"Low","freshservice_priority":1},{"superops_severity":"Critical","freshservice_priority":4}]},"ticketForm":{"subject":"Test ticket","planned_start_date":"","planned_end_date":"","planned_effort":"","impacted_locations":"","no_of_customers_impacted":"","unique_code":"","redington_ticket_id":"","description":"sample desc","business_impact":"","workspace_id":2,"status":2,"ticket_type":"","source":"","urgency":"","impact":"","group":"","department":"","category":"","major_incident_type":"","requester":"sivakumar@konnectify.co","requester_email":"","agent":""},"formattedTicketForm":{"subject":{"schema":"Test ticket","type":"string"},"description":{"schema":"sample desc","type":"string"},"workspace_id":{"schema":"2","type":"number"},"status":{"schema":"2","type":"number"},"email":{"schema":"sivakumar@konnectify.co","type":"string"}}},"isLocalAppInstalled":true,"isLocalAppEnabled":true},"superops_production:assetConnector_modules":{"newAssetId":"3020","updateAssetId":"3021","createdAt":1779777832955,"updatedAt":1779777832955},"superops_production:alertConnector_modules":{"alertCreatedConnectorId":"3022","alertResolvedConnectorId":"3023","resolveAlertOnTicketChangeConnectorId":"3024","webhookUrl":"https://skdemo.konnectifyapp.co/webhook/3105","createdAt":1779777837593,"updatedAt":1779777837593}}
2026-05-26 12:52:33.598 +0530 [debug] (http.js) Failed to parse URL: https://<%= context.host %>.konnectifyapp.co, error: Invalid URL
2026-05-26 12:52:33.598 +0530 [debug] (request.js) Checking request template for multi-oauth app
2026-05-26 12:52:33.598 +0530 [debug] (data.js) Read {"report_hash":"164b6b376a3cd05500ae5d339dfa82b58fb0cf355e2ffc1a3429433c142392eb","supero_101_101_migrate_oauth_status":true,"supero_101_101_modules":{"supero_101_101_system_settings":{"currentHost":{"endpoint_urls":{"freshservice":"https://sivakumar.freshservice.com"},"subscribed_modules":["service_ticket"],"org_domain":"https://sivakumar-877416007896811476.myfreshworks.com","product_types":{"freshservice":"ITSM"},"itam_version":{"freshservice":"BASIC"}}},"supero_101_101_custom_iparams":{"__meta":{"secure":["app1_apikey"]},"domain":"skdemo","accessToken":"fGOnTMOApoEz3ag9dB3Vg+SvNGA/go4kBkcu5cO1LFw4qv9m7/Fyls3MvX8+dflize0NIWoIpu+7TovEsgSEyM609Uejca+XBNgjqeC0FdPMWKueFE5D47zSmWFwhDZfYveCfiktVWAmY4nrj1L46aV3xeFAaeFUeHFWCa9qGk4w2Zn6+HrgQYOvhHCpzF6bXVa8joFanHQmb01vPaAJpnVdAILZARS7a6k5gYul0a2A9RCDOkGsCZBpQEI85c3ArqKB1PjX7A3UD1a32ITqVWZE4v+4hRWrMt2demOn+EGVI/HllCEZwMi3wd4NkkS77L2fFCp+BdzAV81hybXmtmowJExtUD0I/U+PjK1QZnPxXtTHAVBUk++E+bSLCbQq5X0qthjGRXW03TuEVVllFndmMxsITF87LGyYx/WSZTg=","tenantToken":"eyJhbGciOiJSUzI1NiIsInR5cCI6IkpXVCJ9.eyJleHAiOjE4MjI5Nzc4MzEsImlhdCI6MTc3OTc3NzgzMSwib3JnSWQiOiI2NiIsImV4dGVybmFsVGVuYW50SWQiOiJzaXZhLWl0LXVzIiwiZXh0ZXJuYWxVc2VySWQiOiJEZWZhdWx0IHRlbmFudCB1c2VyIn0.Jkh9zPlKsFfU9PdSoU-OgoJsA3y0DvE4146Z20M3_dwD1u3H-_4AJFdRinB4zRgsAMTh4AOHuVsFNZX3rFat9J_hAO6WRiD_opNWAbP_tY2oiPp_o-PFsoqx9rs-qKV65-3maVGoKr41X5tjOLUHjwFevoLBhxy51LcvZiURDrU25h0BGfxCClEyV3xKVD-9rC3IrVkBVaTpr79vuXpAGx5NNlGbUlHbW1TrDvUuN4p9TRwoQfWEliMHOuZnfo7QXVX_fVad-Soay6QjK8qN-6_W_1WVDognMl7LHwThGUFyu6NwRCt_J3SmAvBFoOvatf61BSLotwWUQlclQTs0gA","tenantId":"781","adminEmail":"sivakumar@konnectify.co","adminPassword":"konnectify","freshserviceAppName":"Freshservice","freshserviceAppId":"freshservice-1.0.0","freshserviceDomain":"sivakumar.freshservice.com","freshserviceApikey":"ZHgKqHflrMs94pFikuiD","freshserviceConnectionId":"3039","freshserviceConnectionName":"Freshservice Connection - 2026-05-26T06:42:45.868Z","superopsAppName":"SuperOps IT","superopsAppId":"superopsit-1.0.0","superopsDomain":"siva-it-us","superopsConnectionId":"3040","superopsApikey":"api-eyJhbGciOiJSUzI1NiJ9.eyJqdGkiOiIxOTg3Mzk1MzkxNzUzMTU0NTYwIiwicmFuZG9taXplciI6Iu-_vUbvv73vv70877-977-9X--_ve-_vSJ9.m6JxYTLA3ETs3HRrRWbRqGTmOirwOtyESdy0shf476qwJJfkcDZIuMn-p1mmrbMjBuaCmBpXRm3illwFqJdN9Aw9kkVnQnMs3IgCNewXDxDqCtf4e3EDWaWNtGs5inDGoLRbsHa68Dp8hV8X1riObW3RpkzgkFeEgKf6EWLT4SatkCgM8JfNF1k2l_rrTwrpoTkC5wYatojeAmWhyrwqbMCWEe_sIuxVbclev5q1VcymcNYC6ylPNYJ3Pa6MR2FzJ1Y8e0hz66hgL_M3hi9mCUI0evv57VRsAD3uSSh06etHS5WqLvmDcKonKj2bXrpM0KQ3fO6lT4YNx_MGepb15g","superopsConnectionName":"Superops Connection - 2026-05-26T06:42:45.868Z","superopsAccountType":"it","superopsRegion":"us","sinceDate":"04-05-2026","isInEditConfig":"","assetMapping":[{"superops_asset_class":{"id":"23","name":"Domain Controller"},"freshservice_asset_type":{"id":"30000367000","name":"Application Gateway"},"field_mappings":[{"superops_field":{"id":"assetId","name":"Asset Id"},"freshservice_field":{"id":"asset_tag","name":"Asset Tag"}},{"superops_field":{"id":"name","name":"Name"},"freshservice_field":{"id":"name","name":"Display Name"}}]}],"siteSeverityMapping":{"siteLocationMapping":[{"superops_site":"6027178066613911552","freshservice_location":30000039635}],"severityPriorityMapping":[{"superops_severity":"Low","freshservice_priority":1},{"superops_severity":"Critical","freshservice_priority":4}]},"ticketForm":{"subject":"Test ticket","planned_start_date":"","planned_end_date":"","planned_effort":"","impacted_locations":"","no_of_customers_impacted":"","unique_code":"","redington_ticket_id":"","description":"sample desc","business_impact":"","workspace_id":2,"status":2,"ticket_type":"","source":"","urgency":"","impact":"","group":"","department":"","category":"","major_incident_type":"","requester":"sivakumar@konnectify.co","requester_email":"","agent":""},"formattedTicketForm":{"subject":{"schema":"Test ticket","type":"string"},"description":{"schema":"sample desc","type":"string"},"workspace_id":{"schema":"2","type":"number"},"status":{"schema":"2","type":"number"},"email":{"schema":"sivakumar@konnectify.co","type":"string"}}},"isLocalAppInstalled":true,"isLocalAppEnabled":true},"superops_production:assetConnector_modules":{"newAssetId":"3020","updateAssetId":"3021","createdAt":1779777832955,"updatedAt":1779777832955},"superops_production:alertConnector_modules":{"alertCreatedConnectorId":"3022","alertResolvedConnectorId":"3023","resolveAlertOnTicketChangeConnectorId":"3024","webhookUrl":"https://skdemo.konnectifyapp.co/webhook/3105","createdAt":1779777837593,"updatedAt":1779777837593}}
2026-05-26 12:52:33.598 +0530 [debug] (data.js) Read {"report_hash":"164b6b376a3cd05500ae5d339dfa82b58fb0cf355e2ffc1a3429433c142392eb","supero_101_101_migrate_oauth_status":true,"supero_101_101_modules":{"supero_101_101_system_settings":{"currentHost":{"endpoint_urls":{"freshservice":"https://sivakumar.freshservice.com"},"subscribed_modules":["service_ticket"],"org_domain":"https://sivakumar-877416007896811476.myfreshworks.com","product_types":{"freshservice":"ITSM"},"itam_version":{"freshservice":"BASIC"}}},"supero_101_101_custom_iparams":{"__meta":{"secure":["app1_apikey"]},"domain":"skdemo","accessToken":"fGOnTMOApoEz3ag9dB3Vg+SvNGA/go4kBkcu5cO1LFw4qv9m7/Fyls3MvX8+dflize0NIWoIpu+7TovEsgSEyM609Uejca+XBNgjqeC0FdPMWKueFE5D47zSmWFwhDZfYveCfiktVWAmY4nrj1L46aV3xeFAaeFUeHFWCa9qGk4w2Zn6+HrgQYOvhHCpzF6bXVa8joFanHQmb01vPaAJpnVdAILZARS7a6k5gYul0a2A9RCDOkGsCZBpQEI85c3ArqKB1PjX7A3UD1a32ITqVWZE4v+4hRWrMt2demOn+EGVI/HllCEZwMi3wd4NkkS77L2fFCp+BdzAV81hybXmtmowJExtUD0I/U+PjK1QZnPxXtTHAVBUk++E+bSLCbQq5X0qthjGRXW03TuEVVllFndmMxsITF87LGyYx/WSZTg=","tenantToken":"eyJhbGciOiJSUzI1NiIsInR5cCI6IkpXVCJ9.eyJleHAiOjE4MjI5Nzc4MzEsImlhdCI6MTc3OTc3NzgzMSwib3JnSWQiOiI2NiIsImV4dGVybmFsVGVuYW50SWQiOiJzaXZhLWl0LXVzIiwiZXh0ZXJuYWxVc2VySWQiOiJEZWZhdWx0IHRlbmFudCB1c2VyIn0.Jkh9zPlKsFfU9PdSoU-OgoJsA3y0DvE4146Z20M3_dwD1u3H-_4AJFdRinB4zRgsAMTh4AOHuVsFNZX3rFat9J_hAO6WRiD_opNWAbP_tY2oiPp_o-PFsoqx9rs-qKV65-3maVGoKr41X5tjOLUHjwFevoLBhxy51LcvZiURDrU25h0BGfxCClEyV3xKVD-9rC3IrVkBVaTpr79vuXpAGx5NNlGbUlHbW1TrDvUuN4p9TRwoQfWEliMHOuZnfo7QXVX_fVad-Soay6QjK8qN-6_W_1WVDognMl7LHwThGUFyu6NwRCt_J3SmAvBFoOvatf61BSLotwWUQlclQTs0gA","tenantId":"781","adminEmail":"sivakumar@konnectify.co","adminPassword":"konnectify","freshserviceAppName":"Freshservice","freshserviceAppId":"freshservice-1.0.0","freshserviceDomain":"sivakumar.freshservice.com","freshserviceApikey":"ZHgKqHflrMs94pFikuiD","freshserviceConnectionId":"3039","freshserviceConnectionName":"Freshservice Connection - 2026-05-26T06:42:45.868Z","superopsAppName":"SuperOps IT","superopsAppId":"superopsit-1.0.0","superopsDomain":"siva-it-us","superopsConnectionId":"3040","superopsApikey":"api-eyJhbGciOiJSUzI1NiJ9.eyJqdGkiOiIxOTg3Mzk1MzkxNzUzMTU0NTYwIiwicmFuZG9taXplciI6Iu-_vUbvv73vv70877-977-9X--_ve-_vSJ9.m6JxYTLA3ETs3HRrRWbRqGTmOirwOtyESdy0shf476qwJJfkcDZIuMn-p1mmrbMjBuaCmBpXRm3illwFqJdN9Aw9kkVnQnMs3IgCNewXDxDqCtf4e3EDWaWNtGs5inDGoLRbsHa68Dp8hV8X1riObW3RpkzgkFeEgKf6EWLT4SatkCgM8JfNF1k2l_rrTwrpoTkC5wYatojeAmWhyrwqbMCWEe_sIuxVbclev5q1VcymcNYC6ylPNYJ3Pa6MR2FzJ1Y8e0hz66hgL_M3hi9mCUI0evv57VRsAD3uSSh06etHS5WqLvmDcKonKj2bXrpM0KQ3fO6lT4YNx_MGepb15g","superopsConnectionName":"Superops Connection - 2026-05-26T06:42:45.868Z","superopsAccountType":"it","superopsRegion":"us","sinceDate":"04-05-2026","isInEditConfig":"","assetMapping":[{"superops_asset_class":{"id":"23","name":"Domain Controller"},"freshservice_asset_type":{"id":"30000367000","name":"Application Gateway"},"field_mappings":[{"superops_field":{"id":"assetId","name":"Asset Id"},"freshservice_field":{"id":"asset_tag","name":"Asset Tag"}},{"superops_field":{"id":"name","name":"Name"},"freshservice_field":{"id":"name","name":"Display Name"}}]}],"siteSeverityMapping":{"siteLocationMapping":[{"superops_site":"6027178066613911552","freshservice_location":30000039635}],"severityPriorityMapping":[{"superops_severity":"Low","freshservice_priority":1},{"superops_severity":"Critical","freshservice_priority":4}]},"ticketForm":{"subject":"Test ticket","planned_start_date":"","planned_end_date":"","planned_effort":"","impacted_locations":"","no_of_customers_impacted":"","unique_code":"","redington_ticket_id":"","description":"sample desc","business_impact":"","workspace_id":2,"status":2,"ticket_type":"","source":"","urgency":"","impact":"","group":"","department":"","category":"","major_incident_type":"","requester":"sivakumar@konnectify.co","requester_email":"","agent":""},"formattedTicketForm":{"subject":{"schema":"Test ticket","type":"string"},"description":{"schema":"sample desc","type":"string"},"workspace_id":{"schema":"2","type":"number"},"status":{"schema":"2","type":"number"},"email":{"schema":"sivakumar@konnectify.co","type":"string"}}},"isLocalAppInstalled":true,"isLocalAppEnabled":true},"superops_production:assetConnector_modules":{"newAssetId":"3020","updateAssetId":"3021","createdAt":1779777832955,"updatedAt":1779777832955},"superops_production:alertConnector_modules":{"alertCreatedConnectorId":"3022","alertResolvedConnectorId":"3023","resolveAlertOnTicketChangeConnectorId":"3024","webhookUrl":"https://skdemo.konnectifyapp.co/webhook/3105","createdAt":1779777837593,"updatedAt":1779777837593}}
2026-05-26 12:52:33.599 +0530 [debug] (data.js) Read {"report_hash":"164b6b376a3cd05500ae5d339dfa82b58fb0cf355e2ffc1a3429433c142392eb","supero_101_101_migrate_oauth_status":true,"supero_101_101_modules":{"supero_101_101_system_settings":{"currentHost":{"endpoint_urls":{"freshservice":"https://sivakumar.freshservice.com"},"subscribed_modules":["service_ticket"],"org_domain":"https://sivakumar-877416007896811476.myfreshworks.com","product_types":{"freshservice":"ITSM"},"itam_version":{"freshservice":"BASIC"}}},"supero_101_101_custom_iparams":{"__meta":{"secure":["app1_apikey"]},"domain":"skdemo","accessToken":"fGOnTMOApoEz3ag9dB3Vg+SvNGA/go4kBkcu5cO1LFw4qv9m7/Fyls3MvX8+dflize0NIWoIpu+7TovEsgSEyM609Uejca+XBNgjqeC0FdPMWKueFE5D47zSmWFwhDZfYveCfiktVWAmY4nrj1L46aV3xeFAaeFUeHFWCa9qGk4w2Zn6+HrgQYOvhHCpzF6bXVa8joFanHQmb01vPaAJpnVdAILZARS7a6k5gYul0a2A9RCDOkGsCZBpQEI85c3ArqKB1PjX7A3UD1a32ITqVWZE4v+4hRWrMt2demOn+EGVI/HllCEZwMi3wd4NkkS77L2fFCp+BdzAV81hybXmtmowJExtUD0I/U+PjK1QZnPxXtTHAVBUk++E+bSLCbQq5X0qthjGRXW03TuEVVllFndmMxsITF87LGyYx/WSZTg=","tenantToken":"eyJhbGciOiJSUzI1NiIsInR5cCI6IkpXVCJ9.eyJleHAiOjE4MjI5Nzc4MzEsImlhdCI6MTc3OTc3NzgzMSwib3JnSWQiOiI2NiIsImV4dGVybmFsVGVuYW50SWQiOiJzaXZhLWl0LXVzIiwiZXh0ZXJuYWxVc2VySWQiOiJEZWZhdWx0IHRlbmFudCB1c2VyIn0.Jkh9zPlKsFfU9PdSoU-OgoJsA3y0DvE4146Z20M3_dwD1u3H-_4AJFdRinB4zRgsAMTh4AOHuVsFNZX3rFat9J_hAO6WRiD_opNWAbP_tY2oiPp_o-PFsoqx9rs-qKV65-3maVGoKr41X5tjOLUHjwFevoLBhxy51LcvZiURDrU25h0BGfxCClEyV3xKVD-9rC3IrVkBVaTpr79vuXpAGx5NNlGbUlHbW1TrDvUuN4p9TRwoQfWEliMHOuZnfo7QXVX_fVad-Soay6QjK8qN-6_W_1WVDognMl7LHwThGUFyu6NwRCt_J3SmAvBFoOvatf61BSLotwWUQlclQTs0gA","tenantId":"781","adminEmail":"sivakumar@konnectify.co","adminPassword":"konnectify","freshserviceAppName":"Freshservice","freshserviceAppId":"freshservice-1.0.0","freshserviceDomain":"sivakumar.freshservice.com","freshserviceApikey":"ZHgKqHflrMs94pFikuiD","freshserviceConnectionId":"3039","freshserviceConnectionName":"Freshservice Connection - 2026-05-26T06:42:45.868Z","superopsAppName":"SuperOps IT","superopsAppId":"superopsit-1.0.0","superopsDomain":"siva-it-us","superopsConnectionId":"3040","superopsApikey":"api-eyJhbGciOiJSUzI1NiJ9.eyJqdGkiOiIxOTg3Mzk1MzkxNzUzMTU0NTYwIiwicmFuZG9taXplciI6Iu-_vUbvv73vv70877-977-9X--_ve-_vSJ9.m6JxYTLA3ETs3HRrRWbRqGTmOirwOtyESdy0shf476qwJJfkcDZIuMn-p1mmrbMjBuaCmBpXRm3illwFqJdN9Aw9kkVnQnMs3IgCNewXDxDqCtf4e3EDWaWNtGs5inDGoLRbsHa68Dp8hV8X1riObW3RpkzgkFeEgKf6EWLT4SatkCgM8JfNF1k2l_rrTwrpoTkC5wYatojeAmWhyrwqbMCWEe_sIuxVbclev5q1VcymcNYC6ylPNYJ3Pa6MR2FzJ1Y8e0hz66hgL_M3hi9mCUI0evv57VRsAD3uSSh06etHS5WqLvmDcKonKj2bXrpM0KQ3fO6lT4YNx_MGepb15g","superopsConnectionName":"Superops Connection - 2026-05-26T06:42:45.868Z","superopsAccountType":"it","superopsRegion":"us","sinceDate":"04-05-2026","isInEditConfig":"","assetMapping":[{"superops_asset_class":{"id":"23","name":"Domain Controller"},"freshservice_asset_type":{"id":"30000367000","name":"Application Gateway"},"field_mappings":[{"superops_field":{"id":"assetId","name":"Asset Id"},"freshservice_field":{"id":"asset_tag","name":"Asset Tag"}},{"superops_field":{"id":"name","name":"Name"},"freshservice_field":{"id":"name","name":"Display Name"}}]}],"siteSeverityMapping":{"siteLocationMapping":[{"superops_site":"6027178066613911552","freshservice_location":30000039635}],"severityPriorityMapping":[{"superops_severity":"Low","freshservice_priority":1},{"superops_severity":"Critical","freshservice_priority":4}]},"ticketForm":{"subject":"Test ticket","planned_start_date":"","planned_end_date":"","planned_effort":"","impacted_locations":"","no_of_customers_impacted":"","unique_code":"","redington_ticket_id":"","description":"sample desc","business_impact":"","workspace_id":2,"status":2,"ticket_type":"","source":"","urgency":"","impact":"","group":"","department":"","category":"","major_incident_type":"","requester":"sivakumar@konnectify.co","requester_email":"","agent":""},"formattedTicketForm":{"subject":{"schema":"Test ticket","type":"string"},"description":{"schema":"sample desc","type":"string"},"workspace_id":{"schema":"2","type":"number"},"status":{"schema":"2","type":"number"},"email":{"schema":"sivakumar@konnectify.co","type":"string"}}},"isLocalAppInstalled":true,"isLocalAppEnabled":true},"superops_production:assetConnector_modules":{"newAssetId":"3020","updateAssetId":"3021","createdAt":1779777832955,"updatedAt":1779777832955},"superops_production:alertConnector_modules":{"alertCreatedConnectorId":"3022","alertResolvedConnectorId":"3023","resolveAlertOnTicketChangeConnectorId":"3024","webhookUrl":"https://skdemo.konnectifyapp.co/webhook/3105","createdAt":1779777837593,"updatedAt":1779777837593}}
2026-05-26 12:52:33.599 +0530 [debug] (request.js) Obtained creds 
2026-05-26 12:52:33.599 +0530 [debug] (data.js) Read {"report_hash":"164b6b376a3cd05500ae5d339dfa82b58fb0cf355e2ffc1a3429433c142392eb","supero_101_101_migrate_oauth_status":true,"supero_101_101_modules":{"supero_101_101_system_settings":{"currentHost":{"endpoint_urls":{"freshservice":"https://sivakumar.freshservice.com"},"subscribed_modules":["service_ticket"],"org_domain":"https://sivakumar-877416007896811476.myfreshworks.com","product_types":{"freshservice":"ITSM"},"itam_version":{"freshservice":"BASIC"}}},"supero_101_101_custom_iparams":{"__meta":{"secure":["app1_apikey"]},"domain":"skdemo","accessToken":"fGOnTMOApoEz3ag9dB3Vg+SvNGA/go4kBkcu5cO1LFw4qv9m7/Fyls3MvX8+dflize0NIWoIpu+7TovEsgSEyM609Uejca+XBNgjqeC0FdPMWKueFE5D47zSmWFwhDZfYveCfiktVWAmY4nrj1L46aV3xeFAaeFUeHFWCa9qGk4w2Zn6+HrgQYOvhHCpzF6bXVa8joFanHQmb01vPaAJpnVdAILZARS7a6k5gYul0a2A9RCDOkGsCZBpQEI85c3ArqKB1PjX7A3UD1a32ITqVWZE4v+4hRWrMt2demOn+EGVI/HllCEZwMi3wd4NkkS77L2fFCp+BdzAV81hybXmtmowJExtUD0I/U+PjK1QZnPxXtTHAVBUk++E+bSLCbQq5X0qthjGRXW03TuEVVllFndmMxsITF87LGyYx/WSZTg=","tenantToken":"eyJhbGciOiJSUzI1NiIsInR5cCI6IkpXVCJ9.eyJleHAiOjE4MjI5Nzc4MzEsImlhdCI6MTc3OTc3NzgzMSwib3JnSWQiOiI2NiIsImV4dGVybmFsVGVuYW50SWQiOiJzaXZhLWl0LXVzIiwiZXh0ZXJuYWxVc2VySWQiOiJEZWZhdWx0IHRlbmFudCB1c2VyIn0.Jkh9zPlKsFfU9PdSoU-OgoJsA3y0DvE4146Z20M3_dwD1u3H-_4AJFdRinB4zRgsAMTh4AOHuVsFNZX3rFat9J_hAO6WRiD_opNWAbP_tY2oiPp_o-PFsoqx9rs-qKV65-3maVGoKr41X5tjOLUHjwFevoLBhxy51LcvZiURDrU25h0BGfxCClEyV3xKVD-9rC3IrVkBVaTpr79vuXpAGx5NNlGbUlHbW1TrDvUuN4p9TRwoQfWEliMHOuZnfo7QXVX_fVad-Soay6QjK8qN-6_W_1WVDognMl7LHwThGUFyu6NwRCt_J3SmAvBFoOvatf61BSLotwWUQlclQTs0gA","tenantId":"781","adminEmail":"sivakumar@konnectify.co","adminPassword":"konnectify","freshserviceAppName":"Freshservice","freshserviceAppId":"freshservice-1.0.0","freshserviceDomain":"sivakumar.freshservice.com","freshserviceApikey":"ZHgKqHflrMs94pFikuiD","freshserviceConnectionId":"3039","freshserviceConnectionName":"Freshservice Connection - 2026-05-26T06:42:45.868Z","superopsAppName":"SuperOps IT","superopsAppId":"superopsit-1.0.0","superopsDomain":"siva-it-us","superopsConnectionId":"3040","superopsApikey":"api-eyJhbGciOiJSUzI1NiJ9.eyJqdGkiOiIxOTg3Mzk1MzkxNzUzMTU0NTYwIiwicmFuZG9taXplciI6Iu-_vUbvv73vv70877-977-9X--_ve-_vSJ9.m6JxYTLA3ETs3HRrRWbRqGTmOirwOtyESdy0shf476qwJJfkcDZIuMn-p1mmrbMjBuaCmBpXRm3illwFqJdN9Aw9kkVnQnMs3IgCNewXDxDqCtf4e3EDWaWNtGs5inDGoLRbsHa68Dp8hV8X1riObW3RpkzgkFeEgKf6EWLT4SatkCgM8JfNF1k2l_rrTwrpoTkC5wYatojeAmWhyrwqbMCWEe_sIuxVbclev5q1VcymcNYC6ylPNYJ3Pa6MR2FzJ1Y8e0hz66hgL_M3hi9mCUI0evv57VRsAD3uSSh06etHS5WqLvmDcKonKj2bXrpM0KQ3fO6lT4YNx_MGepb15g","superopsConnectionName":"Superops Connection - 2026-05-26T06:42:45.868Z","superopsAccountType":"it","superopsRegion":"us","sinceDate":"04-05-2026","isInEditConfig":"","assetMapping":[{"superops_asset_class":{"id":"23","name":"Domain Controller"},"freshservice_asset_type":{"id":"30000367000","name":"Application Gateway"},"field_mappings":[{"superops_field":{"id":"assetId","name":"Asset Id"},"freshservice_field":{"id":"asset_tag","name":"Asset Tag"}},{"superops_field":{"id":"name","name":"Name"},"freshservice_field":{"id":"name","name":"Display Name"}}]}],"siteSeverityMapping":{"siteLocationMapping":[{"superops_site":"6027178066613911552","freshservice_location":30000039635}],"severityPriorityMapping":[{"superops_severity":"Low","freshservice_priority":1},{"superops_severity":"Critical","freshservice_priority":4}]},"ticketForm":{"subject":"Test ticket","planned_start_date":"","planned_end_date":"","planned_effort":"","impacted_locations":"","no_of_customers_impacted":"","unique_code":"","redington_ticket_id":"","description":"sample desc","business_impact":"","workspace_id":2,"status":2,"ticket_type":"","source":"","urgency":"","impact":"","group":"","department":"","category":"","major_incident_type":"","requester":"sivakumar@konnectify.co","requester_email":"","agent":""},"formattedTicketForm":{"subject":{"schema":"Test ticket","type":"string"},"description":{"schema":"sample desc","type":"string"},"workspace_id":{"schema":"2","type":"number"},"status":{"schema":"2","type":"number"},"email":{"schema":"sivakumar@konnectify.co","type":"string"}}},"isLocalAppInstalled":true,"isLocalAppEnabled":true},"superops_production:assetConnector_modules":{"newAssetId":"3020","updateAssetId":"3021","createdAt":1779777832955,"updatedAt":1779777832955},"superops_production:alertConnector_modules":{"alertCreatedConnectorId":"3022","alertResolvedConnectorId":"3023","resolveAlertOnTicketChangeConnectorId":"3024","webhookUrl":"https://skdemo.konnectifyapp.co/webhook/3105","createdAt":1779777837593,"updatedAt":1779777837593}}
2026-05-26 12:52:33.600 +0530 [debug] (request.js) Making request with options as { method: 'POST',
  url: 'https://skdemo.konnectifyapp.co/admin/api/auth/login/service',
  headers: { 'Content-Type': 'application/json' },
  body: '{"email":"sivakumar@konnectify.co","password":"konnectify"}',
  maxAttempts: 1,
  retryDelay: 0,
  timeout: 15000 }
2026-05-26 12:52:34.737 +0530 [debug] (request.js) Looking for 'application/json' in application/json,application/xml,text/html,text/xml,application/jsonp,text/plain,application/javascript,application/vnd.api+json
2026-05-26 12:52:34.746 +0530 [debug] (data-pipe.js) received call for route "request" with action "execute" and body {"action":"execute","data":{"name":"getTenantToken","context":{"host":"skdemo","tenantId":"781","token":"jbOKqhtG0r8hKqng2o7CzXlPQ56omvosdmObUmtbUqVbdUWXeEXOWdTzA5bRHfUJ9yOd07Y9lboUr17C9PydgL0OH9xpT60FQiIM1CTc7unvpsROxkh2TchCJeuwTKBkWXoZIp++ABw9+UA4BCp0JrmtiLWHgoRNJQsVCJRUL7F44ou/O/knJWX2qNE8KesUFLz4310OBFVTkc+2MyOwQ5MuBdv7wlY1Uc7Z8b3zzJaqNC9Sb+S40tF9RdntaRZSmLMFBnsI650+DeQ1s172IRshIKUlj/Z2qjA4KlkTotj9GlYx3ICaGs9oBGWQfF6Pu5cbLaP57UByIjSd0csQ5Zz6SCbWgksw5IXtlCJ4OcN/DCk4o+DKTJzlZGEOXFpdi7KOzhrDq9EI22MuTsUIz9Xd3ONXgQMrD5pVWHDFxYE="},"isInstall":false,"isOAuth":true},"isInstall":false}
2026-05-26 12:52:34.746 +0530 [debug] (data.js) Read {"report_hash":"164b6b376a3cd05500ae5d339dfa82b58fb0cf355e2ffc1a3429433c142392eb","supero_101_101_migrate_oauth_status":true,"supero_101_101_modules":{"supero_101_101_system_settings":{"currentHost":{"endpoint_urls":{"freshservice":"https://sivakumar.freshservice.com"},"subscribed_modules":["service_ticket"],"org_domain":"https://sivakumar-877416007896811476.myfreshworks.com","product_types":{"freshservice":"ITSM"},"itam_version":{"freshservice":"BASIC"}}},"supero_101_101_custom_iparams":{"__meta":{"secure":["app1_apikey"]},"domain":"skdemo","accessToken":"fGOnTMOApoEz3ag9dB3Vg+SvNGA/go4kBkcu5cO1LFw4qv9m7/Fyls3MvX8+dflize0NIWoIpu+7TovEsgSEyM609Uejca+XBNgjqeC0FdPMWKueFE5D47zSmWFwhDZfYveCfiktVWAmY4nrj1L46aV3xeFAaeFUeHFWCa9qGk4w2Zn6+HrgQYOvhHCpzF6bXVa8joFanHQmb01vPaAJpnVdAILZARS7a6k5gYul0a2A9RCDOkGsCZBpQEI85c3ArqKB1PjX7A3UD1a32ITqVWZE4v+4hRWrMt2demOn+EGVI/HllCEZwMi3wd4NkkS77L2fFCp+BdzAV81hybXmtmowJExtUD0I/U+PjK1QZnPxXtTHAVBUk++E+bSLCbQq5X0qthjGRXW03TuEVVllFndmMxsITF87LGyYx/WSZTg=","tenantToken":"eyJhbGciOiJSUzI1NiIsInR5cCI6IkpXVCJ9.eyJleHAiOjE4MjI5Nzc4MzEsImlhdCI6MTc3OTc3NzgzMSwib3JnSWQiOiI2NiIsImV4dGVybmFsVGVuYW50SWQiOiJzaXZhLWl0LXVzIiwiZXh0ZXJuYWxVc2VySWQiOiJEZWZhdWx0IHRlbmFudCB1c2VyIn0.Jkh9zPlKsFfU9PdSoU-OgoJsA3y0DvE4146Z20M3_dwD1u3H-_4AJFdRinB4zRgsAMTh4AOHuVsFNZX3rFat9J_hAO6WRiD_opNWAbP_tY2oiPp_o-PFsoqx9rs-qKV65-3maVGoKr41X5tjOLUHjwFevoLBhxy51LcvZiURDrU25h0BGfxCClEyV3xKVD-9rC3IrVkBVaTpr79vuXpAGx5NNlGbUlHbW1TrDvUuN4p9TRwoQfWEliMHOuZnfo7QXVX_fVad-Soay6QjK8qN-6_W_1WVDognMl7LHwThGUFyu6NwRCt_J3SmAvBFoOvatf61BSLotwWUQlclQTs0gA","tenantId":"781","adminEmail":"sivakumar@konnectify.co","adminPassword":"konnectify","freshserviceAppName":"Freshservice","freshserviceAppId":"freshservice-1.0.0","freshserviceDomain":"sivakumar.freshservice.com","freshserviceApikey":"ZHgKqHflrMs94pFikuiD","freshserviceConnectionId":"3039","freshserviceConnectionName":"Freshservice Connection - 2026-05-26T06:42:45.868Z","superopsAppName":"SuperOps IT","superopsAppId":"superopsit-1.0.0","superopsDomain":"siva-it-us","superopsConnectionId":"3040","superopsApikey":"api-eyJhbGciOiJSUzI1NiJ9.eyJqdGkiOiIxOTg3Mzk1MzkxNzUzMTU0NTYwIiwicmFuZG9taXplciI6Iu-_vUbvv73vv70877-977-9X--_ve-_vSJ9.m6JxYTLA3ETs3HRrRWbRqGTmOirwOtyESdy0shf476qwJJfkcDZIuMn-p1mmrbMjBuaCmBpXRm3illwFqJdN9Aw9kkVnQnMs3IgCNewXDxDqCtf4e3EDWaWNtGs5inDGoLRbsHa68Dp8hV8X1riObW3RpkzgkFeEgKf6EWLT4SatkCgM8JfNF1k2l_rrTwrpoTkC5wYatojeAmWhyrwqbMCWEe_sIuxVbclev5q1VcymcNYC6ylPNYJ3Pa6MR2FzJ1Y8e0hz66hgL_M3hi9mCUI0evv57VRsAD3uSSh06etHS5WqLvmDcKonKj2bXrpM0KQ3fO6lT4YNx_MGepb15g","superopsConnectionName":"Superops Connection - 2026-05-26T06:42:45.868Z","superopsAccountType":"it","superopsRegion":"us","sinceDate":"04-05-2026","isInEditConfig":"","assetMapping":[{"superops_asset_class":{"id":"23","name":"Domain Controller"},"freshservice_asset_type":{"id":"30000367000","name":"Application Gateway"},"field_mappings":[{"superops_field":{"id":"assetId","name":"Asset Id"},"freshservice_field":{"id":"asset_tag","name":"Asset Tag"}},{"superops_field":{"id":"name","name":"Name"},"freshservice_field":{"id":"name","name":"Display Name"}}]}],"siteSeverityMapping":{"siteLocationMapping":[{"superops_site":"6027178066613911552","freshservice_location":30000039635}],"severityPriorityMapping":[{"superops_severity":"Low","freshservice_priority":1},{"superops_severity":"Critical","freshservice_priority":4}]},"ticketForm":{"subject":"Test ticket","planned_start_date":"","planned_end_date":"","planned_effort":"","impacted_locations":"","no_of_customers_impacted":"","unique_code":"","redington_ticket_id":"","description":"sample desc","business_impact":"","workspace_id":2,"status":2,"ticket_type":"","source":"","urgency":"","impact":"","group":"","department":"","category":"","major_incident_type":"","requester":"sivakumar@konnectify.co","requester_email":"","agent":""},"formattedTicketForm":{"subject":{"schema":"Test ticket","type":"string"},"description":{"schema":"sample desc","type":"string"},"workspace_id":{"schema":"2","type":"number"},"status":{"schema":"2","type":"number"},"email":{"schema":"sivakumar@konnectify.co","type":"string"}}},"isLocalAppInstalled":true,"isLocalAppEnabled":true},"superops_production:assetConnector_modules":{"newAssetId":"3020","updateAssetId":"3021","createdAt":1779777832955,"updatedAt":1779777832955},"superops_production:alertConnector_modules":{"alertCreatedConnectorId":"3022","alertResolvedConnectorId":"3023","resolveAlertOnTicketChangeConnectorId":"3024","webhookUrl":"https://skdemo.konnectifyapp.co/webhook/3105","createdAt":1779777837593,"updatedAt":1779777837593}}
2026-05-26 12:52:34.747 +0530 [debug] (http.js) Failed to parse URL: https://<%= context.host %>.konnectifyapp.co, error: Invalid URL
2026-05-26 12:52:34.747 +0530 [debug] (request.js) Checking request template for multi-oauth app
2026-05-26 12:52:34.747 +0530 [debug] (data.js) Read {"report_hash":"164b6b376a3cd05500ae5d339dfa82b58fb0cf355e2ffc1a3429433c142392eb","supero_101_101_migrate_oauth_status":true,"supero_101_101_modules":{"supero_101_101_system_settings":{"currentHost":{"endpoint_urls":{"freshservice":"https://sivakumar.freshservice.com"},"subscribed_modules":["service_ticket"],"org_domain":"https://sivakumar-877416007896811476.myfreshworks.com","product_types":{"freshservice":"ITSM"},"itam_version":{"freshservice":"BASIC"}}},"supero_101_101_custom_iparams":{"__meta":{"secure":["app1_apikey"]},"domain":"skdemo","accessToken":"fGOnTMOApoEz3ag9dB3Vg+SvNGA/go4kBkcu5cO1LFw4qv9m7/Fyls3MvX8+dflize0NIWoIpu+7TovEsgSEyM609Uejca+XBNgjqeC0FdPMWKueFE5D47zSmWFwhDZfYveCfiktVWAmY4nrj1L46aV3xeFAaeFUeHFWCa9qGk4w2Zn6+HrgQYOvhHCpzF6bXVa8joFanHQmb01vPaAJpnVdAILZARS7a6k5gYul0a2A9RCDOkGsCZBpQEI85c3ArqKB1PjX7A3UD1a32ITqVWZE4v+4hRWrMt2demOn+EGVI/HllCEZwMi3wd4NkkS77L2fFCp+BdzAV81hybXmtmowJExtUD0I/U+PjK1QZnPxXtTHAVBUk++E+bSLCbQq5X0qthjGRXW03TuEVVllFndmMxsITF87LGyYx/WSZTg=","tenantToken":"eyJhbGciOiJSUzI1NiIsInR5cCI6IkpXVCJ9.eyJleHAiOjE4MjI5Nzc4MzEsImlhdCI6MTc3OTc3NzgzMSwib3JnSWQiOiI2NiIsImV4dGVybmFsVGVuYW50SWQiOiJzaXZhLWl0LXVzIiwiZXh0ZXJuYWxVc2VySWQiOiJEZWZhdWx0IHRlbmFudCB1c2VyIn0.Jkh9zPlKsFfU9PdSoU-OgoJsA3y0DvE4146Z20M3_dwD1u3H-_4AJFdRinB4zRgsAMTh4AOHuVsFNZX3rFat9J_hAO6WRiD_opNWAbP_tY2oiPp_o-PFsoqx9rs-qKV65-3maVGoKr41X5tjOLUHjwFevoLBhxy51LcvZiURDrU25h0BGfxCClEyV3xKVD-9rC3IrVkBVaTpr79vuXpAGx5NNlGbUlHbW1TrDvUuN4p9TRwoQfWEliMHOuZnfo7QXVX_fVad-Soay6QjK8qN-6_W_1WVDognMl7LHwThGUFyu6NwRCt_J3SmAvBFoOvatf61BSLotwWUQlclQTs0gA","tenantId":"781","adminEmail":"sivakumar@konnectify.co","adminPassword":"konnectify","freshserviceAppName":"Freshservice","freshserviceAppId":"freshservice-1.0.0","freshserviceDomain":"sivakumar.freshservice.com","freshserviceApikey":"ZHgKqHflrMs94pFikuiD","freshserviceConnectionId":"3039","freshserviceConnectionName":"Freshservice Connection - 2026-05-26T06:42:45.868Z","superopsAppName":"SuperOps IT","superopsAppId":"superopsit-1.0.0","superopsDomain":"siva-it-us","superopsConnectionId":"3040","superopsApikey":"api-eyJhbGciOiJSUzI1NiJ9.eyJqdGkiOiIxOTg3Mzk1MzkxNzUzMTU0NTYwIiwicmFuZG9taXplciI6Iu-_vUbvv73vv70877-977-9X--_ve-_vSJ9.m6JxYTLA3ETs3HRrRWbRqGTmOirwOtyESdy0shf476qwJJfkcDZIuMn-p1mmrbMjBuaCmBpXRm3illwFqJdN9Aw9kkVnQnMs3IgCNewXDxDqCtf4e3EDWaWNtGs5inDGoLRbsHa68Dp8hV8X1riObW3RpkzgkFeEgKf6EWLT4SatkCgM8JfNF1k2l_rrTwrpoTkC5wYatojeAmWhyrwqbMCWEe_sIuxVbclev5q1VcymcNYC6ylPNYJ3Pa6MR2FzJ1Y8e0hz66hgL_M3hi9mCUI0evv57VRsAD3uSSh06etHS5WqLvmDcKonKj2bXrpM0KQ3fO6lT4YNx_MGepb15g","superopsConnectionName":"Superops Connection - 2026-05-26T06:42:45.868Z","superopsAccountType":"it","superopsRegion":"us","sinceDate":"04-05-2026","isInEditConfig":"","assetMapping":[{"superops_asset_class":{"id":"23","name":"Domain Controller"},"freshservice_asset_type":{"id":"30000367000","name":"Application Gateway"},"field_mappings":[{"superops_field":{"id":"assetId","name":"Asset Id"},"freshservice_field":{"id":"asset_tag","name":"Asset Tag"}},{"superops_field":{"id":"name","name":"Name"},"freshservice_field":{"id":"name","name":"Display Name"}}]}],"siteSeverityMapping":{"siteLocationMapping":[{"superops_site":"6027178066613911552","freshservice_location":30000039635}],"severityPriorityMapping":[{"superops_severity":"Low","freshservice_priority":1},{"superops_severity":"Critical","freshservice_priority":4}]},"ticketForm":{"subject":"Test ticket","planned_start_date":"","planned_end_date":"","planned_effort":"","impacted_locations":"","no_of_customers_impacted":"","unique_code":"","redington_ticket_id":"","description":"sample desc","business_impact":"","workspace_id":2,"status":2,"ticket_type":"","source":"","urgency":"","impact":"","group":"","department":"","category":"","major_incident_type":"","requester":"sivakumar@konnectify.co","requester_email":"","agent":""},"formattedTicketForm":{"subject":{"schema":"Test ticket","type":"string"},"description":{"schema":"sample desc","type":"string"},"workspace_id":{"schema":"2","type":"number"},"status":{"schema":"2","type":"number"},"email":{"schema":"sivakumar@konnectify.co","type":"string"}}},"isLocalAppInstalled":true,"isLocalAppEnabled":true},"superops_production:assetConnector_modules":{"newAssetId":"3020","updateAssetId":"3021","createdAt":1779777832955,"updatedAt":1779777832955},"superops_production:alertConnector_modules":{"alertCreatedConnectorId":"3022","alertResolvedConnectorId":"3023","resolveAlertOnTicketChangeConnectorId":"3024","webhookUrl":"https://skdemo.konnectifyapp.co/webhook/3105","createdAt":1779777837593,"updatedAt":1779777837593}}
2026-05-26 12:52:34.747 +0530 [debug] (data.js) Read {"report_hash":"164b6b376a3cd05500ae5d339dfa82b58fb0cf355e2ffc1a3429433c142392eb","supero_101_101_migrate_oauth_status":true,"supero_101_101_modules":{"supero_101_101_system_settings":{"currentHost":{"endpoint_urls":{"freshservice":"https://sivakumar.freshservice.com"},"subscribed_modules":["service_ticket"],"org_domain":"https://sivakumar-877416007896811476.myfreshworks.com","product_types":{"freshservice":"ITSM"},"itam_version":{"freshservice":"BASIC"}}},"supero_101_101_custom_iparams":{"__meta":{"secure":["app1_apikey"]},"domain":"skdemo","accessToken":"fGOnTMOApoEz3ag9dB3Vg+SvNGA/go4kBkcu5cO1LFw4qv9m7/Fyls3MvX8+dflize0NIWoIpu+7TovEsgSEyM609Uejca+XBNgjqeC0FdPMWKueFE5D47zSmWFwhDZfYveCfiktVWAmY4nrj1L46aV3xeFAaeFUeHFWCa9qGk4w2Zn6+HrgQYOvhHCpzF6bXVa8joFanHQmb01vPaAJpnVdAILZARS7a6k5gYul0a2A9RCDOkGsCZBpQEI85c3ArqKB1PjX7A3UD1a32ITqVWZE4v+4hRWrMt2demOn+EGVI/HllCEZwMi3wd4NkkS77L2fFCp+BdzAV81hybXmtmowJExtUD0I/U+PjK1QZnPxXtTHAVBUk++E+bSLCbQq5X0qthjGRXW03TuEVVllFndmMxsITF87LGyYx/WSZTg=","tenantToken":"eyJhbGciOiJSUzI1NiIsInR5cCI6IkpXVCJ9.eyJleHAiOjE4MjI5Nzc4MzEsImlhdCI6MTc3OTc3NzgzMSwib3JnSWQiOiI2NiIsImV4dGVybmFsVGVuYW50SWQiOiJzaXZhLWl0LXVzIiwiZXh0ZXJuYWxVc2VySWQiOiJEZWZhdWx0IHRlbmFudCB1c2VyIn0.Jkh9zPlKsFfU9PdSoU-OgoJsA3y0DvE4146Z20M3_dwD1u3H-_4AJFdRinB4zRgsAMTh4AOHuVsFNZX3rFat9J_hAO6WRiD_opNWAbP_tY2oiPp_o-PFsoqx9rs-qKV65-3maVGoKr41X5tjOLUHjwFevoLBhxy51LcvZiURDrU25h0BGfxCClEyV3xKVD-9rC3IrVkBVaTpr79vuXpAGx5NNlGbUlHbW1TrDvUuN4p9TRwoQfWEliMHOuZnfo7QXVX_fVad-Soay6QjK8qN-6_W_1WVDognMl7LHwThGUFyu6NwRCt_J3SmAvBFoOvatf61BSLotwWUQlclQTs0gA","tenantId":"781","adminEmail":"sivakumar@konnectify.co","adminPassword":"konnectify","freshserviceAppName":"Freshservice","freshserviceAppId":"freshservice-1.0.0","freshserviceDomain":"sivakumar.freshservice.com","freshserviceApikey":"ZHgKqHflrMs94pFikuiD","freshserviceConnectionId":"3039","freshserviceConnectionName":"Freshservice Connection - 2026-05-26T06:42:45.868Z","superopsAppName":"SuperOps IT","superopsAppId":"superopsit-1.0.0","superopsDomain":"siva-it-us","superopsConnectionId":"3040","superopsApikey":"api-eyJhbGciOiJSUzI1NiJ9.eyJqdGkiOiIxOTg3Mzk1MzkxNzUzMTU0NTYwIiwicmFuZG9taXplciI6Iu-_vUbvv73vv70877-977-9X--_ve-_vSJ9.m6JxYTLA3ETs3HRrRWbRqGTmOirwOtyESdy0shf476qwJJfkcDZIuMn-p1mmrbMjBuaCmBpXRm3illwFqJdN9Aw9kkVnQnMs3IgCNewXDxDqCtf4e3EDWaWNtGs5inDGoLRbsHa68Dp8hV8X1riObW3RpkzgkFeEgKf6EWLT4SatkCgM8JfNF1k2l_rrTwrpoTkC5wYatojeAmWhyrwqbMCWEe_sIuxVbclev5q1VcymcNYC6ylPNYJ3Pa6MR2FzJ1Y8e0hz66hgL_M3hi9mCUI0evv57VRsAD3uSSh06etHS5WqLvmDcKonKj2bXrpM0KQ3fO6lT4YNx_MGepb15g","superopsConnectionName":"Superops Connection - 2026-05-26T06:42:45.868Z","superopsAccountType":"it","superopsRegion":"us","sinceDate":"04-05-2026","isInEditConfig":"","assetMapping":[{"superops_asset_class":{"id":"23","name":"Domain Controller"},"freshservice_asset_type":{"id":"30000367000","name":"Application Gateway"},"field_mappings":[{"superops_field":{"id":"assetId","name":"Asset Id"},"freshservice_field":{"id":"asset_tag","name":"Asset Tag"}},{"superops_field":{"id":"name","name":"Name"},"freshservice_field":{"id":"name","name":"Display Name"}}]}],"siteSeverityMapping":{"siteLocationMapping":[{"superops_site":"6027178066613911552","freshservice_location":30000039635}],"severityPriorityMapping":[{"superops_severity":"Low","freshservice_priority":1},{"superops_severity":"Critical","freshservice_priority":4}]},"ticketForm":{"subject":"Test ticket","planned_start_date":"","planned_end_date":"","planned_effort":"","impacted_locations":"","no_of_customers_impacted":"","unique_code":"","redington_ticket_id":"","description":"sample desc","business_impact":"","workspace_id":2,"status":2,"ticket_type":"","source":"","urgency":"","impact":"","group":"","department":"","category":"","major_incident_type":"","requester":"sivakumar@konnectify.co","requester_email":"","agent":""},"formattedTicketForm":{"subject":{"schema":"Test ticket","type":"string"},"description":{"schema":"sample desc","type":"string"},"workspace_id":{"schema":"2","type":"number"},"status":{"schema":"2","type":"number"},"email":{"schema":"sivakumar@konnectify.co","type":"string"}}},"isLocalAppInstalled":true,"isLocalAppEnabled":true},"superops_production:assetConnector_modules":{"newAssetId":"3020","updateAssetId":"3021","createdAt":1779777832955,"updatedAt":1779777832955},"superops_production:alertConnector_modules":{"alertCreatedConnectorId":"3022","alertResolvedConnectorId":"3023","resolveAlertOnTicketChangeConnectorId":"3024","webhookUrl":"https://skdemo.konnectifyapp.co/webhook/3105","createdAt":1779777837593,"updatedAt":1779777837593}}
2026-05-26 12:52:34.747 +0530 [debug] (data.js) Read {"report_hash":"164b6b376a3cd05500ae5d339dfa82b58fb0cf355e2ffc1a3429433c142392eb","supero_101_101_migrate_oauth_status":true,"supero_101_101_modules":{"supero_101_101_system_settings":{"currentHost":{"endpoint_urls":{"freshservice":"https://sivakumar.freshservice.com"},"subscribed_modules":["service_ticket"],"org_domain":"https://sivakumar-877416007896811476.myfreshworks.com","product_types":{"freshservice":"ITSM"},"itam_version":{"freshservice":"BASIC"}}},"supero_101_101_custom_iparams":{"__meta":{"secure":["app1_apikey"]},"domain":"skdemo","accessToken":"fGOnTMOApoEz3ag9dB3Vg+SvNGA/go4kBkcu5cO1LFw4qv9m7/Fyls3MvX8+dflize0NIWoIpu+7TovEsgSEyM609Uejca+XBNgjqeC0FdPMWKueFE5D47zSmWFwhDZfYveCfiktVWAmY4nrj1L46aV3xeFAaeFUeHFWCa9qGk4w2Zn6+HrgQYOvhHCpzF6bXVa8joFanHQmb01vPaAJpnVdAILZARS7a6k5gYul0a2A9RCDOkGsCZBpQEI85c3ArqKB1PjX7A3UD1a32ITqVWZE4v+4hRWrMt2demOn+EGVI/HllCEZwMi3wd4NkkS77L2fFCp+BdzAV81hybXmtmowJExtUD0I/U+PjK1QZnPxXtTHAVBUk++E+bSLCbQq5X0qthjGRXW03TuEVVllFndmMxsITF87LGyYx/WSZTg=","tenantToken":"eyJhbGciOiJSUzI1NiIsInR5cCI6IkpXVCJ9.eyJleHAiOjE4MjI5Nzc4MzEsImlhdCI6MTc3OTc3NzgzMSwib3JnSWQiOiI2NiIsImV4dGVybmFsVGVuYW50SWQiOiJzaXZhLWl0LXVzIiwiZXh0ZXJuYWxVc2VySWQiOiJEZWZhdWx0IHRlbmFudCB1c2VyIn0.Jkh9zPlKsFfU9PdSoU-OgoJsA3y0DvE4146Z20M3_dwD1u3H-_4AJFdRinB4zRgsAMTh4AOHuVsFNZX3rFat9J_hAO6WRiD_opNWAbP_tY2oiPp_o-PFsoqx9rs-qKV65-3maVGoKr41X5tjOLUHjwFevoLBhxy51LcvZiURDrU25h0BGfxCClEyV3xKVD-9rC3IrVkBVaTpr79vuXpAGx5NNlGbUlHbW1TrDvUuN4p9TRwoQfWEliMHOuZnfo7QXVX_fVad-Soay6QjK8qN-6_W_1WVDognMl7LHwThGUFyu6NwRCt_J3SmAvBFoOvatf61BSLotwWUQlclQTs0gA","tenantId":"781","adminEmail":"sivakumar@konnectify.co","adminPassword":"konnectify","freshserviceAppName":"Freshservice","freshserviceAppId":"freshservice-1.0.0","freshserviceDomain":"sivakumar.freshservice.com","freshserviceApikey":"ZHgKqHflrMs94pFikuiD","freshserviceConnectionId":"3039","freshserviceConnectionName":"Freshservice Connection - 2026-05-26T06:42:45.868Z","superopsAppName":"SuperOps IT","superopsAppId":"superopsit-1.0.0","superopsDomain":"siva-it-us","superopsConnectionId":"3040","superopsApikey":"api-eyJhbGciOiJSUzI1NiJ9.eyJqdGkiOiIxOTg3Mzk1MzkxNzUzMTU0NTYwIiwicmFuZG9taXplciI6Iu-_vUbvv73vv70877-977-9X--_ve-_vSJ9.m6JxYTLA3ETs3HRrRWbRqGTmOirwOtyESdy0shf476qwJJfkcDZIuMn-p1mmrbMjBuaCmBpXRm3illwFqJdN9Aw9kkVnQnMs3IgCNewXDxDqCtf4e3EDWaWNtGs5inDGoLRbsHa68Dp8hV8X1riObW3RpkzgkFeEgKf6EWLT4SatkCgM8JfNF1k2l_rrTwrpoTkC5wYatojeAmWhyrwqbMCWEe_sIuxVbclev5q1VcymcNYC6ylPNYJ3Pa6MR2FzJ1Y8e0hz66hgL_M3hi9mCUI0evv57VRsAD3uSSh06etHS5WqLvmDcKonKj2bXrpM0KQ3fO6lT4YNx_MGepb15g","superopsConnectionName":"Superops Connection - 2026-05-26T06:42:45.868Z","superopsAccountType":"it","superopsRegion":"us","sinceDate":"04-05-2026","isInEditConfig":"","assetMapping":[{"superops_asset_class":{"id":"23","name":"Domain Controller"},"freshservice_asset_type":{"id":"30000367000","name":"Application Gateway"},"field_mappings":[{"superops_field":{"id":"assetId","name":"Asset Id"},"freshservice_field":{"id":"asset_tag","name":"Asset Tag"}},{"superops_field":{"id":"name","name":"Name"},"freshservice_field":{"id":"name","name":"Display Name"}}]}],"siteSeverityMapping":{"siteLocationMapping":[{"superops_site":"6027178066613911552","freshservice_location":30000039635}],"severityPriorityMapping":[{"superops_severity":"Low","freshservice_priority":1},{"superops_severity":"Critical","freshservice_priority":4}]},"ticketForm":{"subject":"Test ticket","planned_start_date":"","planned_end_date":"","planned_effort":"","impacted_locations":"","no_of_customers_impacted":"","unique_code":"","redington_ticket_id":"","description":"sample desc","business_impact":"","workspace_id":2,"status":2,"ticket_type":"","source":"","urgency":"","impact":"","group":"","department":"","category":"","major_incident_type":"","requester":"sivakumar@konnectify.co","requester_email":"","agent":""},"formattedTicketForm":{"subject":{"schema":"Test ticket","type":"string"},"description":{"schema":"sample desc","type":"string"},"workspace_id":{"schema":"2","type":"number"},"status":{"schema":"2","type":"number"},"email":{"schema":"sivakumar@konnectify.co","type":"string"}}},"isLocalAppInstalled":true,"isLocalAppEnabled":true},"superops_production:assetConnector_modules":{"newAssetId":"3020","updateAssetId":"3021","createdAt":1779777832955,"updatedAt":1779777832955},"superops_production:alertConnector_modules":{"alertCreatedConnectorId":"3022","alertResolvedConnectorId":"3023","resolveAlertOnTicketChangeConnectorId":"3024","webhookUrl":"https://skdemo.konnectifyapp.co/webhook/3105","createdAt":1779777837593,"updatedAt":1779777837593}}
2026-05-26 12:52:34.748 +0530 [debug] (request.js) Obtained creds 
2026-05-26 12:52:34.748 +0530 [debug] (data.js) Read {"report_hash":"164b6b376a3cd05500ae5d339dfa82b58fb0cf355e2ffc1a3429433c142392eb","supero_101_101_migrate_oauth_status":true,"supero_101_101_modules":{"supero_101_101_system_settings":{"currentHost":{"endpoint_urls":{"freshservice":"https://sivakumar.freshservice.com"},"subscribed_modules":["service_ticket"],"org_domain":"https://sivakumar-877416007896811476.myfreshworks.com","product_types":{"freshservice":"ITSM"},"itam_version":{"freshservice":"BASIC"}}},"supero_101_101_custom_iparams":{"__meta":{"secure":["app1_apikey"]},"domain":"skdemo","accessToken":"fGOnTMOApoEz3ag9dB3Vg+SvNGA/go4kBkcu5cO1LFw4qv9m7/Fyls3MvX8+dflize0NIWoIpu+7TovEsgSEyM609Uejca+XBNgjqeC0FdPMWKueFE5D47zSmWFwhDZfYveCfiktVWAmY4nrj1L46aV3xeFAaeFUeHFWCa9qGk4w2Zn6+HrgQYOvhHCpzF6bXVa8joFanHQmb01vPaAJpnVdAILZARS7a6k5gYul0a2A9RCDOkGsCZBpQEI85c3ArqKB1PjX7A3UD1a32ITqVWZE4v+4hRWrMt2demOn+EGVI/HllCEZwMi3wd4NkkS77L2fFCp+BdzAV81hybXmtmowJExtUD0I/U+PjK1QZnPxXtTHAVBUk++E+bSLCbQq5X0qthjGRXW03TuEVVllFndmMxsITF87LGyYx/WSZTg=","tenantToken":"eyJhbGciOiJSUzI1NiIsInR5cCI6IkpXVCJ9.eyJleHAiOjE4MjI5Nzc4MzEsImlhdCI6MTc3OTc3NzgzMSwib3JnSWQiOiI2NiIsImV4dGVybmFsVGVuYW50SWQiOiJzaXZhLWl0LXVzIiwiZXh0ZXJuYWxVc2VySWQiOiJEZWZhdWx0IHRlbmFudCB1c2VyIn0.Jkh9zPlKsFfU9PdSoU-OgoJsA3y0DvE4146Z20M3_dwD1u3H-_4AJFdRinB4zRgsAMTh4AOHuVsFNZX3rFat9J_hAO6WRiD_opNWAbP_tY2oiPp_o-PFsoqx9rs-qKV65-3maVGoKr41X5tjOLUHjwFevoLBhxy51LcvZiURDrU25h0BGfxCClEyV3xKVD-9rC3IrVkBVaTpr79vuXpAGx5NNlGbUlHbW1TrDvUuN4p9TRwoQfWEliMHOuZnfo7QXVX_fVad-Soay6QjK8qN-6_W_1WVDognMl7LHwThGUFyu6NwRCt_J3SmAvBFoOvatf61BSLotwWUQlclQTs0gA","tenantId":"781","adminEmail":"sivakumar@konnectify.co","adminPassword":"konnectify","freshserviceAppName":"Freshservice","freshserviceAppId":"freshservice-1.0.0","freshserviceDomain":"sivakumar.freshservice.com","freshserviceApikey":"ZHgKqHflrMs94pFikuiD","freshserviceConnectionId":"3039","freshserviceConnectionName":"Freshservice Connection - 2026-05-26T06:42:45.868Z","superopsAppName":"SuperOps IT","superopsAppId":"superopsit-1.0.0","superopsDomain":"siva-it-us","superopsConnectionId":"3040","superopsApikey":"api-eyJhbGciOiJSUzI1NiJ9.eyJqdGkiOiIxOTg3Mzk1MzkxNzUzMTU0NTYwIiwicmFuZG9taXplciI6Iu-_vUbvv73vv70877-977-9X--_ve-_vSJ9.m6JxYTLA3ETs3HRrRWbRqGTmOirwOtyESdy0shf476qwJJfkcDZIuMn-p1mmrbMjBuaCmBpXRm3illwFqJdN9Aw9kkVnQnMs3IgCNewXDxDqCtf4e3EDWaWNtGs5inDGoLRbsHa68Dp8hV8X1riObW3RpkzgkFeEgKf6EWLT4SatkCgM8JfNF1k2l_rrTwrpoTkC5wYatojeAmWhyrwqbMCWEe_sIuxVbclev5q1VcymcNYC6ylPNYJ3Pa6MR2FzJ1Y8e0hz66hgL_M3hi9mCUI0evv57VRsAD3uSSh06etHS5WqLvmDcKonKj2bXrpM0KQ3fO6lT4YNx_MGepb15g","superopsConnectionName":"Superops Connection - 2026-05-26T06:42:45.868Z","superopsAccountType":"it","superopsRegion":"us","sinceDate":"04-05-2026","isInEditConfig":"","assetMapping":[{"superops_asset_class":{"id":"23","name":"Domain Controller"},"freshservice_asset_type":{"id":"30000367000","name":"Application Gateway"},"field_mappings":[{"superops_field":{"id":"assetId","name":"Asset Id"},"freshservice_field":{"id":"asset_tag","name":"Asset Tag"}},{"superops_field":{"id":"name","name":"Name"},"freshservice_field":{"id":"name","name":"Display Name"}}]}],"siteSeverityMapping":{"siteLocationMapping":[{"superops_site":"6027178066613911552","freshservice_location":30000039635}],"severityPriorityMapping":[{"superops_severity":"Low","freshservice_priority":1},{"superops_severity":"Critical","freshservice_priority":4}]},"ticketForm":{"subject":"Test ticket","planned_start_date":"","planned_end_date":"","planned_effort":"","impacted_locations":"","no_of_customers_impacted":"","unique_code":"","redington_ticket_id":"","description":"sample desc","business_impact":"","workspace_id":2,"status":2,"ticket_type":"","source":"","urgency":"","impact":"","group":"","department":"","category":"","major_incident_type":"","requester":"sivakumar@konnectify.co","requester_email":"","agent":""},"formattedTicketForm":{"subject":{"schema":"Test ticket","type":"string"},"description":{"schema":"sample desc","type":"string"},"workspace_id":{"schema":"2","type":"number"},"status":{"schema":"2","type":"number"},"email":{"schema":"sivakumar@konnectify.co","type":"string"}}},"isLocalAppInstalled":true,"isLocalAppEnabled":true},"superops_production:assetConnector_modules":{"newAssetId":"3020","updateAssetId":"3021","createdAt":1779777832955,"updatedAt":1779777832955},"superops_production:alertConnector_modules":{"alertCreatedConnectorId":"3022","alertResolvedConnectorId":"3023","resolveAlertOnTicketChangeConnectorId":"3024","webhookUrl":"https://skdemo.konnectifyapp.co/webhook/3105","createdAt":1779777837593,"updatedAt":1779777837593}}
2026-05-26 12:52:34.749 +0530 [debug] (request.js) Making request with options as { method: 'GET',
  url: 'https://skdemo.konnectifyapp.co/admin/api/tenants/token?id=781',
  headers:
   { 'Content-Type': 'application/json',
     Authorization:
      'Bearer jbOKqhtG0r8hKqng2o7CzXlPQ56omvosdmObUmtbUqVbdUWXeEXOWdTzA5bRHfUJ9yOd07Y9lboUr17C9PydgL0OH9xpT60FQiIM1CTc7unvpsROxkh2TchCJeuwTKBkWXoZIp++ABw9+UA4BCp0JrmtiLWHgoRNJQsVCJRUL7F44ou/O/knJWX2qNE8KesUF'... 235 more characters },
  body: null,
  maxAttempts: 1,
  retryDelay: 0,
  timeout: 15000 }
2026-05-26 12:52:35.334 +0530 [debug] (request.js) Looking for 'application/json' in application/json,application/xml,text/html,text/xml,application/jsonp,text/plain,application/javascript,application/vnd.api+json
2026-05-26 12:52:35.344 +0530 [debug] (data-pipe.js) received call for route "smi" with action "invoke" and body {"action":"invoke","methodName":"updateKonnector","methodParams":{"isInstallationPhase":true,"tenantId":"781","accessToken":"jbOKqhtG0r8hKqng2o7CzXlPQ56omvosdmObUmtbUqVbdUWXeEXOWdTzA5bRHfUJ9yOd07Y9lboUr17C9PydgL0OH9xpT60FQiIM1CTc7unvpsROxkh2TchCJeuwTKBkWXoZIp++ABw9+UA4BCp0JrmtiLWHgoRNJQsVCJRUL7F44ou/O/knJWX2qNE8KesUFLz4310OBFVTkc+2MyOwQ5MuBdv7wlY1Uc7Z8b3zzJaqNC9Sb+S40tF9RdntaRZSmLMFBnsI650+DeQ1s172IRshIKUlj/Z2qjA4KlkTotj9GlYx3ICaGs9oBGWQfF6Pu5cbLaP57UByIjSd0csQ5Zz6SCbWgksw5IXtlCJ4OcN/DCk4o+DKTJzlZGEOXFpdi7KOzhrDq9EI22MuTsUIz9Xd3ONXgQMrD5pVWHDFxYE=","soDomain":"skdemo","since":"04-05-2026","assetMapping":[{"superops_asset_class":{"id":"23","name":"Domain Controller"},"freshservice_asset_type":{"id":"30000367000","name":"Application Gateway"},"field_mappings":[{"superops_field":{"id":"assetId","name":"Asset Id"},"freshservice_field":{"id":"asset_tag","name":"Asset Tag"}},{"superops_field":{"id":"name","name":"Name"},"freshservice_field":{"id":"name","name":"Display Name"}}]}],"freshserviceAppName":"Freshservice","freshserviceAppId":"freshservice-1.0.0","superopsAppId":"superopsit-1.0.0","superopsAppName":"SuperOps IT","freshserviceConnectionName":"Freshservice Connection - 2026-05-26T06:42:45.868Z","freshserviceConnectionId":"3039","superopsConnectionId":"3040","superopsConnectionName":"Superops Connection - 2026-05-26T06:42:45.868Z","siteSeverityMapping":{"siteLocationMapping":[{"superops_site":"6027178066613911552","freshservice_location":30000039635}],"severityPriorityMapping":[{"superops_severity":"Low","freshservice_priority":1},{"superops_severity":"Critical","freshservice_priority":4}]},"ticketForm":{"subject":"Test ticket","planned_start_date":"","planned_end_date":"","planned_effort":"","impacted_locations":"","no_of_customers_impacted":"","unique_code":"","redington_ticket_id":"","description":"sample desc","business_impact":"","workspace_id":2,"status":2,"ticket_type":"","source":"","urgency":"","impact":"","group":"","department":"","category":"","major_incident_type":"","requester":"sivakumar@konnectify.co","requester_email":"","agent":""},"formattedTicketForm":{"subject":{"schema":"Test ticket","type":"string"},"description":{"schema":"sample desc","type":"string"},"workspace_id":{"schema":"2","type":"number"},"status":{"schema":"2","type":"number"},"email":{"schema":"sivakumar@konnectify.co","type":"string"}}},"data":{"isInstall":false},"isInstall":false}
2026-05-26 12:52:35.344 +0530 [debug] (data.js) Read {"report_hash":"164b6b376a3cd05500ae5d339dfa82b58fb0cf355e2ffc1a3429433c142392eb","supero_101_101_migrate_oauth_status":true,"supero_101_101_modules":{"supero_101_101_system_settings":{"currentHost":{"endpoint_urls":{"freshservice":"https://sivakumar.freshservice.com"},"subscribed_modules":["service_ticket"],"org_domain":"https://sivakumar-877416007896811476.myfreshworks.com","product_types":{"freshservice":"ITSM"},"itam_version":{"freshservice":"BASIC"}}},"supero_101_101_custom_iparams":{"__meta":{"secure":["app1_apikey"]},"domain":"skdemo","accessToken":"fGOnTMOApoEz3ag9dB3Vg+SvNGA/go4kBkcu5cO1LFw4qv9m7/Fyls3MvX8+dflize0NIWoIpu+7TovEsgSEyM609Uejca+XBNgjqeC0FdPMWKueFE5D47zSmWFwhDZfYveCfiktVWAmY4nrj1L46aV3xeFAaeFUeHFWCa9qGk4w2Zn6+HrgQYOvhHCpzF6bXVa8joFanHQmb01vPaAJpnVdAILZARS7a6k5gYul0a2A9RCDOkGsCZBpQEI85c3ArqKB1PjX7A3UD1a32ITqVWZE4v+4hRWrMt2demOn+EGVI/HllCEZwMi3wd4NkkS77L2fFCp+BdzAV81hybXmtmowJExtUD0I/U+PjK1QZnPxXtTHAVBUk++E+bSLCbQq5X0qthjGRXW03TuEVVllFndmMxsITF87LGyYx/WSZTg=","tenantToken":"eyJhbGciOiJSUzI1NiIsInR5cCI6IkpXVCJ9.eyJleHAiOjE4MjI5Nzc4MzEsImlhdCI6MTc3OTc3NzgzMSwib3JnSWQiOiI2NiIsImV4dGVybmFsVGVuYW50SWQiOiJzaXZhLWl0LXVzIiwiZXh0ZXJuYWxVc2VySWQiOiJEZWZhdWx0IHRlbmFudCB1c2VyIn0.Jkh9zPlKsFfU9PdSoU-OgoJsA3y0DvE4146Z20M3_dwD1u3H-_4AJFdRinB4zRgsAMTh4AOHuVsFNZX3rFat9J_hAO6WRiD_opNWAbP_tY2oiPp_o-PFsoqx9rs-qKV65-3maVGoKr41X5tjOLUHjwFevoLBhxy51LcvZiURDrU25h0BGfxCClEyV3xKVD-9rC3IrVkBVaTpr79vuXpAGx5NNlGbUlHbW1TrDvUuN4p9TRwoQfWEliMHOuZnfo7QXVX_fVad-Soay6QjK8qN-6_W_1WVDognMl7LHwThGUFyu6NwRCt_J3SmAvBFoOvatf61BSLotwWUQlclQTs0gA","tenantId":"781","adminEmail":"sivakumar@konnectify.co","adminPassword":"konnectify","freshserviceAppName":"Freshservice","freshserviceAppId":"freshservice-1.0.0","freshserviceDomain":"sivakumar.freshservice.com","freshserviceApikey":"ZHgKqHflrMs94pFikuiD","freshserviceConnectionId":"3039","freshserviceConnectionName":"Freshservice Connection - 2026-05-26T06:42:45.868Z","superopsAppName":"SuperOps IT","superopsAppId":"superopsit-1.0.0","superopsDomain":"siva-it-us","superopsConnectionId":"3040","superopsApikey":"api-eyJhbGciOiJSUzI1NiJ9.eyJqdGkiOiIxOTg3Mzk1MzkxNzUzMTU0NTYwIiwicmFuZG9taXplciI6Iu-_vUbvv73vv70877-977-9X--_ve-_vSJ9.m6JxYTLA3ETs3HRrRWbRqGTmOirwOtyESdy0shf476qwJJfkcDZIuMn-p1mmrbMjBuaCmBpXRm3illwFqJdN9Aw9kkVnQnMs3IgCNewXDxDqCtf4e3EDWaWNtGs5inDGoLRbsHa68Dp8hV8X1riObW3RpkzgkFeEgKf6EWLT4SatkCgM8JfNF1k2l_rrTwrpoTkC5wYatojeAmWhyrwqbMCWEe_sIuxVbclev5q1VcymcNYC6ylPNYJ3Pa6MR2FzJ1Y8e0hz66hgL_M3hi9mCUI0evv57VRsAD3uSSh06etHS5WqLvmDcKonKj2bXrpM0KQ3fO6lT4YNx_MGepb15g","superopsConnectionName":"Superops Connection - 2026-05-26T06:42:45.868Z","superopsAccountType":"it","superopsRegion":"us","sinceDate":"04-05-2026","isInEditConfig":"","assetMapping":[{"superops_asset_class":{"id":"23","name":"Domain Controller"},"freshservice_asset_type":{"id":"30000367000","name":"Application Gateway"},"field_mappings":[{"superops_field":{"id":"assetId","name":"Asset Id"},"freshservice_field":{"id":"asset_tag","name":"Asset Tag"}},{"superops_field":{"id":"name","name":"Name"},"freshservice_field":{"id":"name","name":"Display Name"}}]}],"siteSeverityMapping":{"siteLocationMapping":[{"superops_site":"6027178066613911552","freshservice_location":30000039635}],"severityPriorityMapping":[{"superops_severity":"Low","freshservice_priority":1},{"superops_severity":"Critical","freshservice_priority":4}]},"ticketForm":{"subject":"Test ticket","planned_start_date":"","planned_end_date":"","planned_effort":"","impacted_locations":"","no_of_customers_impacted":"","unique_code":"","redington_ticket_id":"","description":"sample desc","business_impact":"","workspace_id":2,"status":2,"ticket_type":"","source":"","urgency":"","impact":"","group":"","department":"","category":"","major_incident_type":"","requester":"sivakumar@konnectify.co","requester_email":"","agent":""},"formattedTicketForm":{"subject":{"schema":"Test ticket","type":"string"},"description":{"schema":"sample desc","type":"string"},"workspace_id":{"schema":"2","type":"number"},"status":{"schema":"2","type":"number"},"email":{"schema":"sivakumar@konnectify.co","type":"string"}}},"isLocalAppInstalled":true,"isLocalAppEnabled":true},"superops_production:assetConnector_modules":{"newAssetId":"3020","updateAssetId":"3021","createdAt":1779777832955,"updatedAt":1779777832955},"superops_production:alertConnector_modules":{"alertCreatedConnectorId":"3022","alertResolvedConnectorId":"3023","resolveAlertOnTicketChangeConnectorId":"3024","webhookUrl":"https://skdemo.konnectifyapp.co/webhook/3105","createdAt":1779777837593,"updatedAt":1779777837593}}
2026-05-26 12:52:35.347 +0530 [debug] (data.js) Read {"report_hash":"164b6b376a3cd05500ae5d339dfa82b58fb0cf355e2ffc1a3429433c142392eb","supero_101_101_migrate_oauth_status":true,"supero_101_101_modules":{"supero_101_101_system_settings":{"currentHost":{"endpoint_urls":{"freshservice":"https://sivakumar.freshservice.com"},"subscribed_modules":["service_ticket"],"org_domain":"https://sivakumar-877416007896811476.myfreshworks.com","product_types":{"freshservice":"ITSM"},"itam_version":{"freshservice":"BASIC"}}},"supero_101_101_custom_iparams":{"__meta":{"secure":["app1_apikey"]},"domain":"skdemo","accessToken":"fGOnTMOApoEz3ag9dB3Vg+SvNGA/go4kBkcu5cO1LFw4qv9m7/Fyls3MvX8+dflize0NIWoIpu+7TovEsgSEyM609Uejca+XBNgjqeC0FdPMWKueFE5D47zSmWFwhDZfYveCfiktVWAmY4nrj1L46aV3xeFAaeFUeHFWCa9qGk4w2Zn6+HrgQYOvhHCpzF6bXVa8joFanHQmb01vPaAJpnVdAILZARS7a6k5gYul0a2A9RCDOkGsCZBpQEI85c3ArqKB1PjX7A3UD1a32ITqVWZE4v+4hRWrMt2demOn+EGVI/HllCEZwMi3wd4NkkS77L2fFCp+BdzAV81hybXmtmowJExtUD0I/U+PjK1QZnPxXtTHAVBUk++E+bSLCbQq5X0qthjGRXW03TuEVVllFndmMxsITF87LGyYx/WSZTg=","tenantToken":"eyJhbGciOiJSUzI1NiIsInR5cCI6IkpXVCJ9.eyJleHAiOjE4MjI5Nzc4MzEsImlhdCI6MTc3OTc3NzgzMSwib3JnSWQiOiI2NiIsImV4dGVybmFsVGVuYW50SWQiOiJzaXZhLWl0LXVzIiwiZXh0ZXJuYWxVc2VySWQiOiJEZWZhdWx0IHRlbmFudCB1c2VyIn0.Jkh9zPlKsFfU9PdSoU-OgoJsA3y0DvE4146Z20M3_dwD1u3H-_4AJFdRinB4zRgsAMTh4AOHuVsFNZX3rFat9J_hAO6WRiD_opNWAbP_tY2oiPp_o-PFsoqx9rs-qKV65-3maVGoKr41X5tjOLUHjwFevoLBhxy51LcvZiURDrU25h0BGfxCClEyV3xKVD-9rC3IrVkBVaTpr79vuXpAGx5NNlGbUlHbW1TrDvUuN4p9TRwoQfWEliMHOuZnfo7QXVX_fVad-Soay6QjK8qN-6_W_1WVDognMl7LHwThGUFyu6NwRCt_J3SmAvBFoOvatf61BSLotwWUQlclQTs0gA","tenantId":"781","adminEmail":"sivakumar@konnectify.co","adminPassword":"konnectify","freshserviceAppName":"Freshservice","freshserviceAppId":"freshservice-1.0.0","freshserviceDomain":"sivakumar.freshservice.com","freshserviceApikey":"ZHgKqHflrMs94pFikuiD","freshserviceConnectionId":"3039","freshserviceConnectionName":"Freshservice Connection - 2026-05-26T06:42:45.868Z","superopsAppName":"SuperOps IT","superopsAppId":"superopsit-1.0.0","superopsDomain":"siva-it-us","superopsConnectionId":"3040","superopsApikey":"api-eyJhbGciOiJSUzI1NiJ9.eyJqdGkiOiIxOTg3Mzk1MzkxNzUzMTU0NTYwIiwicmFuZG9taXplciI6Iu-_vUbvv73vv70877-977-9X--_ve-_vSJ9.m6JxYTLA3ETs3HRrRWbRqGTmOirwOtyESdy0shf476qwJJfkcDZIuMn-p1mmrbMjBuaCmBpXRm3illwFqJdN9Aw9kkVnQnMs3IgCNewXDxDqCtf4e3EDWaWNtGs5inDGoLRbsHa68Dp8hV8X1riObW3RpkzgkFeEgKf6EWLT4SatkCgM8JfNF1k2l_rrTwrpoTkC5wYatojeAmWhyrwqbMCWEe_sIuxVbclev5q1VcymcNYC6ylPNYJ3Pa6MR2FzJ1Y8e0hz66hgL_M3hi9mCUI0evv57VRsAD3uSSh06etHS5WqLvmDcKonKj2bXrpM0KQ3fO6lT4YNx_MGepb15g","superopsConnectionName":"Superops Connection - 2026-05-26T06:42:45.868Z","superopsAccountType":"it","superopsRegion":"us","sinceDate":"04-05-2026","isInEditConfig":"","assetMapping":[{"superops_asset_class":{"id":"23","name":"Domain Controller"},"freshservice_asset_type":{"id":"30000367000","name":"Application Gateway"},"field_mappings":[{"superops_field":{"id":"assetId","name":"Asset Id"},"freshservice_field":{"id":"asset_tag","name":"Asset Tag"}},{"superops_field":{"id":"name","name":"Name"},"freshservice_field":{"id":"name","name":"Display Name"}}]}],"siteSeverityMapping":{"siteLocationMapping":[{"superops_site":"6027178066613911552","freshservice_location":30000039635}],"severityPriorityMapping":[{"superops_severity":"Low","freshservice_priority":1},{"superops_severity":"Critical","freshservice_priority":4}]},"ticketForm":{"subject":"Test ticket","planned_start_date":"","planned_end_date":"","planned_effort":"","impacted_locations":"","no_of_customers_impacted":"","unique_code":"","redington_ticket_id":"","description":"sample desc","business_impact":"","workspace_id":2,"status":2,"ticket_type":"","source":"","urgency":"","impact":"","group":"","department":"","category":"","major_incident_type":"","requester":"sivakumar@konnectify.co","requester_email":"","agent":""},"formattedTicketForm":{"subject":{"schema":"Test ticket","type":"string"},"description":{"schema":"sample desc","type":"string"},"workspace_id":{"schema":"2","type":"number"},"status":{"schema":"2","type":"number"},"email":{"schema":"sivakumar@konnectify.co","type":"string"}}},"isLocalAppInstalled":true,"isLocalAppEnabled":true},"superops_production:assetConnector_modules":{"newAssetId":"3020","updateAssetId":"3021","createdAt":1779777832955,"updatedAt":1779777832955},"superops_production:alertConnector_modules":{"alertCreatedConnectorId":"3022","alertResolvedConnectorId":"3023","resolveAlertOnTicketChangeConnectorId":"3024","webhookUrl":"https://skdemo.konnectifyapp.co/webhook/3105","createdAt":1779777837593,"updatedAt":1779777837593}}
2026-05-26 12:52:35.347 +0530 [debug] (data.js) Read {"report_hash":"164b6b376a3cd05500ae5d339dfa82b58fb0cf355e2ffc1a3429433c142392eb","supero_101_101_migrate_oauth_status":true,"supero_101_101_modules":{"supero_101_101_system_settings":{"currentHost":{"endpoint_urls":{"freshservice":"https://sivakumar.freshservice.com"},"subscribed_modules":["service_ticket"],"org_domain":"https://sivakumar-877416007896811476.myfreshworks.com","product_types":{"freshservice":"ITSM"},"itam_version":{"freshservice":"BASIC"}}},"supero_101_101_custom_iparams":{"__meta":{"secure":["app1_apikey"]},"domain":"skdemo","accessToken":"fGOnTMOApoEz3ag9dB3Vg+SvNGA/go4kBkcu5cO1LFw4qv9m7/Fyls3MvX8+dflize0NIWoIpu+7TovEsgSEyM609Uejca+XBNgjqeC0FdPMWKueFE5D47zSmWFwhDZfYveCfiktVWAmY4nrj1L46aV3xeFAaeFUeHFWCa9qGk4w2Zn6+HrgQYOvhHCpzF6bXVa8joFanHQmb01vPaAJpnVdAILZARS7a6k5gYul0a2A9RCDOkGsCZBpQEI85c3ArqKB1PjX7A3UD1a32ITqVWZE4v+4hRWrMt2demOn+EGVI/HllCEZwMi3wd4NkkS77L2fFCp+BdzAV81hybXmtmowJExtUD0I/U+PjK1QZnPxXtTHAVBUk++E+bSLCbQq5X0qthjGRXW03TuEVVllFndmMxsITF87LGyYx/WSZTg=","tenantToken":"eyJhbGciOiJSUzI1NiIsInR5cCI6IkpXVCJ9.eyJleHAiOjE4MjI5Nzc4MzEsImlhdCI6MTc3OTc3NzgzMSwib3JnSWQiOiI2NiIsImV4dGVybmFsVGVuYW50SWQiOiJzaXZhLWl0LXVzIiwiZXh0ZXJuYWxVc2VySWQiOiJEZWZhdWx0IHRlbmFudCB1c2VyIn0.Jkh9zPlKsFfU9PdSoU-OgoJsA3y0DvE4146Z20M3_dwD1u3H-_4AJFdRinB4zRgsAMTh4AOHuVsFNZX3rFat9J_hAO6WRiD_opNWAbP_tY2oiPp_o-PFsoqx9rs-qKV65-3maVGoKr41X5tjOLUHjwFevoLBhxy51LcvZiURDrU25h0BGfxCClEyV3xKVD-9rC3IrVkBVaTpr79vuXpAGx5NNlGbUlHbW1TrDvUuN4p9TRwoQfWEliMHOuZnfo7QXVX_fVad-Soay6QjK8qN-6_W_1WVDognMl7LHwThGUFyu6NwRCt_J3SmAvBFoOvatf61BSLotwWUQlclQTs0gA","tenantId":"781","adminEmail":"sivakumar@konnectify.co","adminPassword":"konnectify","freshserviceAppName":"Freshservice","freshserviceAppId":"freshservice-1.0.0","freshserviceDomain":"sivakumar.freshservice.com","freshserviceApikey":"ZHgKqHflrMs94pFikuiD","freshserviceConnectionId":"3039","freshserviceConnectionName":"Freshservice Connection - 2026-05-26T06:42:45.868Z","superopsAppName":"SuperOps IT","superopsAppId":"superopsit-1.0.0","superopsDomain":"siva-it-us","superopsConnectionId":"3040","superopsApikey":"api-eyJhbGciOiJSUzI1NiJ9.eyJqdGkiOiIxOTg3Mzk1MzkxNzUzMTU0NTYwIiwicmFuZG9taXplciI6Iu-_vUbvv73vv70877-977-9X--_ve-_vSJ9.m6JxYTLA3ETs3HRrRWbRqGTmOirwOtyESdy0shf476qwJJfkcDZIuMn-p1mmrbMjBuaCmBpXRm3illwFqJdN9Aw9kkVnQnMs3IgCNewXDxDqCtf4e3EDWaWNtGs5inDGoLRbsHa68Dp8hV8X1riObW3RpkzgkFeEgKf6EWLT4SatkCgM8JfNF1k2l_rrTwrpoTkC5wYatojeAmWhyrwqbMCWEe_sIuxVbclev5q1VcymcNYC6ylPNYJ3Pa6MR2FzJ1Y8e0hz66hgL_M3hi9mCUI0evv57VRsAD3uSSh06etHS5WqLvmDcKonKj2bXrpM0KQ3fO6lT4YNx_MGepb15g","superopsConnectionName":"Superops Connection - 2026-05-26T06:42:45.868Z","superopsAccountType":"it","superopsRegion":"us","sinceDate":"04-05-2026","isInEditConfig":"","assetMapping":[{"superops_asset_class":{"id":"23","name":"Domain Controller"},"freshservice_asset_type":{"id":"30000367000","name":"Application Gateway"},"field_mappings":[{"superops_field":{"id":"assetId","name":"Asset Id"},"freshservice_field":{"id":"asset_tag","name":"Asset Tag"}},{"superops_field":{"id":"name","name":"Name"},"freshservice_field":{"id":"name","name":"Display Name"}}]}],"siteSeverityMapping":{"siteLocationMapping":[{"superops_site":"6027178066613911552","freshservice_location":30000039635}],"severityPriorityMapping":[{"superops_severity":"Low","freshservice_priority":1},{"superops_severity":"Critical","freshservice_priority":4}]},"ticketForm":{"subject":"Test ticket","planned_start_date":"","planned_end_date":"","planned_effort":"","impacted_locations":"","no_of_customers_impacted":"","unique_code":"","redington_ticket_id":"","description":"sample desc","business_impact":"","workspace_id":2,"status":2,"ticket_type":"","source":"","urgency":"","impact":"","group":"","department":"","category":"","major_incident_type":"","requester":"sivakumar@konnectify.co","requester_email":"","agent":""},"formattedTicketForm":{"subject":{"schema":"Test ticket","type":"string"},"description":{"schema":"sample desc","type":"string"},"workspace_id":{"schema":"2","type":"number"},"status":{"schema":"2","type":"number"},"email":{"schema":"sivakumar@konnectify.co","type":"string"}}},"isLocalAppInstalled":true,"isLocalAppEnabled":true},"superops_production:assetConnector_modules":{"newAssetId":"3020","updateAssetId":"3021","createdAt":1779777832955,"updatedAt":1779777832955},"superops_production:alertConnector_modules":{"alertCreatedConnectorId":"3022","alertResolvedConnectorId":"3023","resolveAlertOnTicketChangeConnectorId":"3024","webhookUrl":"https://skdemo.konnectifyapp.co/webhook/3105","createdAt":1779777837593,"updatedAt":1779777837593}}
2026-05-26 12:52:35.347 +0530 [debug] (data.js) Read {"report_hash":"164b6b376a3cd05500ae5d339dfa82b58fb0cf355e2ffc1a3429433c142392eb","supero_101_101_migrate_oauth_status":true,"supero_101_101_modules":{"supero_101_101_system_settings":{"currentHost":{"endpoint_urls":{"freshservice":"https://sivakumar.freshservice.com"},"subscribed_modules":["service_ticket"],"org_domain":"https://sivakumar-877416007896811476.myfreshworks.com","product_types":{"freshservice":"ITSM"},"itam_version":{"freshservice":"BASIC"}}},"supero_101_101_custom_iparams":{"__meta":{"secure":["app1_apikey"]},"domain":"skdemo","accessToken":"fGOnTMOApoEz3ag9dB3Vg+SvNGA/go4kBkcu5cO1LFw4qv9m7/Fyls3MvX8+dflize0NIWoIpu+7TovEsgSEyM609Uejca+XBNgjqeC0FdPMWKueFE5D47zSmWFwhDZfYveCfiktVWAmY4nrj1L46aV3xeFAaeFUeHFWCa9qGk4w2Zn6+HrgQYOvhHCpzF6bXVa8joFanHQmb01vPaAJpnVdAILZARS7a6k5gYul0a2A9RCDOkGsCZBpQEI85c3ArqKB1PjX7A3UD1a32ITqVWZE4v+4hRWrMt2demOn+EGVI/HllCEZwMi3wd4NkkS77L2fFCp+BdzAV81hybXmtmowJExtUD0I/U+PjK1QZnPxXtTHAVBUk++E+bSLCbQq5X0qthjGRXW03TuEVVllFndmMxsITF87LGyYx/WSZTg=","tenantToken":"eyJhbGciOiJSUzI1NiIsInR5cCI6IkpXVCJ9.eyJleHAiOjE4MjI5Nzc4MzEsImlhdCI6MTc3OTc3NzgzMSwib3JnSWQiOiI2NiIsImV4dGVybmFsVGVuYW50SWQiOiJzaXZhLWl0LXVzIiwiZXh0ZXJuYWxVc2VySWQiOiJEZWZhdWx0IHRlbmFudCB1c2VyIn0.Jkh9zPlKsFfU9PdSoU-OgoJsA3y0DvE4146Z20M3_dwD1u3H-_4AJFdRinB4zRgsAMTh4AOHuVsFNZX3rFat9J_hAO6WRiD_opNWAbP_tY2oiPp_o-PFsoqx9rs-qKV65-3maVGoKr41X5tjOLUHjwFevoLBhxy51LcvZiURDrU25h0BGfxCClEyV3xKVD-9rC3IrVkBVaTpr79vuXpAGx5NNlGbUlHbW1TrDvUuN4p9TRwoQfWEliMHOuZnfo7QXVX_fVad-Soay6QjK8qN-6_W_1WVDognMl7LHwThGUFyu6NwRCt_J3SmAvBFoOvatf61BSLotwWUQlclQTs0gA","tenantId":"781","adminEmail":"sivakumar@konnectify.co","adminPassword":"konnectify","freshserviceAppName":"Freshservice","freshserviceAppId":"freshservice-1.0.0","freshserviceDomain":"sivakumar.freshservice.com","freshserviceApikey":"ZHgKqHflrMs94pFikuiD","freshserviceConnectionId":"3039","freshserviceConnectionName":"Freshservice Connection - 2026-05-26T06:42:45.868Z","superopsAppName":"SuperOps IT","superopsAppId":"superopsit-1.0.0","superopsDomain":"siva-it-us","superopsConnectionId":"3040","superopsApikey":"api-eyJhbGciOiJSUzI1NiJ9.eyJqdGkiOiIxOTg3Mzk1MzkxNzUzMTU0NTYwIiwicmFuZG9taXplciI6Iu-_vUbvv73vv70877-977-9X--_ve-_vSJ9.m6JxYTLA3ETs3HRrRWbRqGTmOirwOtyESdy0shf476qwJJfkcDZIuMn-p1mmrbMjBuaCmBpXRm3illwFqJdN9Aw9kkVnQnMs3IgCNewXDxDqCtf4e3EDWaWNtGs5inDGoLRbsHa68Dp8hV8X1riObW3RpkzgkFeEgKf6EWLT4SatkCgM8JfNF1k2l_rrTwrpoTkC5wYatojeAmWhyrwqbMCWEe_sIuxVbclev5q1VcymcNYC6ylPNYJ3Pa6MR2FzJ1Y8e0hz66hgL_M3hi9mCUI0evv57VRsAD3uSSh06etHS5WqLvmDcKonKj2bXrpM0KQ3fO6lT4YNx_MGepb15g","superopsConnectionName":"Superops Connection - 2026-05-26T06:42:45.868Z","superopsAccountType":"it","superopsRegion":"us","sinceDate":"04-05-2026","isInEditConfig":"","assetMapping":[{"superops_asset_class":{"id":"23","name":"Domain Controller"},"freshservice_asset_type":{"id":"30000367000","name":"Application Gateway"},"field_mappings":[{"superops_field":{"id":"assetId","name":"Asset Id"},"freshservice_field":{"id":"asset_tag","name":"Asset Tag"}},{"superops_field":{"id":"name","name":"Name"},"freshservice_field":{"id":"name","name":"Display Name"}}]}],"siteSeverityMapping":{"siteLocationMapping":[{"superops_site":"6027178066613911552","freshservice_location":30000039635}],"severityPriorityMapping":[{"superops_severity":"Low","freshservice_priority":1},{"superops_severity":"Critical","freshservice_priority":4}]},"ticketForm":{"subject":"Test ticket","planned_start_date":"","planned_end_date":"","planned_effort":"","impacted_locations":"","no_of_customers_impacted":"","unique_code":"","redington_ticket_id":"","description":"sample desc","business_impact":"","workspace_id":2,"status":2,"ticket_type":"","source":"","urgency":"","impact":"","group":"","department":"","category":"","major_incident_type":"","requester":"sivakumar@konnectify.co","requester_email":"","agent":""},"formattedTicketForm":{"subject":{"schema":"Test ticket","type":"string"},"description":{"schema":"sample desc","type":"string"},"workspace_id":{"schema":"2","type":"number"},"status":{"schema":"2","type":"number"},"email":{"schema":"sivakumar@konnectify.co","type":"string"}}},"isLocalAppInstalled":true,"isLocalAppEnabled":true},"superops_production:assetConnector_modules":{"newAssetId":"3020","updateAssetId":"3021","createdAt":1779777832955,"updatedAt":1779777832955},"superops_production:alertConnector_modules":{"alertCreatedConnectorId":"3022","alertResolvedConnectorId":"3023","resolveAlertOnTicketChangeConnectorId":"3024","webhookUrl":"https://skdemo.konnectifyapp.co/webhook/3105","createdAt":1779777837593,"updatedAt":1779777837593}}
2026-05-26 12:52:35.348 +0530 [debug] (data.js) Read {"report_hash":"164b6b376a3cd05500ae5d339dfa82b58fb0cf355e2ffc1a3429433c142392eb","supero_101_101_migrate_oauth_status":true,"supero_101_101_modules":{"supero_101_101_system_settings":{"currentHost":{"endpoint_urls":{"freshservice":"https://sivakumar.freshservice.com"},"subscribed_modules":["service_ticket"],"org_domain":"https://sivakumar-877416007896811476.myfreshworks.com","product_types":{"freshservice":"ITSM"},"itam_version":{"freshservice":"BASIC"}}},"supero_101_101_custom_iparams":{"__meta":{"secure":["app1_apikey"]},"domain":"skdemo","accessToken":"fGOnTMOApoEz3ag9dB3Vg+SvNGA/go4kBkcu5cO1LFw4qv9m7/Fyls3MvX8+dflize0NIWoIpu+7TovEsgSEyM609Uejca+XBNgjqeC0FdPMWKueFE5D47zSmWFwhDZfYveCfiktVWAmY4nrj1L46aV3xeFAaeFUeHFWCa9qGk4w2Zn6+HrgQYOvhHCpzF6bXVa8joFanHQmb01vPaAJpnVdAILZARS7a6k5gYul0a2A9RCDOkGsCZBpQEI85c3ArqKB1PjX7A3UD1a32ITqVWZE4v+4hRWrMt2demOn+EGVI/HllCEZwMi3wd4NkkS77L2fFCp+BdzAV81hybXmtmowJExtUD0I/U+PjK1QZnPxXtTHAVBUk++E+bSLCbQq5X0qthjGRXW03TuEVVllFndmMxsITF87LGyYx/WSZTg=","tenantToken":"eyJhbGciOiJSUzI1NiIsInR5cCI6IkpXVCJ9.eyJleHAiOjE4MjI5Nzc4MzEsImlhdCI6MTc3OTc3NzgzMSwib3JnSWQiOiI2NiIsImV4dGVybmFsVGVuYW50SWQiOiJzaXZhLWl0LXVzIiwiZXh0ZXJuYWxVc2VySWQiOiJEZWZhdWx0IHRlbmFudCB1c2VyIn0.Jkh9zPlKsFfU9PdSoU-OgoJsA3y0DvE4146Z20M3_dwD1u3H-_4AJFdRinB4zRgsAMTh4AOHuVsFNZX3rFat9J_hAO6WRiD_opNWAbP_tY2oiPp_o-PFsoqx9rs-qKV65-3maVGoKr41X5tjOLUHjwFevoLBhxy51LcvZiURDrU25h0BGfxCClEyV3xKVD-9rC3IrVkBVaTpr79vuXpAGx5NNlGbUlHbW1TrDvUuN4p9TRwoQfWEliMHOuZnfo7QXVX_fVad-Soay6QjK8qN-6_W_1WVDognMl7LHwThGUFyu6NwRCt_J3SmAvBFoOvatf61BSLotwWUQlclQTs0gA","tenantId":"781","adminEmail":"sivakumar@konnectify.co","adminPassword":"konnectify","freshserviceAppName":"Freshservice","freshserviceAppId":"freshservice-1.0.0","freshserviceDomain":"sivakumar.freshservice.com","freshserviceApikey":"ZHgKqHflrMs94pFikuiD","freshserviceConnectionId":"3039","freshserviceConnectionName":"Freshservice Connection - 2026-05-26T06:42:45.868Z","superopsAppName":"SuperOps IT","superopsAppId":"superopsit-1.0.0","superopsDomain":"siva-it-us","superopsConnectionId":"3040","superopsApikey":"api-eyJhbGciOiJSUzI1NiJ9.eyJqdGkiOiIxOTg3Mzk1MzkxNzUzMTU0NTYwIiwicmFuZG9taXplciI6Iu-_vUbvv73vv70877-977-9X--_ve-_vSJ9.m6JxYTLA3ETs3HRrRWbRqGTmOirwOtyESdy0shf476qwJJfkcDZIuMn-p1mmrbMjBuaCmBpXRm3illwFqJdN9Aw9kkVnQnMs3IgCNewXDxDqCtf4e3EDWaWNtGs5inDGoLRbsHa68Dp8hV8X1riObW3RpkzgkFeEgKf6EWLT4SatkCgM8JfNF1k2l_rrTwrpoTkC5wYatojeAmWhyrwqbMCWEe_sIuxVbclev5q1VcymcNYC6ylPNYJ3Pa6MR2FzJ1Y8e0hz66hgL_M3hi9mCUI0evv57VRsAD3uSSh06etHS5WqLvmDcKonKj2bXrpM0KQ3fO6lT4YNx_MGepb15g","superopsConnectionName":"Superops Connection - 2026-05-26T06:42:45.868Z","superopsAccountType":"it","superopsRegion":"us","sinceDate":"04-05-2026","isInEditConfig":"","assetMapping":[{"superops_asset_class":{"id":"23","name":"Domain Controller"},"freshservice_asset_type":{"id":"30000367000","name":"Application Gateway"},"field_mappings":[{"superops_field":{"id":"assetId","name":"Asset Id"},"freshservice_field":{"id":"asset_tag","name":"Asset Tag"}},{"superops_field":{"id":"name","name":"Name"},"freshservice_field":{"id":"name","name":"Display Name"}}]}],"siteSeverityMapping":{"siteLocationMapping":[{"superops_site":"6027178066613911552","freshservice_location":30000039635}],"severityPriorityMapping":[{"superops_severity":"Low","freshservice_priority":1},{"superops_severity":"Critical","freshservice_priority":4}]},"ticketForm":{"subject":"Test ticket","planned_start_date":"","planned_end_date":"","planned_effort":"","impacted_locations":"","no_of_customers_impacted":"","unique_code":"","redington_ticket_id":"","description":"sample desc","business_impact":"","workspace_id":2,"status":2,"ticket_type":"","source":"","urgency":"","impact":"","group":"","department":"","category":"","major_incident_type":"","requester":"sivakumar@konnectify.co","requester_email":"","agent":""},"formattedTicketForm":{"subject":{"schema":"Test ticket","type":"string"},"description":{"schema":"sample desc","type":"string"},"workspace_id":{"schema":"2","type":"number"},"status":{"schema":"2","type":"number"},"email":{"schema":"sivakumar@konnectify.co","type":"string"}}},"isLocalAppInstalled":true,"isLocalAppEnabled":true},"superops_production:assetConnector_modules":{"newAssetId":"3020","updateAssetId":"3021","createdAt":1779777832955,"updatedAt":1779777832955},"superops_production:alertConnector_modules":{"alertCreatedConnectorId":"3022","alertResolvedConnectorId":"3023","resolveAlertOnTicketChangeConnectorId":"3024","webhookUrl":"https://skdemo.konnectifyapp.co/webhook/3105","createdAt":1779777837593,"updatedAt":1779777837593}}
2026-05-26 12:52:35.350 +0530 [debug] (coverage.js) Instrumenting /Users/sivakumar/Documents/freshworks/freshservice/superops_production/server/server.js
2026-05-26 12:52:35.491 +0530 [debug] (index.js) Initializing features...
2026-05-26 12:52:35.491 +0530 [debug] (index.js) Feature context: isInstall=false, isSettingsHandler=undefined
2026-05-26 12:52:35.491 +0530 [debug] (index.js) Enabling full feature set
2026-05-26 12:52:35.491 +0530 [debug] (schedule.js) ScheduleAPI initialized
2026-05-26 12:52:35.491 +0530 [debug] (index.js) $schedule feature enabled
2026-05-26 12:52:35.491 +0530 [debug] (index.js) $db feature enabled
2026-05-26 12:52:35.491 +0530 [debug] (index.js) $credentials feature enabled
2026-05-26 12:52:35.491 +0530 [debug] (job_internal.js) JobInternalMetaAPI initialized
2026-05-26 12:52:35.491 +0530 [debug] (job.js) JobMetaAPI initialized
2026-05-26 12:52:35.491 +0530 [debug] (index.js) $job feature enabled
2026-05-26 12:52:35.491 +0530 [debug] (files.js) Created temp directory: /var/folders/8z/3gylz6xx5w910n0f08grs6kw0000gq/T/b086550b-d796-4b83-b63e-b0b996312506
2026-05-26 12:52:35.491 +0530 [debug] (files.js) ObjectStoreAPI initialized
2026-05-26 12:52:35.491 +0530 [debug] (index.js) $files feature enabled
2026-05-26 12:52:35.491 +0530 [debug] (account-info.js) AccountInfoAPI initialized
2026-05-26 12:52:35.491 +0530 [debug] (index.js) $accountInfo feature enabled
2026-05-26 12:52:35.491 +0530 [debug] (request.js) RequestAPI initialized
2026-05-26 12:52:35.491 +0530 [debug] (index.js) $request feature enabled
2026-05-26 12:52:35.491 +0530 [debug] (index.js) Initialized 8 features
2026-05-26 12:52:35.505 +0530 [debug] (coverage.js) Instrumenting /Users/sivakumar/Documents/freshworks/freshservice/superops_production/server/createKonnectorJson.js
2026-05-26 12:52:35.537 +0530 [debug] (coverage.js) Instrumenting /Users/sivakumar/Documents/freshworks/freshservice/superops_production/server/additionalConnectors.js
2026-05-26 12:52:36.000 +0530 [debug] (coverage.js) Writing coverage.
2026-05-26 12:52:36.059 +0530 [debug] (helper.js) AJV validation passed
2026-05-26 12:52:36.062 +0530 [debug] (http.js) Failed to parse URL: , error: Invalid URL
2026-05-26 12:52:36.062 +0530 [debug] (data-pipe.js) received call for route "db" with action "fetch" and body {"dbKey":"assetConnector","action":"fetch"}
2026-05-26 12:52:36.062 +0530 [debug] (data.js) Read {"report_hash":"164b6b376a3cd05500ae5d339dfa82b58fb0cf355e2ffc1a3429433c142392eb","supero_101_101_migrate_oauth_status":true,"supero_101_101_modules":{"supero_101_101_system_settings":{"currentHost":{"endpoint_urls":{"freshservice":"https://sivakumar.freshservice.com"},"subscribed_modules":["service_ticket"],"org_domain":"https://sivakumar-877416007896811476.myfreshworks.com","product_types":{"freshservice":"ITSM"},"itam_version":{"freshservice":"BASIC"}}},"supero_101_101_custom_iparams":{"__meta":{"secure":["app1_apikey"]},"domain":"skdemo","accessToken":"fGOnTMOApoEz3ag9dB3Vg+SvNGA/go4kBkcu5cO1LFw4qv9m7/Fyls3MvX8+dflize0NIWoIpu+7TovEsgSEyM609Uejca+XBNgjqeC0FdPMWKueFE5D47zSmWFwhDZfYveCfiktVWAmY4nrj1L46aV3xeFAaeFUeHFWCa9qGk4w2Zn6+HrgQYOvhHCpzF6bXVa8joFanHQmb01vPaAJpnVdAILZARS7a6k5gYul0a2A9RCDOkGsCZBpQEI85c3ArqKB1PjX7A3UD1a32ITqVWZE4v+4hRWrMt2demOn+EGVI/HllCEZwMi3wd4NkkS77L2fFCp+BdzAV81hybXmtmowJExtUD0I/U+PjK1QZnPxXtTHAVBUk++E+bSLCbQq5X0qthjGRXW03TuEVVllFndmMxsITF87LGyYx/WSZTg=","tenantToken":"eyJhbGciOiJSUzI1NiIsInR5cCI6IkpXVCJ9.eyJleHAiOjE4MjI5Nzc4MzEsImlhdCI6MTc3OTc3NzgzMSwib3JnSWQiOiI2NiIsImV4dGVybmFsVGVuYW50SWQiOiJzaXZhLWl0LXVzIiwiZXh0ZXJuYWxVc2VySWQiOiJEZWZhdWx0IHRlbmFudCB1c2VyIn0.Jkh9zPlKsFfU9PdSoU-OgoJsA3y0DvE4146Z20M3_dwD1u3H-_4AJFdRinB4zRgsAMTh4AOHuVsFNZX3rFat9J_hAO6WRiD_opNWAbP_tY2oiPp_o-PFsoqx9rs-qKV65-3maVGoKr41X5tjOLUHjwFevoLBhxy51LcvZiURDrU25h0BGfxCClEyV3xKVD-9rC3IrVkBVaTpr79vuXpAGx5NNlGbUlHbW1TrDvUuN4p9TRwoQfWEliMHOuZnfo7QXVX_fVad-Soay6QjK8qN-6_W_1WVDognMl7LHwThGUFyu6NwRCt_J3SmAvBFoOvatf61BSLotwWUQlclQTs0gA","tenantId":"781","adminEmail":"sivakumar@konnectify.co","adminPassword":"konnectify","freshserviceAppName":"Freshservice","freshserviceAppId":"freshservice-1.0.0","freshserviceDomain":"sivakumar.freshservice.com","freshserviceApikey":"ZHgKqHflrMs94pFikuiD","freshserviceConnectionId":"3039","freshserviceConnectionName":"Freshservice Connection - 2026-05-26T06:42:45.868Z","superopsAppName":"SuperOps IT","superopsAppId":"superopsit-1.0.0","superopsDomain":"siva-it-us","superopsConnectionId":"3040","superopsApikey":"api-eyJhbGciOiJSUzI1NiJ9.eyJqdGkiOiIxOTg3Mzk1MzkxNzUzMTU0NTYwIiwicmFuZG9taXplciI6Iu-_vUbvv73vv70877-977-9X--_ve-_vSJ9.m6JxYTLA3ETs3HRrRWbRqGTmOirwOtyESdy0shf476qwJJfkcDZIuMn-p1mmrbMjBuaCmBpXRm3illwFqJdN9Aw9kkVnQnMs3IgCNewXDxDqCtf4e3EDWaWNtGs5inDGoLRbsHa68Dp8hV8X1riObW3RpkzgkFeEgKf6EWLT4SatkCgM8JfNF1k2l_rrTwrpoTkC5wYatojeAmWhyrwqbMCWEe_sIuxVbclev5q1VcymcNYC6ylPNYJ3Pa6MR2FzJ1Y8e0hz66hgL_M3hi9mCUI0evv57VRsAD3uSSh06etHS5WqLvmDcKonKj2bXrpM0KQ3fO6lT4YNx_MGepb15g","superopsConnectionName":"Superops Connection - 2026-05-26T06:42:45.868Z","superopsAccountType":"it","superopsRegion":"us","sinceDate":"04-05-2026","isInEditConfig":"","assetMapping":[{"superops_asset_class":{"id":"23","name":"Domain Controller"},"freshservice_asset_type":{"id":"30000367000","name":"Application Gateway"},"field_mappings":[{"superops_field":{"id":"assetId","name":"Asset Id"},"freshservice_field":{"id":"asset_tag","name":"Asset Tag"}},{"superops_field":{"id":"name","name":"Name"},"freshservice_field":{"id":"name","name":"Display Name"}}]}],"siteSeverityMapping":{"siteLocationMapping":[{"superops_site":"6027178066613911552","freshservice_location":30000039635}],"severityPriorityMapping":[{"superops_severity":"Low","freshservice_priority":1},{"superops_severity":"Critical","freshservice_priority":4}]},"ticketForm":{"subject":"Test ticket","planned_start_date":"","planned_end_date":"","planned_effort":"","impacted_locations":"","no_of_customers_impacted":"","unique_code":"","redington_ticket_id":"","description":"sample desc","business_impact":"","workspace_id":2,"status":2,"ticket_type":"","source":"","urgency":"","impact":"","group":"","department":"","category":"","major_incident_type":"","requester":"sivakumar@konnectify.co","requester_email":"","agent":""},"formattedTicketForm":{"subject":{"schema":"Test ticket","type":"string"},"description":{"schema":"sample desc","type":"string"},"workspace_id":{"schema":"2","type":"number"},"status":{"schema":"2","type":"number"},"email":{"schema":"sivakumar@konnectify.co","type":"string"}}},"isLocalAppInstalled":true,"isLocalAppEnabled":true},"superops_production:assetConnector_modules":{"newAssetId":"3020","updateAssetId":"3021","createdAt":1779777832955,"updatedAt":1779777832955},"superops_production:alertConnector_modules":{"alertCreatedConnectorId":"3022","alertResolvedConnectorId":"3023","resolveAlertOnTicketChangeConnectorId":"3024","webhookUrl":"https://skdemo.konnectifyapp.co/webhook/3105","createdAt":1779777837593,"updatedAt":1779777837593}}
2026-05-26 12:52:36.063 +0530 [debug] (data.js) Read {"report_hash":"164b6b376a3cd05500ae5d339dfa82b58fb0cf355e2ffc1a3429433c142392eb","supero_101_101_migrate_oauth_status":true,"supero_101_101_modules":{"supero_101_101_system_settings":{"currentHost":{"endpoint_urls":{"freshservice":"https://sivakumar.freshservice.com"},"subscribed_modules":["service_ticket"],"org_domain":"https://sivakumar-877416007896811476.myfreshworks.com","product_types":{"freshservice":"ITSM"},"itam_version":{"freshservice":"BASIC"}}},"supero_101_101_custom_iparams":{"__meta":{"secure":["app1_apikey"]},"domain":"skdemo","accessToken":"fGOnTMOApoEz3ag9dB3Vg+SvNGA/go4kBkcu5cO1LFw4qv9m7/Fyls3MvX8+dflize0NIWoIpu+7TovEsgSEyM609Uejca+XBNgjqeC0FdPMWKueFE5D47zSmWFwhDZfYveCfiktVWAmY4nrj1L46aV3xeFAaeFUeHFWCa9qGk4w2Zn6+HrgQYOvhHCpzF6bXVa8joFanHQmb01vPaAJpnVdAILZARS7a6k5gYul0a2A9RCDOkGsCZBpQEI85c3ArqKB1PjX7A3UD1a32ITqVWZE4v+4hRWrMt2demOn+EGVI/HllCEZwMi3wd4NkkS77L2fFCp+BdzAV81hybXmtmowJExtUD0I/U+PjK1QZnPxXtTHAVBUk++E+bSLCbQq5X0qthjGRXW03TuEVVllFndmMxsITF87LGyYx/WSZTg=","tenantToken":"eyJhbGciOiJSUzI1NiIsInR5cCI6IkpXVCJ9.eyJleHAiOjE4MjI5Nzc4MzEsImlhdCI6MTc3OTc3NzgzMSwib3JnSWQiOiI2NiIsImV4dGVybmFsVGVuYW50SWQiOiJzaXZhLWl0LXVzIiwiZXh0ZXJuYWxVc2VySWQiOiJEZWZhdWx0IHRlbmFudCB1c2VyIn0.Jkh9zPlKsFfU9PdSoU-OgoJsA3y0DvE4146Z20M3_dwD1u3H-_4AJFdRinB4zRgsAMTh4AOHuVsFNZX3rFat9J_hAO6WRiD_opNWAbP_tY2oiPp_o-PFsoqx9rs-qKV65-3maVGoKr41X5tjOLUHjwFevoLBhxy51LcvZiURDrU25h0BGfxCClEyV3xKVD-9rC3IrVkBVaTpr79vuXpAGx5NNlGbUlHbW1TrDvUuN4p9TRwoQfWEliMHOuZnfo7QXVX_fVad-Soay6QjK8qN-6_W_1WVDognMl7LHwThGUFyu6NwRCt_J3SmAvBFoOvatf61BSLotwWUQlclQTs0gA","tenantId":"781","adminEmail":"sivakumar@konnectify.co","adminPassword":"konnectify","freshserviceAppName":"Freshservice","freshserviceAppId":"freshservice-1.0.0","freshserviceDomain":"sivakumar.freshservice.com","freshserviceApikey":"ZHgKqHflrMs94pFikuiD","freshserviceConnectionId":"3039","freshserviceConnectionName":"Freshservice Connection - 2026-05-26T06:42:45.868Z","superopsAppName":"SuperOps IT","superopsAppId":"superopsit-1.0.0","superopsDomain":"siva-it-us","superopsConnectionId":"3040","superopsApikey":"api-eyJhbGciOiJSUzI1NiJ9.eyJqdGkiOiIxOTg3Mzk1MzkxNzUzMTU0NTYwIiwicmFuZG9taXplciI6Iu-_vUbvv73vv70877-977-9X--_ve-_vSJ9.m6JxYTLA3ETs3HRrRWbRqGTmOirwOtyESdy0shf476qwJJfkcDZIuMn-p1mmrbMjBuaCmBpXRm3illwFqJdN9Aw9kkVnQnMs3IgCNewXDxDqCtf4e3EDWaWNtGs5inDGoLRbsHa68Dp8hV8X1riObW3RpkzgkFeEgKf6EWLT4SatkCgM8JfNF1k2l_rrTwrpoTkC5wYatojeAmWhyrwqbMCWEe_sIuxVbclev5q1VcymcNYC6ylPNYJ3Pa6MR2FzJ1Y8e0hz66hgL_M3hi9mCUI0evv57VRsAD3uSSh06etHS5WqLvmDcKonKj2bXrpM0KQ3fO6lT4YNx_MGepb15g","superopsConnectionName":"Superops Connection - 2026-05-26T06:42:45.868Z","superopsAccountType":"it","superopsRegion":"us","sinceDate":"04-05-2026","isInEditConfig":"","assetMapping":[{"superops_asset_class":{"id":"23","name":"Domain Controller"},"freshservice_asset_type":{"id":"30000367000","name":"Application Gateway"},"field_mappings":[{"superops_field":{"id":"assetId","name":"Asset Id"},"freshservice_field":{"id":"asset_tag","name":"Asset Tag"}},{"superops_field":{"id":"name","name":"Name"},"freshservice_field":{"id":"name","name":"Display Name"}}]}],"siteSeverityMapping":{"siteLocationMapping":[{"superops_site":"6027178066613911552","freshservice_location":30000039635}],"severityPriorityMapping":[{"superops_severity":"Low","freshservice_priority":1},{"superops_severity":"Critical","freshservice_priority":4}]},"ticketForm":{"subject":"Test ticket","planned_start_date":"","planned_end_date":"","planned_effort":"","impacted_locations":"","no_of_customers_impacted":"","unique_code":"","redington_ticket_id":"","description":"sample desc","business_impact":"","workspace_id":2,"status":2,"ticket_type":"","source":"","urgency":"","impact":"","group":"","department":"","category":"","major_incident_type":"","requester":"sivakumar@konnectify.co","requester_email":"","agent":""},"formattedTicketForm":{"subject":{"schema":"Test ticket","type":"string"},"description":{"schema":"sample desc","type":"string"},"workspace_id":{"schema":"2","type":"number"},"status":{"schema":"2","type":"number"},"email":{"schema":"sivakumar@konnectify.co","type":"string"}}},"isLocalAppInstalled":true,"isLocalAppEnabled":true},"superops_production:assetConnector_modules":{"newAssetId":"3020","updateAssetId":"3021","createdAt":1779777832955,"updatedAt":1779777832955},"superops_production:alertConnector_modules":{"alertCreatedConnectorId":"3022","alertResolvedConnectorId":"3023","resolveAlertOnTicketChangeConnectorId":"3024","webhookUrl":"https://skdemo.konnectifyapp.co/webhook/3105","createdAt":1779777837593,"updatedAt":1779777837593}}
2026-05-26 12:52:36.063 +0530 [debug] (helper.js) HTTP response status: 200, success: true
2026-05-26 12:52:36.498 +0530 [debug] (coverage.js) Writing coverage.
2026-05-26 12:52:37.014 +0530 [debug] (coverage.js) Writing coverage.
2026-05-26 12:52:37.358 +0530 [debug] (helper.js) AJV validation passed
2026-05-26 12:52:37.362 +0530 [debug] (http.js) Failed to parse URL: , error: Invalid URL
2026-05-26 12:52:37.363 +0530 [debug] (data-pipe.js) received call for route "db" with action "fetch" and body {"dbKey":"alertConnector","action":"fetch"}
2026-05-26 12:52:37.363 +0530 [debug] (data.js) Read {"report_hash":"164b6b376a3cd05500ae5d339dfa82b58fb0cf355e2ffc1a3429433c142392eb","supero_101_101_migrate_oauth_status":true,"supero_101_101_modules":{"supero_101_101_system_settings":{"currentHost":{"endpoint_urls":{"freshservice":"https://sivakumar.freshservice.com"},"subscribed_modules":["service_ticket"],"org_domain":"https://sivakumar-877416007896811476.myfreshworks.com","product_types":{"freshservice":"ITSM"},"itam_version":{"freshservice":"BASIC"}}},"supero_101_101_custom_iparams":{"__meta":{"secure":["app1_apikey"]},"domain":"skdemo","accessToken":"fGOnTMOApoEz3ag9dB3Vg+SvNGA/go4kBkcu5cO1LFw4qv9m7/Fyls3MvX8+dflize0NIWoIpu+7TovEsgSEyM609Uejca+XBNgjqeC0FdPMWKueFE5D47zSmWFwhDZfYveCfiktVWAmY4nrj1L46aV3xeFAaeFUeHFWCa9qGk4w2Zn6+HrgQYOvhHCpzF6bXVa8joFanHQmb01vPaAJpnVdAILZARS7a6k5gYul0a2A9RCDOkGsCZBpQEI85c3ArqKB1PjX7A3UD1a32ITqVWZE4v+4hRWrMt2demOn+EGVI/HllCEZwMi3wd4NkkS77L2fFCp+BdzAV81hybXmtmowJExtUD0I/U+PjK1QZnPxXtTHAVBUk++E+bSLCbQq5X0qthjGRXW03TuEVVllFndmMxsITF87LGyYx/WSZTg=","tenantToken":"eyJhbGciOiJSUzI1NiIsInR5cCI6IkpXVCJ9.eyJleHAiOjE4MjI5Nzc4MzEsImlhdCI6MTc3OTc3NzgzMSwib3JnSWQiOiI2NiIsImV4dGVybmFsVGVuYW50SWQiOiJzaXZhLWl0LXVzIiwiZXh0ZXJuYWxVc2VySWQiOiJEZWZhdWx0IHRlbmFudCB1c2VyIn0.Jkh9zPlKsFfU9PdSoU-OgoJsA3y0DvE4146Z20M3_dwD1u3H-_4AJFdRinB4zRgsAMTh4AOHuVsFNZX3rFat9J_hAO6WRiD_opNWAbP_tY2oiPp_o-PFsoqx9rs-qKV65-3maVGoKr41X5tjOLUHjwFevoLBhxy51LcvZiURDrU25h0BGfxCClEyV3xKVD-9rC3IrVkBVaTpr79vuXpAGx5NNlGbUlHbW1TrDvUuN4p9TRwoQfWEliMHOuZnfo7QXVX_fVad-Soay6QjK8qN-6_W_1WVDognMl7LHwThGUFyu6NwRCt_J3SmAvBFoOvatf61BSLotwWUQlclQTs0gA","tenantId":"781","adminEmail":"sivakumar@konnectify.co","adminPassword":"konnectify","freshserviceAppName":"Freshservice","freshserviceAppId":"freshservice-1.0.0","freshserviceDomain":"sivakumar.freshservice.com","freshserviceApikey":"ZHgKqHflrMs94pFikuiD","freshserviceConnectionId":"3039","freshserviceConnectionName":"Freshservice Connection - 2026-05-26T06:42:45.868Z","superopsAppName":"SuperOps IT","superopsAppId":"superopsit-1.0.0","superopsDomain":"siva-it-us","superopsConnectionId":"3040","superopsApikey":"api-eyJhbGciOiJSUzI1NiJ9.eyJqdGkiOiIxOTg3Mzk1MzkxNzUzMTU0NTYwIiwicmFuZG9taXplciI6Iu-_vUbvv73vv70877-977-9X--_ve-_vSJ9.m6JxYTLA3ETs3HRrRWbRqGTmOirwOtyESdy0shf476qwJJfkcDZIuMn-p1mmrbMjBuaCmBpXRm3illwFqJdN9Aw9kkVnQnMs3IgCNewXDxDqCtf4e3EDWaWNtGs5inDGoLRbsHa68Dp8hV8X1riObW3RpkzgkFeEgKf6EWLT4SatkCgM8JfNF1k2l_rrTwrpoTkC5wYatojeAmWhyrwqbMCWEe_sIuxVbclev5q1VcymcNYC6ylPNYJ3Pa6MR2FzJ1Y8e0hz66hgL_M3hi9mCUI0evv57VRsAD3uSSh06etHS5WqLvmDcKonKj2bXrpM0KQ3fO6lT4YNx_MGepb15g","superopsConnectionName":"Superops Connection - 2026-05-26T06:42:45.868Z","superopsAccountType":"it","superopsRegion":"us","sinceDate":"04-05-2026","isInEditConfig":"","assetMapping":[{"superops_asset_class":{"id":"23","name":"Domain Controller"},"freshservice_asset_type":{"id":"30000367000","name":"Application Gateway"},"field_mappings":[{"superops_field":{"id":"assetId","name":"Asset Id"},"freshservice_field":{"id":"asset_tag","name":"Asset Tag"}},{"superops_field":{"id":"name","name":"Name"},"freshservice_field":{"id":"name","name":"Display Name"}}]}],"siteSeverityMapping":{"siteLocationMapping":[{"superops_site":"6027178066613911552","freshservice_location":30000039635}],"severityPriorityMapping":[{"superops_severity":"Low","freshservice_priority":1},{"superops_severity":"Critical","freshservice_priority":4}]},"ticketForm":{"subject":"Test ticket","planned_start_date":"","planned_end_date":"","planned_effort":"","impacted_locations":"","no_of_customers_impacted":"","unique_code":"","redington_ticket_id":"","description":"sample desc","business_impact":"","workspace_id":2,"status":2,"ticket_type":"","source":"","urgency":"","impact":"","group":"","department":"","category":"","major_incident_type":"","requester":"sivakumar@konnectify.co","requester_email":"","agent":""},"formattedTicketForm":{"subject":{"schema":"Test ticket","type":"string"},"description":{"schema":"sample desc","type":"string"},"workspace_id":{"schema":"2","type":"number"},"status":{"schema":"2","type":"number"},"email":{"schema":"sivakumar@konnectify.co","type":"string"}}},"isLocalAppInstalled":true,"isLocalAppEnabled":true},"superops_production:assetConnector_modules":{"newAssetId":"3020","updateAssetId":"3021","createdAt":1779777832955,"updatedAt":1779777832955},"superops_production:alertConnector_modules":{"alertCreatedConnectorId":"3022","alertResolvedConnectorId":"3023","resolveAlertOnTicketChangeConnectorId":"3024","webhookUrl":"https://skdemo.konnectifyapp.co/webhook/3105","createdAt":1779777837593,"updatedAt":1779777837593}}
2026-05-26 12:52:37.364 +0530 [debug] (data.js) Read {"report_hash":"164b6b376a3cd05500ae5d339dfa82b58fb0cf355e2ffc1a3429433c142392eb","supero_101_101_migrate_oauth_status":true,"supero_101_101_modules":{"supero_101_101_system_settings":{"currentHost":{"endpoint_urls":{"freshservice":"https://sivakumar.freshservice.com"},"subscribed_modules":["service_ticket"],"org_domain":"https://sivakumar-877416007896811476.myfreshworks.com","product_types":{"freshservice":"ITSM"},"itam_version":{"freshservice":"BASIC"}}},"supero_101_101_custom_iparams":{"__meta":{"secure":["app1_apikey"]},"domain":"skdemo","accessToken":"fGOnTMOApoEz3ag9dB3Vg+SvNGA/go4kBkcu5cO1LFw4qv9m7/Fyls3MvX8+dflize0NIWoIpu+7TovEsgSEyM609Uejca+XBNgjqeC0FdPMWKueFE5D47zSmWFwhDZfYveCfiktVWAmY4nrj1L46aV3xeFAaeFUeHFWCa9qGk4w2Zn6+HrgQYOvhHCpzF6bXVa8joFanHQmb01vPaAJpnVdAILZARS7a6k5gYul0a2A9RCDOkGsCZBpQEI85c3ArqKB1PjX7A3UD1a32ITqVWZE4v+4hRWrMt2demOn+EGVI/HllCEZwMi3wd4NkkS77L2fFCp+BdzAV81hybXmtmowJExtUD0I/U+PjK1QZnPxXtTHAVBUk++E+bSLCbQq5X0qthjGRXW03TuEVVllFndmMxsITF87LGyYx/WSZTg=","tenantToken":"eyJhbGciOiJSUzI1NiIsInR5cCI6IkpXVCJ9.eyJleHAiOjE4MjI5Nzc4MzEsImlhdCI6MTc3OTc3NzgzMSwib3JnSWQiOiI2NiIsImV4dGVybmFsVGVuYW50SWQiOiJzaXZhLWl0LXVzIiwiZXh0ZXJuYWxVc2VySWQiOiJEZWZhdWx0IHRlbmFudCB1c2VyIn0.Jkh9zPlKsFfU9PdSoU-OgoJsA3y0DvE4146Z20M3_dwD1u3H-_4AJFdRinB4zRgsAMTh4AOHuVsFNZX3rFat9J_hAO6WRiD_opNWAbP_tY2oiPp_o-PFsoqx9rs-qKV65-3maVGoKr41X5tjOLUHjwFevoLBhxy51LcvZiURDrU25h0BGfxCClEyV3xKVD-9rC3IrVkBVaTpr79vuXpAGx5NNlGbUlHbW1TrDvUuN4p9TRwoQfWEliMHOuZnfo7QXVX_fVad-Soay6QjK8qN-6_W_1WVDognMl7LHwThGUFyu6NwRCt_J3SmAvBFoOvatf61BSLotwWUQlclQTs0gA","tenantId":"781","adminEmail":"sivakumar@konnectify.co","adminPassword":"konnectify","freshserviceAppName":"Freshservice","freshserviceAppId":"freshservice-1.0.0","freshserviceDomain":"sivakumar.freshservice.com","freshserviceApikey":"ZHgKqHflrMs94pFikuiD","freshserviceConnectionId":"3039","freshserviceConnectionName":"Freshservice Connection - 2026-05-26T06:42:45.868Z","superopsAppName":"SuperOps IT","superopsAppId":"superopsit-1.0.0","superopsDomain":"siva-it-us","superopsConnectionId":"3040","superopsApikey":"api-eyJhbGciOiJSUzI1NiJ9.eyJqdGkiOiIxOTg3Mzk1MzkxNzUzMTU0NTYwIiwicmFuZG9taXplciI6Iu-_vUbvv73vv70877-977-9X--_ve-_vSJ9.m6JxYTLA3ETs3HRrRWbRqGTmOirwOtyESdy0shf476qwJJfkcDZIuMn-p1mmrbMjBuaCmBpXRm3illwFqJdN9Aw9kkVnQnMs3IgCNewXDxDqCtf4e3EDWaWNtGs5inDGoLRbsHa68Dp8hV8X1riObW3RpkzgkFeEgKf6EWLT4SatkCgM8JfNF1k2l_rrTwrpoTkC5wYatojeAmWhyrwqbMCWEe_sIuxVbclev5q1VcymcNYC6ylPNYJ3Pa6MR2FzJ1Y8e0hz66hgL_M3hi9mCUI0evv57VRsAD3uSSh06etHS5WqLvmDcKonKj2bXrpM0KQ3fO6lT4YNx_MGepb15g","superopsConnectionName":"Superops Connection - 2026-05-26T06:42:45.868Z","superopsAccountType":"it","superopsRegion":"us","sinceDate":"04-05-2026","isInEditConfig":"","assetMapping":[{"superops_asset_class":{"id":"23","name":"Domain Controller"},"freshservice_asset_type":{"id":"30000367000","name":"Application Gateway"},"field_mappings":[{"superops_field":{"id":"assetId","name":"Asset Id"},"freshservice_field":{"id":"asset_tag","name":"Asset Tag"}},{"superops_field":{"id":"name","name":"Name"},"freshservice_field":{"id":"name","name":"Display Name"}}]}],"siteSeverityMapping":{"siteLocationMapping":[{"superops_site":"6027178066613911552","freshservice_location":30000039635}],"severityPriorityMapping":[{"superops_severity":"Low","freshservice_priority":1},{"superops_severity":"Critical","freshservice_priority":4}]},"ticketForm":{"subject":"Test ticket","planned_start_date":"","planned_end_date":"","planned_effort":"","impacted_locations":"","no_of_customers_impacted":"","unique_code":"","redington_ticket_id":"","description":"sample desc","business_impact":"","workspace_id":2,"status":2,"ticket_type":"","source":"","urgency":"","impact":"","group":"","department":"","category":"","major_incident_type":"","requester":"sivakumar@konnectify.co","requester_email":"","agent":""},"formattedTicketForm":{"subject":{"schema":"Test ticket","type":"string"},"description":{"schema":"sample desc","type":"string"},"workspace_id":{"schema":"2","type":"number"},"status":{"schema":"2","type":"number"},"email":{"schema":"sivakumar@konnectify.co","type":"string"}}},"isLocalAppInstalled":true,"isLocalAppEnabled":true},"superops_production:assetConnector_modules":{"newAssetId":"3020","updateAssetId":"3021","createdAt":1779777832955,"updatedAt":1779777832955},"superops_production:alertConnector_modules":{"alertCreatedConnectorId":"3022","alertResolvedConnectorId":"3023","resolveAlertOnTicketChangeConnectorId":"3024","webhookUrl":"https://skdemo.konnectifyapp.co/webhook/3105","createdAt":1779777837593,"updatedAt":1779777837593}}
2026-05-26 12:52:37.366 +0530 [debug] (helper.js) HTTP response status: 200, success: true
2026-05-26 12:52:37.505 +0530 [debug] (coverage.js) Writing coverage.
2026-05-26 12:52:38.517 +0530 [debug] (coverage.js) Writing coverage.
2026-05-26 12:54:17.534 +0530 [info] 
NOTE: We recommend a coverage of 80% for apps that are to be published in the public marketplace.
2026-05-26 12:54:22.005 +0530 [debug] (configs.js) loaded default configs as "{"updates":{"manifest_url":"https://cdn.freshdev.io/assets/fdk/updates.json","changelog_url":"https://cdn.freshdev.io/assets/fdk/change-log.json","period":24},"log":{"level":"info"},"javascript":{"ecma_version":2020},"request":{"timeout":15000,"maxFilesPerRequest":5},"global_apps":{"enabled":true},"easel":{"enabled":false},"job":{"timeout":120000}}"
2026-05-26 12:54:22.008 +0530 [debug] (configs.js) loaded global configs as "{"request":{"timeout":15000},"job":{"timeout":120000},"global_apps":{"enabled":"true"}}"
2026-05-26 12:54:22.008 +0530 [debug] (configs.js) loaded local configs as "{"request":{"timeout":15000},"job":{"timeout":120000},"global_apps":{"enabled":"true"}}"
2026-05-26 12:54:22.008 +0530 [debug] (configs.js) loaded env configs as "{"updates":{},"log":{},"javascript":{},"request":{"timeout":15000,"maxFilesPerRequest":5},"job":{"timeout":120000}}"
2026-05-26 12:54:22.008 +0530 [debug] (configs.js) loaded resolved configs as "{"updates":{"manifest_url":"https://cdn.freshdev.io/assets/fdk/updates.json","changelog_url":"https://cdn.freshdev.io/assets/fdk/change-log.json","period":24},"log":{"level":"info"},"javascript":{"ecma_version":2020},"request":{"timeout":15000,"maxFilesPerRequest":5},"global_apps":{"enabled":"true"},"easel":{"enabled":false},"job":{"timeout":120000}}"
2026-05-26 12:54:22.008 +0530 [debug] (logger.js) Starting FDK in node v24.11.0 on darwin
2026-05-26 12:54:22.008 +0530 [debug] (sequelize.js) setting up sqilite at "/Users/sivakumar/Documents/freshworks/freshservice/superops_production/.fdk/store.sqlite"
2026-05-26 12:54:22.008 +0530 [debug] (data.js) Read {"version_details":{"cli":{"deprecated":{"version":"<9","message":"This FDK version has been deprecated. There will be no further feature updates to this version. For a seamless app-building experience, ensure to move to the latest FDK version. For more information, see https://developers.freshworks.com/docs/app-sdk/v2.3/freshdesk/migration-guide/#migrate-to-the-latest-platform-version."},"forced":{"version":"7.0.0","command":"npm install https://dl.freshdev.io/cli/fdk-7.0.0.tgz -g","message":"Your FDK version has been forced updated to v7.0.0, please visit https://community.developers.freshworks.com/t/fdk-v7-0-announcing-node-js-v12-and-es6-support/3606 to know more"},"latest":{"version":"10.1.2","command":"npm install https://cdn.freshdev.io/fdk/latest-v24.tgz -g","message":"You are on the latest FDK version. For information on the features available as part of this FDK version, see https://developers.freshworks.com/docs/?tab=modules."}},"addon":{"version":"2.2.7","url":"https://cdn.freshdev.io/assets/fdk/addons/addon.zip"}},"last_updated":{"time_stamp":1779694115295}}
2026-05-26 12:54:22.008 +0530 [debug] (updater.js) last check less than 24 hours ago, not looking for updates
2026-05-26 12:54:22.010 +0530 [debug] (index.js) running with opts {}
2026-05-26 12:54:22.089 +0530 [debug] (data.js) Read {"version_details":{"cli":{"deprecated":{"version":"<9","message":"This FDK version has been deprecated. There will be no further feature updates to this version. For a seamless app-building experience, ensure to move to the latest FDK version. For more information, see https://developers.freshworks.com/docs/app-sdk/v2.3/freshdesk/migration-guide/#migrate-to-the-latest-platform-version."},"forced":{"version":"7.0.0","command":"npm install https://dl.freshdev.io/cli/fdk-7.0.0.tgz -g","message":"Your FDK version has been forced updated to v7.0.0, please visit https://community.developers.freshworks.com/t/fdk-v7-0-announcing-node-js-v12-and-es6-support/3606 to know more"},"latest":{"version":"10.1.2","command":"npm install https://cdn.freshdev.io/fdk/latest-v24.tgz -g","message":"You are on the latest FDK version. For information on the features available as part of this FDK version, see https://developers.freshworks.com/docs/?tab=modules."}},"addon":{"version":"2.2.7","url":"https://cdn.freshdev.io/assets/fdk/addons/addon.zip"}},"last_updated":{"time_stamp":1779694115295}}
2026-05-26 12:54:22.092 +0530 [debug] (manifest.js) Reloading manifest with {"platform-version":"3.1","modules":{"common":{"functions":{"registerUser":{},"authConnection":{},"verifyLogin":{},"updateKonnector":{},"getAssetById":{}},"requests":{"getAllTickets":{},"getAssets":{},"getFreshserviceAssetTypes":{},"getFreshserviceAssetFields":{},"getAdminAccessToken":{},"getTenantToken":{},"getFreshserviceWorkspace":{},"getAssetById":{},"getRequesters":{},"getAgents":{},"getAllTicketFields":{},"getAgentById":{},"getRequesterById":{},"getAllSiteFromSuperops":{},"getLocations":{}},"events":{"onAppInstall":{"handler":"onAppInstallCallback"},"onAppUninstall":{"handler":"onAppUninstallCallback"}}},"service_ticket":{"location":{"ticket_sidebar":{"url":"index.html","icon":"./styles/images/logo.svg"}},"events":{"onTicketUpdate":{"handler":"onTicketUpdateCallback"}}}},"engines":{"node":"24.11.0","fdk":"10.1.1"},"dependencies":{"axios":"0.20.0"},"scripts":{"fdk-unit-test":"vitest run --coverage"}}.
2026-05-26 12:54:22.092 +0530 [debug] (manifest.js) Inferred db,backend as features.
2026-05-26 12:54:22.093 +0530 [debug] (data.js) Read {"version_details":{"cli":{"deprecated":{"version":"<9","message":"This FDK version has been deprecated. There will be no further feature updates to this version. For a seamless app-building experience, ensure to move to the latest FDK version. For more information, see https://developers.freshworks.com/docs/app-sdk/v2.3/freshdesk/migration-guide/#migrate-to-the-latest-platform-version."},"forced":{"version":"7.0.0","command":"npm install https://dl.freshdev.io/cli/fdk-7.0.0.tgz -g","message":"Your FDK version has been forced updated to v7.0.0, please visit https://community.developers.freshworks.com/t/fdk-v7-0-announcing-node-js-v12-and-es6-support/3606 to know more"},"latest":{"version":"10.1.2","command":"npm install https://cdn.freshdev.io/fdk/latest-v24.tgz -g","message":"You are on the latest FDK version. For information on the features available as part of this FDK version, see https://developers.freshworks.com/docs/?tab=modules."}},"addon":{"version":"2.2.7","url":"https://cdn.freshdev.io/assets/fdk/addons/addon.zip"}},"last_updated":{"time_stamp":1779694115295}}
2026-05-26 12:54:22.280 +0530 [debug] (coverage.js) INIT: About to merge initial coverage data with 3 files
2026-05-26 12:54:22.281 +0530 [debug] (coverage.js) INIT: After merge - Files in map: 3
2026-05-26 12:54:22.323 +0530 [debug] (index.js) Initializing AJV schemas from individual files
2026-05-26 12:54:22.323 +0530 [debug] (index.js) Compiling schemas...
2026-05-26 12:54:22.331 +0530 [debug] (index.js) All schemas compiled successfully
2026-05-26 12:54:22.537 +0530 [debug] (index.js) 'schema: ' [object Object]
2026-05-26 12:54:22.541 +0530 [debug] (index.js) 'schema: ' [object Object]
2026-05-26 12:54:22.542 +0530 [debug] (index.js) 'schema: ' [object Object]
2026-05-26 12:54:22.542 +0530 [debug] (index.js) 'schema: ' [object Object]
2026-05-26 12:54:22.543 +0530 [debug] (index.js) 'schema: ' [object Object]
2026-05-26 12:54:22.544 +0530 [debug] (index.js) 'schema: ' [object Object]
2026-05-26 12:54:22.545 +0530 [debug] (index.js) 'schema: ' [object Object]
2026-05-26 12:54:22.548 +0530 [debug] (index.js) 'schema: ' [object Object]
2026-05-26 12:54:22.548 +0530 [debug] (index.js) 'schema: ' [object Object]
2026-05-26 12:54:22.549 +0530 [debug] (index.js) 'schema: ' [object Object]
2026-05-26 12:54:22.552 +0530 [debug] (index.js) 'schema: ' [object Object]
2026-05-26 12:54:22.553 +0530 [debug] (index.js) 'schema: ' [object Object]
2026-05-26 12:54:22.554 +0530 [debug] (index.js) 'schema: ' [object Object]
2026-05-26 12:54:22.554 +0530 [debug] (index.js) 'schema: ' [object Object]
2026-05-26 12:54:22.554 +0530 [debug] (index.js) 'schema: ' [object Object]
2026-05-26 12:54:22.556 +0530 [debug] (index.js) 'schema: ' [object Object]
2026-05-26 12:54:22.557 +0530 [debug] (index.js) 'schema: ' [object Object]
2026-05-26 12:54:22.563 +0530 [debug] (index.js) 'schema: ' [object Object]
2026-05-26 12:54:23.072 +0530 [debug] (pack.js) 'pack' called with {"1":true}
2026-05-26 12:54:23.072 +0530 [debug] (validate.js) asked to skip the following validations, 
2026-05-26 12:54:23.073 +0530 [debug] (validate.js) running validator actions
2026-05-26 12:54:23.073 +0530 [debug] (validate.js) running validator requests
2026-05-26 12:54:23.073 +0530 [debug] (requests.js) validating request template for "getAllTickets"
2026-05-26 12:54:23.073 +0530 [debug] (validate.js) running validator app-dir
2026-05-26 12:54:23.073 +0530 [debug] (validate.js) running validator config-dir
2026-05-26 12:54:23.073 +0530 [debug] (config-dir.js) Checking to see if /Users/sivakumar/Documents/freshworks/freshservice/superops_production/config/ exists.
2026-05-26 12:54:23.073 +0530 [debug] (config-dir.js) Fetched the following config files assets,iparams.html,requests.json
2026-05-26 12:54:23.073 +0530 [debug] (validate.js) running validator custom-objects
2026-05-26 12:54:23.073 +0530 [debug] (validate.js) running validator event
2026-05-26 12:54:23.083 +0530 [debug] (event.js) Found ["onAppInstallCallback","onTicketUpdateCallback","onAppUninstallCallback","updateKonnector","registerUser","authConnection","verifyLogin","getAssetById"] as exported functions.
2026-05-26 12:54:23.083 +0530 [debug] (validate.js) running validator iparam
2026-05-26 12:54:23.105 +0530 [debug] (validate.js) running validator lint
2026-05-26 12:54:23.105 +0530 [debug] (lint.js) passed fix flag: undefined
2026-05-26 12:54:23.107 +0530 [debug] (lint.js) Running the following lints on the file app/scripts/app.js : no-eval,no-alert,no-debugger,no-unreachable,no-duplicate-imports,constructor-super,for-direction,no-class-assign,no-new-native-nonconstructor,valid-typeof,no-eq-null,no-var,require-await,no-unreachable-loop,no-redeclare,no-self-assign,no-setter-return,no-shadow-restricted-names,no-this-before-super,no-unsafe-finally,no-unsafe-optional-chaining,no-unused-vars,no-useless-catch,eqeqeq,prefer-const,require-yield,no-global-assign,no-caller,no-process-env,complexity,max-nested-callbacks,handle-callback-err,getter-return,no-async-promise-executor,no-case-declarations,no-compare-neg-zero,no-cond-assign,no-const-assign,no-constant-condition,no-control-regex,no-delete-var,no-dupe-args,no-dupe-class-members,no-dupe-else-if,no-dupe-keys,no-duplicate-case,no-empty,no-empty-character-class,no-empty-pattern,no-ex-assign,no-extra-boolean-cast,no-extra-semi,no-fallthrough,no-func-assign,no-import-assign,no-inner-declarations,no-invalid-regexp,no-irregular-whitespace,no-loss-of-precision,no-misleading-character-class,no-mixed-spaces-and-tabs,no-nonoctal-decimal-escape,no-obj-calls,no-octal,no-prototype-builtins,no-regex-spaces,no-sparse-arrays,no-unexpected-multiline,no-unsafe-negation,no-unused-labels,no-useless-backreference,no-useless-escape,no-with,use-isnan,no-unpkg-cdn,no-proxy-requests,no-unhandled-promise,no-logging-rejections,no-non-client-request-model,no-deprecated-apis,no-cross-scope-assign,no-empty-function
2026-05-26 12:54:23.184 +0530 [debug] (lint.js) Running the following lints on the file server/additionalConnectors.js : no-eval,no-alert,no-debugger,no-unreachable,no-duplicate-imports,constructor-super,for-direction,no-class-assign,no-new-native-nonconstructor,valid-typeof,no-eq-null,no-var,require-await,no-unreachable-loop,no-redeclare,no-self-assign,no-setter-return,no-shadow-restricted-names,no-this-before-super,no-unsafe-finally,no-unsafe-optional-chaining,no-unused-vars,no-useless-catch,eqeqeq,prefer-const,require-yield,no-global-assign,no-caller,no-process-env,complexity,max-nested-callbacks,handle-callback-err,getter-return,no-async-promise-executor,no-case-declarations,no-compare-neg-zero,no-cond-assign,no-const-assign,no-constant-condition,no-control-regex,no-delete-var,no-dupe-args,no-dupe-class-members,no-dupe-else-if,no-dupe-keys,no-duplicate-case,no-empty,no-empty-character-class,no-empty-pattern,no-ex-assign,no-extra-boolean-cast,no-extra-semi,no-fallthrough,no-func-assign,no-import-assign,no-inner-declarations,no-invalid-regexp,no-irregular-whitespace,no-loss-of-precision,no-misleading-character-class,no-mixed-spaces-and-tabs,no-nonoctal-decimal-escape,no-obj-calls,no-octal,no-prototype-builtins,no-regex-spaces,no-sparse-arrays,no-unexpected-multiline,no-unsafe-negation,no-unused-labels,no-useless-backreference,no-useless-escape,no-with,use-isnan,no-unpkg-cdn,no-proxy-requests,no-unhandled-promise,no-logging-rejections,no-non-client-request-model,no-deprecated-apis,no-dependency-mismatch,no-empty-function
2026-05-26 12:54:23.209 +0530 [debug] (lint.js) Running the following lints on the file server/createKonnectorJson.js : no-eval,no-alert,no-debugger,no-unreachable,no-duplicate-imports,constructor-super,for-direction,no-class-assign,no-new-native-nonconstructor,valid-typeof,no-eq-null,no-var,require-await,no-unreachable-loop,no-redeclare,no-self-assign,no-setter-return,no-shadow-restricted-names,no-this-before-super,no-unsafe-finally,no-unsafe-optional-chaining,no-unused-vars,no-useless-catch,eqeqeq,prefer-const,require-yield,no-global-assign,no-caller,no-process-env,complexity,max-nested-callbacks,handle-callback-err,getter-return,no-async-promise-executor,no-case-declarations,no-compare-neg-zero,no-cond-assign,no-const-assign,no-constant-condition,no-control-regex,no-delete-var,no-dupe-args,no-dupe-class-members,no-dupe-else-if,no-dupe-keys,no-duplicate-case,no-empty,no-empty-character-class,no-empty-pattern,no-ex-assign,no-extra-boolean-cast,no-extra-semi,no-fallthrough,no-func-assign,no-import-assign,no-inner-declarations,no-invalid-regexp,no-irregular-whitespace,no-loss-of-precision,no-misleading-character-class,no-mixed-spaces-and-tabs,no-nonoctal-decimal-escape,no-obj-calls,no-octal,no-prototype-builtins,no-regex-spaces,no-sparse-arrays,no-unexpected-multiline,no-unsafe-negation,no-unused-labels,no-useless-backreference,no-useless-escape,no-with,use-isnan,no-unpkg-cdn,no-proxy-requests,no-unhandled-promise,no-logging-rejections,no-non-client-request-model,no-deprecated-apis,no-dependency-mismatch,no-empty-function
2026-05-26 12:54:23.235 +0530 [debug] (lint.js) Running the following lints on the file server/server.js : no-eval,no-alert,no-debugger,no-unreachable,no-duplicate-imports,constructor-super,for-direction,no-class-assign,no-new-native-nonconstructor,valid-typeof,no-eq-null,no-var,require-await,no-unreachable-loop,no-redeclare,no-self-assign,no-setter-return,no-shadow-restricted-names,no-this-before-super,no-unsafe-finally,no-unsafe-optional-chaining,no-unused-vars,no-useless-catch,eqeqeq,prefer-const,require-yield,no-global-assign,no-caller,no-process-env,complexity,max-nested-callbacks,handle-callback-err,getter-return,no-async-promise-executor,no-case-declarations,no-compare-neg-zero,no-cond-assign,no-const-assign,no-constant-condition,no-control-regex,no-delete-var,no-dupe-args,no-dupe-class-members,no-dupe-else-if,no-dupe-keys,no-duplicate-case,no-empty,no-empty-character-class,no-empty-pattern,no-ex-assign,no-extra-boolean-cast,no-extra-semi,no-fallthrough,no-func-assign,no-import-assign,no-inner-declarations,no-invalid-regexp,no-irregular-whitespace,no-loss-of-precision,no-misleading-character-class,no-mixed-spaces-and-tabs,no-nonoctal-decimal-escape,no-obj-calls,no-octal,no-prototype-builtins,no-regex-spaces,no-sparse-arrays,no-unexpected-multiline,no-unsafe-negation,no-unused-labels,no-useless-backreference,no-useless-escape,no-with,use-isnan,no-unpkg-cdn,no-proxy-requests,no-unhandled-promise,no-logging-rejections,no-non-client-request-model,no-deprecated-apis,no-dependency-mismatch,no-empty-function
2026-05-26 12:54:23.269 +0530 [debug] (lint.js) Running the following lints on the file config/assets/scripts/iparams.js : no-unpkg-cdn,no-proxy-requests,no-logging-rejections
2026-05-26 12:54:23.371 +0530 [debug] (validate.js) running validator manifest
2026-05-26 12:54:23.371 +0530 [debug] (validate.js) running validator manifest-dependency
2026-05-26 12:54:23.372 +0530 [debug] (validate.js) skipping validator manifest-scripts
2026-05-26 12:54:23.372 +0530 [debug] (validate.js) running validator oauth
2026-05-26 12:54:23.372 +0530 [debug] (validate.js) skipping validator pkgsize
2026-05-26 12:54:23.372 +0530 [debug] (validate.js) skipping validator schema
2026-05-26 12:54:23.372 +0530 [debug] (validate.js) running validator version-check
2026-05-26 12:54:23.372 +0530 [debug] (validate.js) running validator app-settings
2026-05-26 12:54:23.374 +0530 [debug] (event.js) Found ["onAppInstallCallback","onTicketUpdateCallback","onAppUninstallCallback","updateKonnector","registerUser","authConnection","verifyLogin","getAssetById"] as exported functions.
2026-05-26 12:54:23.374 +0530 [debug] (manifest.js) Validating function registerUser
2026-05-26 12:54:23.375 +0530 [debug] (http.js) Failed to parse URL: https://<%= context.host %>, error: Invalid URL
2026-05-26 12:54:23.383 +0530 [debug] (manifest.js) Validating function authConnection
2026-05-26 12:54:23.383 +0530 [debug] (requests.js) validating request template for "getAssets"
2026-05-26 12:54:23.383 +0530 [debug] (manifest.js) Validating function verifyLogin
2026-05-26 12:54:23.383 +0530 [debug] (http.js) Failed to parse URL: https://<%= context.host %>, error: Invalid URL
2026-05-26 12:54:23.383 +0530 [debug] (manifest.js) Validating function updateKonnector
2026-05-26 12:54:23.383 +0530 [debug] (requests.js) validating request template for "getFreshserviceAssetTypes"
2026-05-26 12:54:23.383 +0530 [debug] (manifest.js) Validating function getAssetById
2026-05-26 12:54:23.383 +0530 [debug] (http.js) Failed to parse URL: https://<%=context.host%>.freshservice.com, error: Invalid URL
2026-05-26 12:54:23.383 +0530 [debug] (requests.js) validating request template for "getFreshserviceAssetFields"
2026-05-26 12:54:23.383 +0530 [debug] (http.js) Failed to parse URL: https://<%=context.host%>.freshservice.com, error: Invalid URL
2026-05-26 12:54:23.385 +0530 [debug] (requests.js) validating request template for "getAdminAccessToken"
2026-05-26 12:54:23.385 +0530 [debug] (http.js) Failed to parse URL: https://<%= context.host %>.konnectifyapp.co, error: Invalid URL
2026-05-26 12:54:23.385 +0530 [debug] (http.js) Failed to parse URL: https://<%= context.host %>, error: Invalid URL
2026-05-26 12:54:23.385 +0530 [debug] (requests.js) validating request template for "getTenantToken"
2026-05-26 12:54:23.385 +0530 [debug] (request.js) Checking request template for multi-oauth app
2026-05-26 12:54:23.385 +0530 [debug] (http.js) Failed to parse URL: https://<%= context.host %>.konnectifyapp.co, error: Invalid URL
2026-05-26 12:54:23.385 +0530 [debug] (requests.js) validating request template for "getFreshserviceWorkspace"
2026-05-26 12:54:23.385 +0530 [debug] (http.js) Failed to parse URL: https://<%= context.host %>, error: Invalid URL
2026-05-26 12:54:23.385 +0530 [debug] (http.js) Failed to parse URL: https://<%= context.domain %>.freshservice.com, error: Invalid URL
2026-05-26 12:54:23.386 +0530 [debug] (request.js) Checking request template for multi-oauth app
2026-05-26 12:54:23.386 +0530 [debug] (requests.js) validating request template for "getAssetById"
2026-05-26 12:54:23.386 +0530 [debug] (http.js) Failed to parse URL: https://<%=context.host%>.freshservice.com, error: Invalid URL
2026-05-26 12:54:23.386 +0530 [debug] (http.js) Failed to parse URL: https://<%= context.domain %>, error: Invalid URL
2026-05-26 12:54:23.386 +0530 [debug] (request.js) Checking request template for multi-oauth app
2026-05-26 12:54:23.386 +0530 [debug] (requests.js) validating request template for "getRequesters"
2026-05-26 12:54:23.386 +0530 [debug] (http.js) Failed to parse URL: https://<%= context.host %>, error: Invalid URL
2026-05-26 12:54:23.386 +0530 [debug] (http.js) Failed to parse URL: https://<%=context.host%>.freshservice.com, error: Invalid URL
2026-05-26 12:54:23.386 +0530 [debug] (requests.js) validating request template for "getAgents"
2026-05-26 12:54:23.386 +0530 [debug] (request.js) Checking request template for multi-oauth app
2026-05-26 12:54:23.386 +0530 [debug] (http.js) Failed to parse URL: https://<%= context.host %>, error: Invalid URL
2026-05-26 12:54:23.386 +0530 [debug] (http.js) Failed to parse URL: https://<%= context.host %>.konnectifyapp.co, error: Invalid URL
2026-05-26 12:54:23.386 +0530 [debug] (requests.js) validating request template for "getAllTicketFields"
2026-05-26 12:54:23.386 +0530 [debug] (request.js) Checking request template for multi-oauth app
2026-05-26 12:54:23.386 +0530 [debug] (http.js) Failed to parse URL: https://<%= context.host %>, error: Invalid URL
2026-05-26 12:54:23.386 +0530 [debug] (requests.js) validating request template for "getRequesterById"
2026-05-26 12:54:23.386 +0530 [debug] (http.js) Failed to parse URL: https://<%= context.host %>.konnectifyapp.co, error: Invalid URL
2026-05-26 12:54:23.386 +0530 [debug] (http.js) Failed to parse URL: https://<%= context.host %>, error: Invalid URL
2026-05-26 12:54:23.386 +0530 [debug] (request.js) Checking request template for multi-oauth app
2026-05-26 12:54:23.386 +0530 [debug] (requests.js) validating request template for "getAgentById"
2026-05-26 12:54:23.386 +0530 [debug] (http.js) Failed to parse URL: https://<%= context.domain %>.freshservice.com, error: Invalid URL
2026-05-26 12:54:23.386 +0530 [debug] (http.js) Failed to parse URL: https://<%= context.host %>, error: Invalid URL
2026-05-26 12:54:23.386 +0530 [debug] (request.js) Checking request template for multi-oauth app
2026-05-26 12:54:23.386 +0530 [debug] (requests.js) validating request template for "getAllSiteFromSuperops"
2026-05-26 12:54:23.386 +0530 [debug] (http.js) Failed to parse URL: https://<%= context.host %>, error: Invalid URL
2026-05-26 12:54:23.386 +0530 [debug] (http.js) Failed to parse URL: https://<%= context.domain %>, error: Invalid URL
2026-05-26 12:54:23.386 +0530 [debug] (requests.js) validating request template for "getLocations"
2026-05-26 12:54:23.386 +0530 [debug] (request.js) Checking request template for multi-oauth app
2026-05-26 12:54:23.386 +0530 [debug] (http.js) Failed to parse URL: https://<%= context.host %>, error: Invalid URL
2026-05-26 12:54:23.386 +0530 [debug] (http.js) Failed to parse URL: https://<%= context.host %>, error: Invalid URL
2026-05-26 12:54:23.386 +0530 [debug] (request.js) Checking request template for multi-oauth app
2026-05-26 12:54:23.386 +0530 [debug] (http.js) Failed to parse URL: https://<%= context.host %>, error: Invalid URL
2026-05-26 12:54:23.386 +0530 [debug] (request.js) Checking request template for multi-oauth app
2026-05-26 12:54:23.386 +0530 [debug] (http.js) Failed to parse URL: https://<%= context.host %>, error: Invalid URL
2026-05-26 12:54:23.386 +0530 [debug] (request.js) Checking request template for multi-oauth app
2026-05-26 12:54:23.386 +0530 [debug] (http.js) Failed to parse URL: https://<%= context.host %>, error: Invalid URL
2026-05-26 12:54:23.386 +0530 [debug] (request.js) Checking request template for multi-oauth app
2026-05-26 12:54:23.386 +0530 [debug] (http.js) Failed to parse URL: https://<%= context.host %>, error: Invalid URL
2026-05-26 12:54:23.386 +0530 [debug] (request.js) Checking request template for multi-oauth app
2026-05-26 12:54:23.387 +0530 [debug] (http.js) Failed to parse URL: https://<%= context.host %>, error: Invalid URL
2026-05-26 12:54:23.387 +0530 [debug] (request.js) Checking request template for multi-oauth app
2026-05-26 12:54:23.387 +0530 [debug] (http.js) Failed to parse URL: https://<%= context.host %>, error: Invalid URL
2026-05-26 12:54:23.387 +0530 [debug] (request.js) Checking request template for multi-oauth app
2026-05-26 12:54:23.512 +0530 [error] Packing failed due to the following issue(s):
2026-05-26 12:54:23.512 +0530 [error] 
2026-05-26 12:54:23.512 +0530 [error] Lint errors:
2026-05-26 12:54:23.512 +0530 [error] [31m✖[39m config/assets/scripts/iparams.js::820: 'validate' is defined but never used.
2026-05-26 12:54:23.512 +0530 [error] [31m✖[39m config/assets/scripts/iparams.js::3150: 'postConfigs' is defined but never used.
2026-05-26 12:54:23.512 +0530 [error] [31m✖[39m config/assets/scripts/iparams.js::3189: 'getConfigs' is defined but never used.
2026-05-26 12:54:23.512 +0530 [error] 
2026-05-26 12:54:23.512 +0530 [warn] Please ensure that the following are addressed for quick review process:
2026-05-26 12:54:23.512 +0530 [warn] [33m⚠[39m app/scripts/app.js::13: 'client' declared and assigned in different scopes. Possible asynchronous race condition.
2026-05-26 12:54:23.512 +0530 [warn] [33m⚠[39m app/scripts/app.js::19: 'activated' declared and assigned in different scopes. Possible asynchronous race condition.
2026-05-26 12:54:23.512 +0530 [warn] [33m⚠[39m app/scripts/app.js::28: 'globalRegion' declared and assigned in different scopes. Possible asynchronous race condition.
2026-05-26 12:54:23.512 +0530 [warn] [33m⚠[39m app/scripts/app.js::29: 'globalDomain' declared and assigned in different scopes. Possible asynchronous race condition.
2026-05-26 12:54:23.512 +0530 [warn] [33m⚠[39m app/scripts/app.js::31: 'globalAssets' declared and assigned in different scopes. Possible asynchronous race condition.
2026-05-26 12:54:23.512 +0530 [warn] [33m⚠[39m server/additionalConnectors.js::6: Arrow function has a complexity of 9. Maximum allowed is 7.
2026-05-26 12:54:23.512 +0530 [warn] [33m⚠[39m server/additionalConnectors.js::63: Async method 'saveAndActivate' has a complexity of 11. Maximum allowed is 7.
2026-05-26 12:54:23.512 +0530 [warn] [33m⚠[39m server/server.js::124: Async method 'onTicketUpdateCallback' has a complexity of 9. Maximum allowed is 7.
2026-05-26 12:54:23.512 +0530 [warn] [33m⚠[39m server/server.js::165: possible deprecated API usage detected
2026-05-26 12:54:23.512 +0530 [warn] [33m⚠[39m server/server.js::276: Async method 'registerUser' has a complexity of 9. Maximum allowed is 7.
2026-05-26 12:54:23.512 +0530 [warn] [33m⚠[39m server/server.js::310: Async method 'authConnection' has a complexity of 14. Maximum allowed is 7.
2026-05-26 12:54:23.512 +0530 [warn] [33m⚠[39m server/server.js::476: Async function 'createNewConnectors' has a complexity of 11. Maximum allowed is 7.
2026-05-26 12:54:23.512 +0530 [warn] [33m⚠[39m server/server.js::557: Async function 'getConnectorDetails' has a complexity of 11. Maximum allowed is 7.
2026-05-26 12:54:23.512 +0530 [warn] 
[1mYour app might be using one or more API endpoints that will be deprecated soon. Please go through the deprecation notice (https://community.freshworks.dev/t/freshservice-rest-api-v1-deprecation-notice/5899) to find alternate resources.[0m
2026-05-26 12:54:23.513 +0530 [warn] 
2026-05-26 12:54:23.529 +0530 [debug] (report.js) Generating hash for report.json file
2026-05-26 12:54:31.547 +0530 [debug] (configs.js) loaded default configs as "{"updates":{"manifest_url":"https://cdn.freshdev.io/assets/fdk/updates.json","changelog_url":"https://cdn.freshdev.io/assets/fdk/change-log.json","period":24},"log":{"level":"info"},"javascript":{"ecma_version":2020},"request":{"timeout":15000,"maxFilesPerRequest":5},"global_apps":{"enabled":true},"easel":{"enabled":false},"job":{"timeout":120000}}"
2026-05-26 12:54:31.548 +0530 [debug] (configs.js) loaded global configs as "{"request":{"timeout":15000},"job":{"timeout":120000},"global_apps":{"enabled":"true"}}"
2026-05-26 12:54:31.548 +0530 [debug] (configs.js) loaded local configs as "{"request":{"timeout":15000},"job":{"timeout":120000},"global_apps":{"enabled":"true"}}"
2026-05-26 12:54:31.548 +0530 [debug] (configs.js) loaded env configs as "{"updates":{},"log":{},"javascript":{},"request":{"timeout":15000,"maxFilesPerRequest":5},"job":{"timeout":120000}}"
2026-05-26 12:54:31.548 +0530 [debug] (configs.js) loaded resolved configs as "{"updates":{"manifest_url":"https://cdn.freshdev.io/assets/fdk/updates.json","changelog_url":"https://cdn.freshdev.io/assets/fdk/change-log.json","period":24},"log":{"level":"info"},"javascript":{"ecma_version":2020},"request":{"timeout":15000,"maxFilesPerRequest":5},"global_apps":{"enabled":"true"},"easel":{"enabled":false},"job":{"timeout":120000}}"
2026-05-26 12:54:31.548 +0530 [debug] (logger.js) Starting FDK in node v24.11.0 on darwin
2026-05-26 12:54:31.548 +0530 [debug] (sequelize.js) setting up sqilite at "/Users/sivakumar/Documents/freshworks/freshservice/superops_production/.fdk/store.sqlite"
2026-05-26 12:54:31.548 +0530 [debug] (data.js) Read {"version_details":{"cli":{"deprecated":{"version":"<9","message":"This FDK version has been deprecated. There will be no further feature updates to this version. For a seamless app-building experience, ensure to move to the latest FDK version. For more information, see https://developers.freshworks.com/docs/app-sdk/v2.3/freshdesk/migration-guide/#migrate-to-the-latest-platform-version."},"forced":{"version":"7.0.0","command":"npm install https://dl.freshdev.io/cli/fdk-7.0.0.tgz -g","message":"Your FDK version has been forced updated to v7.0.0, please visit https://community.developers.freshworks.com/t/fdk-v7-0-announcing-node-js-v12-and-es6-support/3606 to know more"},"latest":{"version":"10.1.2","command":"npm install https://cdn.freshdev.io/fdk/latest-v24.tgz -g","message":"You are on the latest FDK version. For information on the features available as part of this FDK version, see https://developers.freshworks.com/docs/?tab=modules."}},"addon":{"version":"2.2.7","url":"https://cdn.freshdev.io/assets/fdk/addons/addon.zip"}},"last_updated":{"time_stamp":1779694115295}}
2026-05-26 12:54:31.548 +0530 [debug] (updater.js) last check less than 24 hours ago, not looking for updates
2026-05-26 12:54:31.550 +0530 [debug] (index.js) running with opts {}
2026-05-26 12:54:31.614 +0530 [debug] (data.js) Read {"version_details":{"cli":{"deprecated":{"version":"<9","message":"This FDK version has been deprecated. There will be no further feature updates to this version. For a seamless app-building experience, ensure to move to the latest FDK version. For more information, see https://developers.freshworks.com/docs/app-sdk/v2.3/freshdesk/migration-guide/#migrate-to-the-latest-platform-version."},"forced":{"version":"7.0.0","command":"npm install https://dl.freshdev.io/cli/fdk-7.0.0.tgz -g","message":"Your FDK version has been forced updated to v7.0.0, please visit https://community.developers.freshworks.com/t/fdk-v7-0-announcing-node-js-v12-and-es6-support/3606 to know more"},"latest":{"version":"10.1.2","command":"npm install https://cdn.freshdev.io/fdk/latest-v24.tgz -g","message":"You are on the latest FDK version. For information on the features available as part of this FDK version, see https://developers.freshworks.com/docs/?tab=modules."}},"addon":{"version":"2.2.7","url":"https://cdn.freshdev.io/assets/fdk/addons/addon.zip"}},"last_updated":{"time_stamp":1779694115295}}
2026-05-26 12:54:31.616 +0530 [debug] (manifest.js) Reloading manifest with {"platform-version":"3.1","modules":{"common":{"functions":{"registerUser":{},"authConnection":{},"verifyLogin":{},"updateKonnector":{},"getAssetById":{}},"requests":{"getAllTickets":{},"getAssets":{},"getFreshserviceAssetTypes":{},"getFreshserviceAssetFields":{},"getAdminAccessToken":{},"getTenantToken":{},"getFreshserviceWorkspace":{},"getAssetById":{},"getRequesters":{},"getAgents":{},"getAllTicketFields":{},"getAgentById":{},"getRequesterById":{},"getAllSiteFromSuperops":{},"getLocations":{}},"events":{"onAppInstall":{"handler":"onAppInstallCallback"},"onAppUninstall":{"handler":"onAppUninstallCallback"}}},"service_ticket":{"location":{"ticket_sidebar":{"url":"index.html","icon":"./styles/images/logo.svg"}},"events":{"onTicketUpdate":{"handler":"onTicketUpdateCallback"}}}},"engines":{"node":"24.11.0","fdk":"10.1.1"},"dependencies":{"axios":"0.20.0"},"scripts":{"fdk-unit-test":"vitest run --coverage"}}.
2026-05-26 12:54:31.616 +0530 [debug] (manifest.js) Inferred db,backend as features.
2026-05-26 12:54:31.617 +0530 [debug] (data.js) Read {"version_details":{"cli":{"deprecated":{"version":"<9","message":"This FDK version has been deprecated. There will be no further feature updates to this version. For a seamless app-building experience, ensure to move to the latest FDK version. For more information, see https://developers.freshworks.com/docs/app-sdk/v2.3/freshdesk/migration-guide/#migrate-to-the-latest-platform-version."},"forced":{"version":"7.0.0","command":"npm install https://dl.freshdev.io/cli/fdk-7.0.0.tgz -g","message":"Your FDK version has been forced updated to v7.0.0, please visit https://community.developers.freshworks.com/t/fdk-v7-0-announcing-node-js-v12-and-es6-support/3606 to know more"},"latest":{"version":"10.1.2","command":"npm install https://cdn.freshdev.io/fdk/latest-v24.tgz -g","message":"You are on the latest FDK version. For information on the features available as part of this FDK version, see https://developers.freshworks.com/docs/?tab=modules."}},"addon":{"version":"2.2.7","url":"https://cdn.freshdev.io/assets/fdk/addons/addon.zip"}},"last_updated":{"time_stamp":1779694115295}}
2026-05-26 12:54:31.737 +0530 [debug] (coverage.js) INIT: About to merge initial coverage data with 3 files
2026-05-26 12:54:31.737 +0530 [debug] (coverage.js) INIT: After merge - Files in map: 3
2026-05-26 12:54:31.775 +0530 [debug] (index.js) Initializing AJV schemas from individual files
2026-05-26 12:54:31.775 +0530 [debug] (index.js) Compiling schemas...
2026-05-26 12:54:31.782 +0530 [debug] (index.js) All schemas compiled successfully
2026-05-26 12:54:31.955 +0530 [debug] (index.js) 'schema: ' [object Object]
2026-05-26 12:54:31.960 +0530 [debug] (index.js) 'schema: ' [object Object]
2026-05-26 12:54:31.960 +0530 [debug] (index.js) 'schema: ' [object Object]
2026-05-26 12:54:31.960 +0530 [debug] (index.js) 'schema: ' [object Object]
2026-05-26 12:54:31.961 +0530 [debug] (index.js) 'schema: ' [object Object]
2026-05-26 12:54:31.962 +0530 [debug] (index.js) 'schema: ' [object Object]
2026-05-26 12:54:31.963 +0530 [debug] (index.js) 'schema: ' [object Object]
2026-05-26 12:54:31.966 +0530 [debug] (index.js) 'schema: ' [object Object]
2026-05-26 12:54:31.966 +0530 [debug] (index.js) 'schema: ' [object Object]
2026-05-26 12:54:31.967 +0530 [debug] (index.js) 'schema: ' [object Object]
2026-05-26 12:54:31.969 +0530 [debug] (index.js) 'schema: ' [object Object]
2026-05-26 12:54:31.971 +0530 [debug] (index.js) 'schema: ' [object Object]
2026-05-26 12:54:31.972 +0530 [debug] (index.js) 'schema: ' [object Object]
2026-05-26 12:54:31.972 +0530 [debug] (index.js) 'schema: ' [object Object]
2026-05-26 12:54:31.972 +0530 [debug] (index.js) 'schema: ' [object Object]
2026-05-26 12:54:31.973 +0530 [debug] (index.js) 'schema: ' [object Object]
2026-05-26 12:54:31.975 +0530 [debug] (index.js) 'schema: ' [object Object]
2026-05-26 12:54:31.981 +0530 [debug] (index.js) 'schema: ' [object Object]
2026-05-26 12:54:32.441 +0530 [debug] (pack.js) 'pack' called with {"0":true,"1":true}
2026-05-26 12:54:32.441 +0530 [debug] (validate.js) asked to skip the following validations, eslint
2026-05-26 12:54:32.441 +0530 [debug] (validate.js) running validator actions
2026-05-26 12:54:32.441 +0530 [debug] (validate.js) running validator requests
2026-05-26 12:54:32.441 +0530 [debug] (requests.js) validating request template for "getAllTickets"
2026-05-26 12:54:32.442 +0530 [debug] (validate.js) running validator app-dir
2026-05-26 12:54:32.442 +0530 [debug] (validate.js) running validator config-dir
2026-05-26 12:54:32.442 +0530 [debug] (config-dir.js) Checking to see if /Users/sivakumar/Documents/freshworks/freshservice/superops_production/config/ exists.
2026-05-26 12:54:32.442 +0530 [debug] (config-dir.js) Fetched the following config files assets,iparams.html,requests.json
2026-05-26 12:54:32.442 +0530 [debug] (validate.js) running validator custom-objects
2026-05-26 12:54:32.442 +0530 [debug] (validate.js) running validator event
2026-05-26 12:54:32.451 +0530 [debug] (event.js) Found ["onAppInstallCallback","onTicketUpdateCallback","onAppUninstallCallback","updateKonnector","registerUser","authConnection","verifyLogin","getAssetById"] as exported functions.
2026-05-26 12:54:32.451 +0530 [debug] (validate.js) running validator iparam
2026-05-26 12:54:32.471 +0530 [debug] (validate.js) running validator lint
2026-05-26 12:54:32.471 +0530 [debug] (lint.js) passed fix flag: undefined
2026-05-26 12:54:32.648 +0530 [debug] (validate.js) running validator manifest
2026-05-26 12:54:32.648 +0530 [debug] (validate.js) running validator manifest-dependency
2026-05-26 12:54:32.649 +0530 [debug] (validate.js) skipping validator manifest-scripts
2026-05-26 12:54:32.649 +0530 [debug] (validate.js) running validator oauth
2026-05-26 12:54:32.649 +0530 [debug] (validate.js) skipping validator pkgsize
2026-05-26 12:54:32.649 +0530 [debug] (validate.js) skipping validator schema
2026-05-26 12:54:32.649 +0530 [debug] (validate.js) running validator version-check
2026-05-26 12:54:32.649 +0530 [debug] (validate.js) running validator app-settings
2026-05-26 12:54:32.651 +0530 [debug] (event.js) Found ["onAppInstallCallback","onTicketUpdateCallback","onAppUninstallCallback","updateKonnector","registerUser","authConnection","verifyLogin","getAssetById"] as exported functions.
2026-05-26 12:54:32.651 +0530 [debug] (manifest.js) Validating function registerUser
2026-05-26 12:54:32.652 +0530 [debug] (http.js) Failed to parse URL: https://<%= context.host %>, error: Invalid URL
2026-05-26 12:54:32.659 +0530 [debug] (manifest.js) Validating function authConnection
2026-05-26 12:54:32.659 +0530 [debug] (requests.js) validating request template for "getAssets"
2026-05-26 12:54:32.659 +0530 [debug] (manifest.js) Validating function verifyLogin
2026-05-26 12:54:32.659 +0530 [debug] (http.js) Failed to parse URL: https://<%= context.host %>, error: Invalid URL
2026-05-26 12:54:32.659 +0530 [debug] (manifest.js) Validating function updateKonnector
2026-05-26 12:54:32.659 +0530 [debug] (requests.js) validating request template for "getFreshserviceAssetTypes"
2026-05-26 12:54:32.659 +0530 [debug] (manifest.js) Validating function getAssetById
2026-05-26 12:54:32.659 +0530 [debug] (http.js) Failed to parse URL: https://<%=context.host%>.freshservice.com, error: Invalid URL
2026-05-26 12:54:32.659 +0530 [debug] (requests.js) validating request template for "getFreshserviceAssetFields"
2026-05-26 12:54:32.659 +0530 [debug] (http.js) Failed to parse URL: https://<%=context.host%>.freshservice.com, error: Invalid URL
2026-05-26 12:54:32.661 +0530 [debug] (requests.js) validating request template for "getAdminAccessToken"
2026-05-26 12:54:32.661 +0530 [debug] (http.js) Failed to parse URL: https://<%= context.host %>.konnectifyapp.co, error: Invalid URL
2026-05-26 12:54:32.661 +0530 [debug] (http.js) Failed to parse URL: https://<%= context.host %>, error: Invalid URL
2026-05-26 12:54:32.661 +0530 [debug] (requests.js) validating request template for "getTenantToken"
2026-05-26 12:54:32.661 +0530 [debug] (request.js) Checking request template for multi-oauth app
2026-05-26 12:54:32.661 +0530 [debug] (http.js) Failed to parse URL: https://<%= context.host %>.konnectifyapp.co, error: Invalid URL
2026-05-26 12:54:32.661 +0530 [debug] (requests.js) validating request template for "getFreshserviceWorkspace"
2026-05-26 12:54:32.661 +0530 [debug] (http.js) Failed to parse URL: https://<%= context.host %>, error: Invalid URL
2026-05-26 12:54:32.661 +0530 [debug] (http.js) Failed to parse URL: https://<%= context.domain %>.freshservice.com, error: Invalid URL
2026-05-26 12:54:32.661 +0530 [debug] (request.js) Checking request template for multi-oauth app
2026-05-26 12:54:32.661 +0530 [debug] (requests.js) validating request template for "getAssetById"
2026-05-26 12:54:32.661 +0530 [debug] (http.js) Failed to parse URL: https://<%=context.host%>.freshservice.com, error: Invalid URL
2026-05-26 12:54:32.661 +0530 [debug] (http.js) Failed to parse URL: https://<%= context.domain %>, error: Invalid URL
2026-05-26 12:54:32.662 +0530 [debug] (request.js) Checking request template for multi-oauth app
2026-05-26 12:54:32.662 +0530 [debug] (requests.js) validating request template for "getRequesters"
2026-05-26 12:54:32.662 +0530 [debug] (http.js) Failed to parse URL: https://<%= context.host %>, error: Invalid URL
2026-05-26 12:54:32.662 +0530 [debug] (http.js) Failed to parse URL: https://<%=context.host%>.freshservice.com, error: Invalid URL
2026-05-26 12:54:32.662 +0530 [debug] (requests.js) validating request template for "getAgents"
2026-05-26 12:54:32.662 +0530 [debug] (request.js) Checking request template for multi-oauth app
2026-05-26 12:54:32.662 +0530 [debug] (http.js) Failed to parse URL: https://<%= context.host %>, error: Invalid URL
2026-05-26 12:54:32.662 +0530 [debug] (http.js) Failed to parse URL: https://<%= context.host %>.konnectifyapp.co, error: Invalid URL
2026-05-26 12:54:32.662 +0530 [debug] (requests.js) validating request template for "getAllTicketFields"
2026-05-26 12:54:32.662 +0530 [debug] (request.js) Checking request template for multi-oauth app
2026-05-26 12:54:32.662 +0530 [debug] (http.js) Failed to parse URL: https://<%= context.host %>, error: Invalid URL
2026-05-26 12:54:32.662 +0530 [debug] (requests.js) validating request template for "getRequesterById"
2026-05-26 12:54:32.662 +0530 [debug] (http.js) Failed to parse URL: https://<%= context.host %>.konnectifyapp.co, error: Invalid URL
2026-05-26 12:54:32.662 +0530 [debug] (http.js) Failed to parse URL: https://<%= context.host %>, error: Invalid URL
2026-05-26 12:54:32.662 +0530 [debug] (request.js) Checking request template for multi-oauth app
2026-05-26 12:54:32.662 +0530 [debug] (requests.js) validating request template for "getAgentById"
2026-05-26 12:54:32.662 +0530 [debug] (http.js) Failed to parse URL: https://<%= context.domain %>.freshservice.com, error: Invalid URL
2026-05-26 12:54:32.662 +0530 [debug] (http.js) Failed to parse URL: https://<%= context.host %>, error: Invalid URL
2026-05-26 12:54:32.662 +0530 [debug] (request.js) Checking request template for multi-oauth app
2026-05-26 12:54:32.662 +0530 [debug] (requests.js) validating request template for "getAllSiteFromSuperops"
2026-05-26 12:54:32.662 +0530 [debug] (http.js) Failed to parse URL: https://<%= context.host %>, error: Invalid URL
2026-05-26 12:54:32.662 +0530 [debug] (http.js) Failed to parse URL: https://<%= context.domain %>, error: Invalid URL
2026-05-26 12:54:32.662 +0530 [debug] (requests.js) validating request template for "getLocations"
2026-05-26 12:54:32.662 +0530 [debug] (request.js) Checking request template for multi-oauth app
2026-05-26 12:54:32.662 +0530 [debug] (http.js) Failed to parse URL: https://<%= context.host %>, error: Invalid URL
2026-05-26 12:54:32.662 +0530 [debug] (http.js) Failed to parse URL: https://<%= context.host %>, error: Invalid URL
2026-05-26 12:54:32.662 +0530 [debug] (request.js) Checking request template for multi-oauth app
2026-05-26 12:54:32.662 +0530 [debug] (http.js) Failed to parse URL: https://<%= context.host %>, error: Invalid URL
2026-05-26 12:54:32.662 +0530 [debug] (request.js) Checking request template for multi-oauth app
2026-05-26 12:54:32.662 +0530 [debug] (http.js) Failed to parse URL: https://<%= context.host %>, error: Invalid URL
2026-05-26 12:54:32.662 +0530 [debug] (request.js) Checking request template for multi-oauth app
2026-05-26 12:54:32.662 +0530 [debug] (http.js) Failed to parse URL: https://<%= context.host %>, error: Invalid URL
2026-05-26 12:54:32.662 +0530 [debug] (request.js) Checking request template for multi-oauth app
2026-05-26 12:54:32.662 +0530 [debug] (http.js) Failed to parse URL: https://<%= context.host %>, error: Invalid URL
2026-05-26 12:54:32.662 +0530 [debug] (request.js) Checking request template for multi-oauth app
2026-05-26 12:54:32.662 +0530 [debug] (http.js) Failed to parse URL: https://<%= context.host %>, error: Invalid URL
2026-05-26 12:54:32.662 +0530 [debug] (request.js) Checking request template for multi-oauth app
2026-05-26 12:54:32.662 +0530 [debug] (http.js) Failed to parse URL: https://<%= context.host %>, error: Invalid URL
2026-05-26 12:54:32.662 +0530 [debug] (request.js) Checking request template for multi-oauth app
2026-05-26 12:54:32.780 +0530 [warn] Please ensure that the following are addressed for quick review process:
2026-05-26 12:54:32.781 +0530 [warn] [33m⚠[39m server/server.js::165: possible deprecated API usage detected
2026-05-26 12:54:32.781 +0530 [warn] 
[1mYour app might be using one or more API endpoints that will be deprecated soon. Please go through the deprecation notice (https://community.freshworks.dev/t/freshservice-rest-api-v1-deprecation-notice/5899) to find alternate resources.[0m
2026-05-26 12:54:32.781 +0530 [warn] 
2026-05-26 12:54:32.781 +0530 [info] App being packed in Node v24.11.0 using FDK 10.1.1
2026-05-26 12:54:32.797 +0530 [debug] (report.js) Generating hash for report.json file
2026-05-26 12:54:32.797 +0530 [debug] (data.js) Read {"report_hash":"8eb6123c630eafe220450d159ba811ff4e5e61bf7d00c526119116a7d47647a9","supero_101_101_migrate_oauth_status":true,"supero_101_101_modules":{"supero_101_101_system_settings":{"currentHost":{"endpoint_urls":{"freshservice":"https://sivakumar.freshservice.com"},"subscribed_modules":["service_ticket"],"org_domain":"https://sivakumar-877416007896811476.myfreshworks.com","product_types":{"freshservice":"ITSM"},"itam_version":{"freshservice":"BASIC"}}},"supero_101_101_custom_iparams":{"__meta":{"secure":["app1_apikey"]},"domain":"skdemo","accessToken":"fGOnTMOApoEz3ag9dB3Vg+SvNGA/go4kBkcu5cO1LFw4qv9m7/Fyls3MvX8+dflize0NIWoIpu+7TovEsgSEyM609Uejca+XBNgjqeC0FdPMWKueFE5D47zSmWFwhDZfYveCfiktVWAmY4nrj1L46aV3xeFAaeFUeHFWCa9qGk4w2Zn6+HrgQYOvhHCpzF6bXVa8joFanHQmb01vPaAJpnVdAILZARS7a6k5gYul0a2A9RCDOkGsCZBpQEI85c3ArqKB1PjX7A3UD1a32ITqVWZE4v+4hRWrMt2demOn+EGVI/HllCEZwMi3wd4NkkS77L2fFCp+BdzAV81hybXmtmowJExtUD0I/U+PjK1QZnPxXtTHAVBUk++E+bSLCbQq5X0qthjGRXW03TuEVVllFndmMxsITF87LGyYx/WSZTg=","tenantToken":"eyJhbGciOiJSUzI1NiIsInR5cCI6IkpXVCJ9.eyJleHAiOjE4MjI5Nzc4MzEsImlhdCI6MTc3OTc3NzgzMSwib3JnSWQiOiI2NiIsImV4dGVybmFsVGVuYW50SWQiOiJzaXZhLWl0LXVzIiwiZXh0ZXJuYWxVc2VySWQiOiJEZWZhdWx0IHRlbmFudCB1c2VyIn0.Jkh9zPlKsFfU9PdSoU-OgoJsA3y0DvE4146Z20M3_dwD1u3H-_4AJFdRinB4zRgsAMTh4AOHuVsFNZX3rFat9J_hAO6WRiD_opNWAbP_tY2oiPp_o-PFsoqx9rs-qKV65-3maVGoKr41X5tjOLUHjwFevoLBhxy51LcvZiURDrU25h0BGfxCClEyV3xKVD-9rC3IrVkBVaTpr79vuXpAGx5NNlGbUlHbW1TrDvUuN4p9TRwoQfWEliMHOuZnfo7QXVX_fVad-Soay6QjK8qN-6_W_1WVDognMl7LHwThGUFyu6NwRCt_J3SmAvBFoOvatf61BSLotwWUQlclQTs0gA","tenantId":"781","adminEmail":"sivakumar@konnectify.co","adminPassword":"konnectify","freshserviceAppName":"Freshservice","freshserviceAppId":"freshservice-1.0.0","freshserviceDomain":"sivakumar.freshservice.com","freshserviceApikey":"ZHgKqHflrMs94pFikuiD","freshserviceConnectionId":"3039","freshserviceConnectionName":"Freshservice Connection - 2026-05-26T06:42:45.868Z","superopsAppName":"SuperOps IT","superopsAppId":"superopsit-1.0.0","superopsDomain":"siva-it-us","superopsConnectionId":"3040","superopsApikey":"api-eyJhbGciOiJSUzI1NiJ9.eyJqdGkiOiIxOTg3Mzk1MzkxNzUzMTU0NTYwIiwicmFuZG9taXplciI6Iu-_vUbvv73vv70877-977-9X--_ve-_vSJ9.m6JxYTLA3ETs3HRrRWbRqGTmOirwOtyESdy0shf476qwJJfkcDZIuMn-p1mmrbMjBuaCmBpXRm3illwFqJdN9Aw9kkVnQnMs3IgCNewXDxDqCtf4e3EDWaWNtGs5inDGoLRbsHa68Dp8hV8X1riObW3RpkzgkFeEgKf6EWLT4SatkCgM8JfNF1k2l_rrTwrpoTkC5wYatojeAmWhyrwqbMCWEe_sIuxVbclev5q1VcymcNYC6ylPNYJ3Pa6MR2FzJ1Y8e0hz66hgL_M3hi9mCUI0evv57VRsAD3uSSh06etHS5WqLvmDcKonKj2bXrpM0KQ3fO6lT4YNx_MGepb15g","superopsConnectionName":"Superops Connection - 2026-05-26T06:42:45.868Z","superopsAccountType":"it","superopsRegion":"us","sinceDate":"04-05-2026","isInEditConfig":"","assetMapping":[{"superops_asset_class":{"id":"23","name":"Domain Controller"},"freshservice_asset_type":{"id":"30000367000","name":"Application Gateway"},"field_mappings":[{"superops_field":{"id":"assetId","name":"Asset Id"},"freshservice_field":{"id":"asset_tag","name":"Asset Tag"}},{"superops_field":{"id":"name","name":"Name"},"freshservice_field":{"id":"name","name":"Display Name"}}]}],"siteSeverityMapping":{"siteLocationMapping":[{"superops_site":"6027178066613911552","freshservice_location":30000039635}],"severityPriorityMapping":[{"superops_severity":"Low","freshservice_priority":1},{"superops_severity":"Critical","freshservice_priority":4}]},"ticketForm":{"subject":"Test ticket","planned_start_date":"","planned_end_date":"","planned_effort":"","impacted_locations":"","no_of_customers_impacted":"","unique_code":"","redington_ticket_id":"","description":"sample desc","business_impact":"","workspace_id":2,"status":2,"ticket_type":"","source":"","urgency":"","impact":"","group":"","department":"","category":"","major_incident_type":"","requester":"sivakumar@konnectify.co","requester_email":"","agent":""},"formattedTicketForm":{"subject":{"schema":"Test ticket","type":"string"},"description":{"schema":"sample desc","type":"string"},"workspace_id":{"schema":"2","type":"number"},"status":{"schema":"2","type":"number"},"email":{"schema":"sivakumar@konnectify.co","type":"string"}}},"isLocalAppInstalled":true,"isLocalAppEnabled":true},"superops_production:assetConnector_modules":{"newAssetId":"3020","updateAssetId":"3021","createdAt":1779777832955,"updatedAt":1779777832955},"superops_production:alertConnector_modules":{"alertCreatedConnectorId":"3022","alertResolvedConnectorId":"3023","resolveAlertOnTicketChangeConnectorId":"3024","webhookUrl":"https://skdemo.konnectifyapp.co/webhook/3105","createdAt":1779777837593,"updatedAt":1779777837593}}
2026-05-26 12:54:32.797 +0530 [debug] (report.js) Comparing the stored hash with report.json file hash
2026-05-26 12:54:32.798 +0530 [info] 
Code coverage has been skipped. Skipping code coverage may result in your app being rejected by the Freshworks Marketplace. Ensure at least 80% coverage before final submission.

2026-05-26 12:54:32.804 +0530 [debug] (pack.js) Cannot find './visitor-app' directory while packing.
2026-05-26 12:54:32.804 +0530 [debug] (pack.js) Cannot find './src' directory while packing.
2026-05-26 12:54:32.807 +0530 [debug] (pack.js) Cannot find './tests' directory while packing.
2026-05-26 12:54:32.808 +0530 [debug] (file.js) Computing digest for app/index.html,app/scripts/app.js,app/styles/images/logo.svg,app/styles/styles.css,manifest.json.
2026-05-26 12:54:32.809 +0530 [debug] (pack.js) Packing ./app/index.html
2026-05-26 12:54:32.810 +0530 [debug] (pack.js) Packing ./app/scripts/app.js
2026-05-26 12:54:32.812 +0530 [debug] (pack.js) Packing ./app/styles/images/logo.svg
2026-05-26 12:54:32.812 +0530 [debug] (pack.js) Packing ./app/styles/styles.css
2026-05-26 12:54:32.812 +0530 [debug] (pack.js) Packing ./server/additionalConnectors.js
2026-05-26 12:54:32.814 +0530 [debug] (pack.js) Packing ./server/createKonnectorJson.js
2026-05-26 12:54:32.816 +0530 [debug] (pack.js) Packing ./server/server.js
2026-05-26 12:54:32.818 +0530 [debug] (pack.js) Packing ./config/assets/scripts/iparams.js
2026-05-26 12:54:32.825 +0530 [debug] (pack.js) Packing ./config/assets/style/iparams.css
2026-05-26 12:54:32.825 +0530 [debug] (pack.js) Packing ./config/iparams.html
2026-05-26 12:54:32.826 +0530 [debug] (pack.js) Packing ./config/requests.json
2026-05-26 12:54:32.826 +0530 [debug] (pack.js) Packing ./manifest.json
2026-05-26 12:54:32.826 +0530 [debug] (pack.js) Packing ./.report.json
2026-05-26 12:54:32.826 +0530 [debug] (pack.js) Packing ./README.md
2026-05-26 12:54:32.826 +0530 [debug] (pack.js) Packing ./package.json
2026-05-26 12:54:32.826 +0530 [debug] (pack.js) Packing ./digest.md5
2026-05-26 12:54:32.843 +0530 [debug] (validate.js) asked to skip the following validations, 
2026-05-26 12:54:32.844 +0530 [debug] (validate.js) skipping validator actions
2026-05-26 12:54:32.844 +0530 [debug] (validate.js) skipping validator requests
2026-05-26 12:54:32.844 +0530 [debug] (validate.js) skipping validator app-dir
2026-05-26 12:54:32.844 +0530 [debug] (validate.js) skipping validator config-dir
2026-05-26 12:54:32.844 +0530 [debug] (validate.js) skipping validator custom-objects
2026-05-26 12:54:32.844 +0530 [debug] (validate.js) skipping validator event
2026-05-26 12:54:32.844 +0530 [debug] (validate.js) skipping validator iparam
2026-05-26 12:54:32.844 +0530 [debug] (validate.js) skipping validator lint
2026-05-26 12:54:32.844 +0530 [debug] (validate.js) skipping validator manifest
2026-05-26 12:54:32.844 +0530 [debug] (validate.js) skipping validator manifest-dependency
2026-05-26 12:54:32.844 +0530 [debug] (validate.js) skipping validator manifest-scripts
2026-05-26 12:54:32.844 +0530 [debug] (validate.js) skipping validator oauth
2026-05-26 12:54:32.844 +0530 [debug] (validate.js) running validator pkgsize
2026-05-26 12:54:32.844 +0530 [debug] (validate.js) skipping validator schema
2026-05-26 12:54:32.844 +0530 [debug] (validate.js) skipping validator version-check
2026-05-26 12:54:32.844 +0530 [debug] (validate.js) skipping validator app-settings
2026-05-26 12:54:32.844 +0530 [info] App packed successfully at /dist/superops_production.zip
2026-05-26 12:54:32.844 +0530 [info] Upload this file to the marketplace by following the instructions at https://developers.freshworks.com/docs/app-sdk/v3.0/common/app-submission-process/
2026-05-26 12:54:32.844 +0530 [debug] (file.js) Deleting digest.
2026-05-26 12:54:32.857 +0530 [debug] (report.js) Generating hash for report.json file
2026-05-26 13:11:12.297 +0530 [debug] (configs.js) loaded default configs as "{"updates":{"manifest_url":"https://cdn.freshdev.io/assets/fdk/updates.json","changelog_url":"https://cdn.freshdev.io/assets/fdk/change-log.json","period":24},"log":{"level":"info"},"javascript":{"ecma_version":2020},"request":{"timeout":15000,"maxFilesPerRequest":5},"global_apps":{"enabled":true},"easel":{"enabled":false},"job":{"timeout":120000}}"
2026-05-26 13:11:12.301 +0530 [debug] (configs.js) loaded global configs as "{"request":{"timeout":15000},"job":{"timeout":120000},"global_apps":{"enabled":"true"}}"
2026-05-26 13:11:12.301 +0530 [debug] (configs.js) loaded local configs as "{"request":{"timeout":15000},"job":{"timeout":120000},"global_apps":{"enabled":"true"}}"
2026-05-26 13:11:12.301 +0530 [debug] (configs.js) loaded env configs as "{"updates":{},"log":{},"javascript":{},"request":{"timeout":15000,"maxFilesPerRequest":5},"job":{"timeout":120000}}"
2026-05-26 13:11:12.301 +0530 [debug] (configs.js) loaded resolved configs as "{"updates":{"manifest_url":"https://cdn.freshdev.io/assets/fdk/updates.json","changelog_url":"https://cdn.freshdev.io/assets/fdk/change-log.json","period":24},"log":{"level":"info"},"javascript":{"ecma_version":2020},"request":{"timeout":15000,"maxFilesPerRequest":5},"global_apps":{"enabled":"true"},"easel":{"enabled":false},"job":{"timeout":120000}}"
2026-05-26 13:11:12.301 +0530 [debug] (logger.js) Starting FDK in node v18.16.0 on darwin
2026-05-26 13:11:12.301 +0530 [debug] (sequelize.js) setting up sqilite at "/Users/sivakumar/Documents/freshworks/freshservice/superops_production/.fdk/store.sqlite"
2026-05-26 13:11:12.302 +0530 [error] [31m[ERROR][0m  Node.js version of 24.11.x is required to run this SDK. v18.16.0 found.
2026-05-26 13:11:13.088 +0530 [debug] (configs.js) loaded default configs as "{"updates":{"manifest_url":"https://cdn.freshdev.io/assets/fdk/updates.json","changelog_url":"https://cdn.freshdev.io/assets/fdk/change-log.json","period":24},"log":{"level":"info"},"javascript":{"ecma_version":2020},"request":{"timeout":15000,"maxFilesPerRequest":5},"global_apps":{"enabled":true},"easel":{"enabled":false},"job":{"timeout":120000}}"
2026-05-26 13:11:13.089 +0530 [debug] (configs.js) loaded global configs as "{"request":{"timeout":15000},"job":{"timeout":120000},"global_apps":{"enabled":"true"}}"
2026-05-26 13:11:13.089 +0530 [debug] (configs.js) loaded local configs as "{"request":{"timeout":15000},"job":{"timeout":120000},"global_apps":{"enabled":"true"}}"
2026-05-26 13:11:13.089 +0530 [debug] (configs.js) loaded env configs as "{"updates":{},"log":{},"javascript":{},"request":{"timeout":15000,"maxFilesPerRequest":5},"job":{"timeout":120000}}"
2026-05-26 13:11:13.089 +0530 [debug] (configs.js) loaded resolved configs as "{"updates":{"manifest_url":"https://cdn.freshdev.io/assets/fdk/updates.json","changelog_url":"https://cdn.freshdev.io/assets/fdk/change-log.json","period":24},"log":{"level":"info"},"javascript":{"ecma_version":2020},"request":{"timeout":15000,"maxFilesPerRequest":5},"global_apps":{"enabled":"true"},"easel":{"enabled":false},"job":{"timeout":120000}}"
2026-05-26 13:11:13.089 +0530 [debug] (logger.js) Starting FDK in node v18.16.0 on darwin
2026-05-26 13:11:13.089 +0530 [debug] (sequelize.js) setting up sqilite at "/Users/sivakumar/Documents/freshworks/freshservice/superops_production/.fdk/store.sqlite"
2026-05-26 13:11:13.090 +0530 [error] [31m[ERROR][0m  Node.js version of 24.11.x is required to run this SDK. v18.16.0 found.
2026-05-26 13:25:25.677 +0530 [debug] (configs.js) loaded default configs as "{"updates":{"manifest_url":"https://cdn.freshdev.io/assets/fdk/updates.json","changelog_url":"https://cdn.freshdev.io/assets/fdk/change-log.json","period":24},"log":{"level":"info"},"javascript":{"ecma_version":2020},"request":{"timeout":15000,"maxFilesPerRequest":5},"global_apps":{"enabled":true},"easel":{"enabled":false},"job":{"timeout":120000}}"
2026-05-26 13:25:25.682 +0530 [debug] (configs.js) loaded global configs as "{"request":{"timeout":15000},"job":{"timeout":120000},"global_apps":{"enabled":"true"}}"
2026-05-26 13:25:25.682 +0530 [debug] (configs.js) loaded local configs as "{"request":{"timeout":15000},"job":{"timeout":120000},"global_apps":{"enabled":"true"}}"
2026-05-26 13:25:25.682 +0530 [debug] (configs.js) loaded env configs as "{"updates":{},"log":{},"javascript":{},"request":{"timeout":15000,"maxFilesPerRequest":5},"job":{"timeout":120000}}"
2026-05-26 13:25:25.682 +0530 [debug] (configs.js) loaded resolved configs as "{"updates":{"manifest_url":"https://cdn.freshdev.io/assets/fdk/updates.json","changelog_url":"https://cdn.freshdev.io/assets/fdk/change-log.json","period":24},"log":{"level":"info"},"javascript":{"ecma_version":2020},"request":{"timeout":15000,"maxFilesPerRequest":5},"global_apps":{"enabled":"true"},"easel":{"enabled":false},"job":{"timeout":120000}}"
2026-05-26 13:25:25.682 +0530 [debug] (logger.js) Starting FDK in node v24.11.0 on darwin
2026-05-26 13:25:25.682 +0530 [debug] (sequelize.js) setting up sqilite at "/Users/sivakumar/Documents/freshworks/freshservice/superops_production/.fdk/store.sqlite"
2026-05-26 13:25:25.682 +0530 [debug] (data.js) Read {"version_details":{"cli":{"deprecated":{"version":"<9","message":"This FDK version has been deprecated. There will be no further feature updates to this version. For a seamless app-building experience, ensure to move to the latest FDK version. For more information, see https://developers.freshworks.com/docs/app-sdk/v2.3/freshdesk/migration-guide/#migrate-to-the-latest-platform-version."},"forced":{"version":"7.0.0","command":"npm install https://dl.freshdev.io/cli/fdk-7.0.0.tgz -g","message":"Your FDK version has been forced updated to v7.0.0, please visit https://community.developers.freshworks.com/t/fdk-v7-0-announcing-node-js-v12-and-es6-support/3606 to know more"},"latest":{"version":"10.1.2","command":"npm install https://cdn.freshdev.io/fdk/latest-v24.tgz -g","message":"You are on the latest FDK version. For information on the features available as part of this FDK version, see https://developers.freshworks.com/docs/?tab=modules."}},"addon":{"version":"2.2.7","url":"https://cdn.freshdev.io/assets/fdk/addons/addon.zip"}},"last_updated":{"time_stamp":1779694115295}}
2026-05-26 13:25:25.682 +0530 [debug] (updater.js) last check more than 24 hours ago, looking for updates again
2026-05-26 13:25:25.743 +0530 [debug] (updater.js) downloaded update manifest as {"cli":{"deprecated":{"version":"<9","message":"This FDK version has been deprecated. There will be no further feature updates to this version. For a seamless app-building experience, ensure to move to the latest FDK version. For more information, see https://developers.freshworks.com/docs/app-sdk/v2.3/freshdesk/migration-guide/#migrate-to-the-latest-platform-version."},"forced":{"version":"7.0.0","command":"npm install https://dl.freshdev.io/cli/fdk-7.0.0.tgz -g","message":"Your FDK version has been forced updated to v7.0.0, please visit https://community.developers.freshworks.com/t/fdk-v7-0-announcing-node-js-v12-and-es6-support/3606 to know more"},"latest":{"version":"10.1.2","command":"npm install https://cdn.freshdev.io/fdk/latest-v24.tgz -g","message":"You are on the latest FDK version. For information on the features available as part of this FDK version, see https://developers.freshworks.com/docs/?tab=modules."}},"addon":{"version":"2.2.7","url":"https://cdn.freshdev.io/assets/fdk/addons/addon.zip"}}
2026-05-26 13:25:25.743 +0530 [debug] (data.js) Read {"version_details":{"cli":{"deprecated":{"version":"<9","message":"This FDK version has been deprecated. There will be no further feature updates to this version. For a seamless app-building experience, ensure to move to the latest FDK version. For more information, see https://developers.freshworks.com/docs/app-sdk/v2.3/freshdesk/migration-guide/#migrate-to-the-latest-platform-version."},"forced":{"version":"7.0.0","command":"npm install https://dl.freshdev.io/cli/fdk-7.0.0.tgz -g","message":"Your FDK version has been forced updated to v7.0.0, please visit https://community.developers.freshworks.com/t/fdk-v7-0-announcing-node-js-v12-and-es6-support/3606 to know more"},"latest":{"version":"10.1.2","command":"npm install https://cdn.freshdev.io/fdk/latest-v24.tgz -g","message":"You are on the latest FDK version. For information on the features available as part of this FDK version, see https://developers.freshworks.com/docs/?tab=modules."}},"addon":{"version":"2.2.7","url":"https://cdn.freshdev.io/assets/fdk/addons/addon.zip"}},"last_updated":{"time_stamp":1779694115295}}
2026-05-26 13:25:25.743 +0530 [debug] (data.js) Read {"version_details":{"cli":{"deprecated":{"version":"<9","message":"This FDK version has been deprecated. There will be no further feature updates to this version. For a seamless app-building experience, ensure to move to the latest FDK version. For more information, see https://developers.freshworks.com/docs/app-sdk/v2.3/freshdesk/migration-guide/#migrate-to-the-latest-platform-version."},"forced":{"version":"7.0.0","command":"npm install https://dl.freshdev.io/cli/fdk-7.0.0.tgz -g","message":"Your FDK version has been forced updated to v7.0.0, please visit https://community.developers.freshworks.com/t/fdk-v7-0-announcing-node-js-v12-and-es6-support/3606 to know more"},"latest":{"version":"10.1.2","command":"npm install https://cdn.freshdev.io/fdk/latest-v24.tgz -g","message":"You are on the latest FDK version. For information on the features available as part of this FDK version, see https://developers.freshworks.com/docs/?tab=modules."}},"addon":{"version":"2.2.7","url":"https://cdn.freshdev.io/assets/fdk/addons/addon.zip"}},"last_updated":{"time_stamp":1779694115295}}
2026-05-26 13:25:25.744 +0530 [debug] (data.js) Read {"version_details":{"cli":{"deprecated":{"version":"<9","message":"This FDK version has been deprecated. There will be no further feature updates to this version. For a seamless app-building experience, ensure to move to the latest FDK version. For more information, see https://developers.freshworks.com/docs/app-sdk/v2.3/freshdesk/migration-guide/#migrate-to-the-latest-platform-version."},"forced":{"version":"7.0.0","command":"npm install https://dl.freshdev.io/cli/fdk-7.0.0.tgz -g","message":"Your FDK version has been forced updated to v7.0.0, please visit https://community.developers.freshworks.com/t/fdk-v7-0-announcing-node-js-v12-and-es6-support/3606 to know more"},"latest":{"version":"10.1.2","command":"npm install https://cdn.freshdev.io/fdk/latest-v24.tgz -g","message":"You are on the latest FDK version. For information on the features available as part of this FDK version, see https://developers.freshworks.com/docs/?tab=modules."}},"addon":{"version":"2.2.7","url":"https://cdn.freshdev.io/assets/fdk/addons/addon.zip"}},"last_updated":{"time_stamp":1779694115295}}
2026-05-26 13:25:27.295 +0530 [debug] (updater.js) user responded to update prompt with "false"
2026-05-26 13:25:27.300 +0530 [debug] (index.js) running with opts {}
2026-05-26 13:25:27.390 +0530 [debug] (data.js) Read {"version_details":{"cli":{"deprecated":{"version":"<9","message":"This FDK version has been deprecated. There will be no further feature updates to this version. For a seamless app-building experience, ensure to move to the latest FDK version. For more information, see https://developers.freshworks.com/docs/app-sdk/v2.3/freshdesk/migration-guide/#migrate-to-the-latest-platform-version."},"forced":{"version":"7.0.0","command":"npm install https://dl.freshdev.io/cli/fdk-7.0.0.tgz -g","message":"Your FDK version has been forced updated to v7.0.0, please visit https://community.developers.freshworks.com/t/fdk-v7-0-announcing-node-js-v12-and-es6-support/3606 to know more"},"latest":{"version":"10.1.2","command":"npm install https://cdn.freshdev.io/fdk/latest-v24.tgz -g","message":"You are on the latest FDK version. For information on the features available as part of this FDK version, see https://developers.freshworks.com/docs/?tab=modules."}},"addon":{"version":"2.2.7","url":"https://cdn.freshdev.io/assets/fdk/addons/addon.zip"}},"last_updated":{"time_stamp":1779782125744}}
2026-05-26 13:25:27.391 +0530 [debug] (manifest.js) Reloading manifest with {"platform-version":"3.1","modules":{"common":{"functions":{"registerUser":{},"authConnection":{},"verifyLogin":{},"updateKonnector":{},"getAssetById":{}},"requests":{"getAllTickets":{},"getAssets":{},"getFreshserviceAssetTypes":{},"getFreshserviceAssetFields":{},"getAdminAccessToken":{},"getTenantToken":{},"getFreshserviceWorkspace":{},"getAssetById":{},"getRequesters":{},"getAgents":{},"getAllTicketFields":{},"getAgentById":{},"getRequesterById":{},"getAllSiteFromSuperops":{},"getLocations":{}},"events":{"onAppInstall":{"handler":"onAppInstallCallback"},"onAppUninstall":{"handler":"onAppUninstallCallback"}}},"service_ticket":{"location":{"ticket_sidebar":{"url":"index.html","icon":"./styles/images/logo.svg"}},"events":{"onTicketUpdate":{"handler":"onTicketUpdateCallback"}}}},"engines":{"node":"24.11.0","fdk":"10.1.1"},"dependencies":{"axios":"0.20.0"},"scripts":{"fdk-unit-test":"vitest run --coverage"}}.
2026-05-26 13:25:27.392 +0530 [debug] (manifest.js) Inferred db,backend as features.
2026-05-26 13:25:27.415 +0530 [debug] (data.js) Read {"version_details":{"cli":{"deprecated":{"version":"<9","message":"This FDK version has been deprecated. There will be no further feature updates to this version. For a seamless app-building experience, ensure to move to the latest FDK version. For more information, see https://developers.freshworks.com/docs/app-sdk/v2.3/freshdesk/migration-guide/#migrate-to-the-latest-platform-version."},"forced":{"version":"7.0.0","command":"npm install https://dl.freshdev.io/cli/fdk-7.0.0.tgz -g","message":"Your FDK version has been forced updated to v7.0.0, please visit https://community.developers.freshworks.com/t/fdk-v7-0-announcing-node-js-v12-and-es6-support/3606 to know more"},"latest":{"version":"10.1.2","command":"npm install https://cdn.freshdev.io/fdk/latest-v24.tgz -g","message":"You are on the latest FDK version. For information on the features available as part of this FDK version, see https://developers.freshworks.com/docs/?tab=modules."}},"addon":{"version":"2.2.7","url":"https://cdn.freshdev.io/assets/fdk/addons/addon.zip"}},"last_updated":{"time_stamp":1779782125744}}
2026-05-26 13:25:27.565 +0530 [debug] (coverage.js) INIT: About to merge initial coverage data with 3 files
2026-05-26 13:25:27.566 +0530 [debug] (coverage.js) INIT: After merge - Files in map: 3
2026-05-26 13:25:27.605 +0530 [debug] (index.js) Initializing AJV schemas from individual files
2026-05-26 13:25:27.605 +0530 [debug] (index.js) Compiling schemas...
2026-05-26 13:25:27.612 +0530 [debug] (index.js) All schemas compiled successfully
2026-05-26 13:25:27.642 +0530 [debug] (index.js) loading model at "/Users/sivakumar/.nvm/versions/node/v24.11.0/lib/node_modules/@freshworks/fdk/lib/models/bigint-pivot.js"
2026-05-26 13:25:27.643 +0530 [debug] (index.js) loading model at "/Users/sivakumar/.nvm/versions/node/v24.11.0/lib/node_modules/@freshworks/fdk/lib/models/entity-field-choice.js"
2026-05-26 13:25:27.643 +0530 [debug] (index.js) loading model at "/Users/sivakumar/.nvm/versions/node/v24.11.0/lib/node_modules/@freshworks/fdk/lib/models/entity-field.js"
2026-05-26 13:25:27.644 +0530 [debug] (index.js) loading model at "/Users/sivakumar/.nvm/versions/node/v24.11.0/lib/node_modules/@freshworks/fdk/lib/models/entity.js"
2026-05-26 13:25:27.644 +0530 [debug] (index.js) loading model at "/Users/sivakumar/.nvm/versions/node/v24.11.0/lib/node_modules/@freshworks/fdk/lib/models/files.js"
2026-05-26 13:25:27.644 +0530 [debug] (index.js) loading model at "/Users/sivakumar/.nvm/versions/node/v24.11.0/lib/node_modules/@freshworks/fdk/lib/models/oauth-details.js"
2026-05-26 13:25:27.645 +0530 [debug] (index.js) loading model at "/Users/sivakumar/.nvm/versions/node/v24.11.0/lib/node_modules/@freshworks/fdk/lib/models/record.js"
2026-05-26 13:25:27.646 +0530 [debug] (index.js) loading model at "/Users/sivakumar/.nvm/versions/node/v24.11.0/lib/node_modules/@freshworks/fdk/lib/models/string-pivot.js"
2026-05-26 13:25:27.701 +0530 [debug] (index.js) 'schema: ' [object Object]
2026-05-26 13:25:27.705 +0530 [debug] (index.js) 'schema: ' [object Object]
2026-05-26 13:25:27.706 +0530 [debug] (index.js) 'schema: ' [object Object]
2026-05-26 13:25:27.706 +0530 [debug] (index.js) 'schema: ' [object Object]
2026-05-26 13:25:27.707 +0530 [debug] (index.js) 'schema: ' [object Object]
2026-05-26 13:25:27.708 +0530 [debug] (index.js) 'schema: ' [object Object]
2026-05-26 13:25:27.708 +0530 [debug] (index.js) 'schema: ' [object Object]
2026-05-26 13:25:27.711 +0530 [debug] (index.js) 'schema: ' [object Object]
2026-05-26 13:25:27.712 +0530 [debug] (index.js) 'schema: ' [object Object]
2026-05-26 13:25:27.712 +0530 [debug] (index.js) 'schema: ' [object Object]
2026-05-26 13:25:27.715 +0530 [debug] (index.js) 'schema: ' [object Object]
2026-05-26 13:25:27.716 +0530 [debug] (index.js) 'schema: ' [object Object]
2026-05-26 13:25:27.717 +0530 [debug] (index.js) 'schema: ' [object Object]
2026-05-26 13:25:27.717 +0530 [debug] (index.js) 'schema: ' [object Object]
2026-05-26 13:25:27.717 +0530 [debug] (index.js) 'schema: ' [object Object]
2026-05-26 13:25:27.719 +0530 [debug] (index.js) 'schema: ' [object Object]
2026-05-26 13:25:27.720 +0530 [debug] (index.js) 'schema: ' [object Object]
2026-05-26 13:25:27.727 +0530 [debug] (index.js) 'schema: ' [object Object]
2026-05-26 13:25:27.873 +0530 [debug] (data.js) Read {"version_details":{"cli":{"deprecated":{"version":"<9","message":"This FDK version has been deprecated. There will be no further feature updates to this version. For a seamless app-building experience, ensure to move to the latest FDK version. For more information, see https://developers.freshworks.com/docs/app-sdk/v2.3/freshdesk/migration-guide/#migrate-to-the-latest-platform-version."},"forced":{"version":"7.0.0","command":"npm install https://dl.freshdev.io/cli/fdk-7.0.0.tgz -g","message":"Your FDK version has been forced updated to v7.0.0, please visit https://community.developers.freshworks.com/t/fdk-v7-0-announcing-node-js-v12-and-es6-support/3606 to know more"},"latest":{"version":"10.1.2","command":"npm install https://cdn.freshdev.io/fdk/latest-v24.tgz -g","message":"You are on the latest FDK version. For information on the features available as part of this FDK version, see https://developers.freshworks.com/docs/?tab=modules."}},"addon":{"version":"2.2.7","url":"https://cdn.freshdev.io/assets/fdk/addons/addon.zip"}},"last_updated":{"time_stamp":1779782125744}}
2026-05-26 13:25:28.455 +0530 [debug] (validate.js) asked to skip the following validations, 
2026-05-26 13:25:28.455 +0530 [debug] (validate.js) running validator actions
2026-05-26 13:25:28.455 +0530 [debug] (validate.js) running validator requests
2026-05-26 13:25:28.456 +0530 [debug] (requests.js) validating request template for "getAllTickets"
2026-05-26 13:25:28.456 +0530 [debug] (validate.js) running validator app-dir
2026-05-26 13:25:28.456 +0530 [debug] (validate.js) running validator config-dir
2026-05-26 13:25:28.456 +0530 [debug] (config-dir.js) Checking to see if /Users/sivakumar/Documents/freshworks/freshservice/superops_production/config/ exists.
2026-05-26 13:25:28.456 +0530 [debug] (config-dir.js) Fetched the following config files assets,iparams.html,requests.json
2026-05-26 13:25:28.456 +0530 [debug] (validate.js) running validator custom-objects
2026-05-26 13:25:28.456 +0530 [debug] (validate.js) running validator event
2026-05-26 13:25:28.465 +0530 [debug] (event.js) Found ["onAppInstallCallback","onTicketUpdateCallback","onAppUninstallCallback","updateKonnector","registerUser","authConnection","verifyLogin","getAssetById"] as exported functions.
2026-05-26 13:25:28.465 +0530 [debug] (validate.js) running validator iparam
2026-05-26 13:25:28.486 +0530 [debug] (validate.js) running validator lint
2026-05-26 13:25:28.486 +0530 [debug] (lint.js) passed fix flag: undefined
2026-05-26 13:25:28.488 +0530 [debug] (lint.js) Running the following lints on the file app/scripts/app.js : no-eval,no-alert,no-debugger,no-unreachable,no-duplicate-imports,constructor-super,for-direction,no-class-assign,no-new-native-nonconstructor,valid-typeof,no-eq-null,no-var,require-await,no-unreachable-loop,no-redeclare,no-self-assign,no-setter-return,no-shadow-restricted-names,no-this-before-super,no-unsafe-finally,no-unsafe-optional-chaining,no-unused-vars,no-useless-catch,eqeqeq,prefer-const,require-yield,no-global-assign,no-caller,no-process-env,complexity,max-nested-callbacks,handle-callback-err,getter-return,no-async-promise-executor,no-case-declarations,no-compare-neg-zero,no-cond-assign,no-const-assign,no-constant-condition,no-control-regex,no-delete-var,no-dupe-args,no-dupe-class-members,no-dupe-else-if,no-dupe-keys,no-duplicate-case,no-empty,no-empty-character-class,no-empty-pattern,no-ex-assign,no-extra-boolean-cast,no-extra-semi,no-fallthrough,no-func-assign,no-import-assign,no-inner-declarations,no-invalid-regexp,no-irregular-whitespace,no-loss-of-precision,no-misleading-character-class,no-mixed-spaces-and-tabs,no-nonoctal-decimal-escape,no-obj-calls,no-octal,no-prototype-builtins,no-regex-spaces,no-sparse-arrays,no-unexpected-multiline,no-unsafe-negation,no-unused-labels,no-useless-backreference,no-useless-escape,no-with,use-isnan,no-unpkg-cdn,no-proxy-requests,no-unhandled-promise,no-logging-rejections,no-non-client-request-model,no-deprecated-apis,no-cross-scope-assign,no-empty-function
2026-05-26 13:25:28.559 +0530 [debug] (lint.js) Running the following lints on the file server/additionalConnectors.js : no-eval,no-alert,no-debugger,no-unreachable,no-duplicate-imports,constructor-super,for-direction,no-class-assign,no-new-native-nonconstructor,valid-typeof,no-eq-null,no-var,require-await,no-unreachable-loop,no-redeclare,no-self-assign,no-setter-return,no-shadow-restricted-names,no-this-before-super,no-unsafe-finally,no-unsafe-optional-chaining,no-unused-vars,no-useless-catch,eqeqeq,prefer-const,require-yield,no-global-assign,no-caller,no-process-env,complexity,max-nested-callbacks,handle-callback-err,getter-return,no-async-promise-executor,no-case-declarations,no-compare-neg-zero,no-cond-assign,no-const-assign,no-constant-condition,no-control-regex,no-delete-var,no-dupe-args,no-dupe-class-members,no-dupe-else-if,no-dupe-keys,no-duplicate-case,no-empty,no-empty-character-class,no-empty-pattern,no-ex-assign,no-extra-boolean-cast,no-extra-semi,no-fallthrough,no-func-assign,no-import-assign,no-inner-declarations,no-invalid-regexp,no-irregular-whitespace,no-loss-of-precision,no-misleading-character-class,no-mixed-spaces-and-tabs,no-nonoctal-decimal-escape,no-obj-calls,no-octal,no-prototype-builtins,no-regex-spaces,no-sparse-arrays,no-unexpected-multiline,no-unsafe-negation,no-unused-labels,no-useless-backreference,no-useless-escape,no-with,use-isnan,no-unpkg-cdn,no-proxy-requests,no-unhandled-promise,no-logging-rejections,no-non-client-request-model,no-deprecated-apis,no-dependency-mismatch,no-empty-function
2026-05-26 13:25:28.574 +0530 [debug] (lint.js) Running the following lints on the file server/createKonnectorJson.js : no-eval,no-alert,no-debugger,no-unreachable,no-duplicate-imports,constructor-super,for-direction,no-class-assign,no-new-native-nonconstructor,valid-typeof,no-eq-null,no-var,require-await,no-unreachable-loop,no-redeclare,no-self-assign,no-setter-return,no-shadow-restricted-names,no-this-before-super,no-unsafe-finally,no-unsafe-optional-chaining,no-unused-vars,no-useless-catch,eqeqeq,prefer-const,require-yield,no-global-assign,no-caller,no-process-env,complexity,max-nested-callbacks,handle-callback-err,getter-return,no-async-promise-executor,no-case-declarations,no-compare-neg-zero,no-cond-assign,no-const-assign,no-constant-condition,no-control-regex,no-delete-var,no-dupe-args,no-dupe-class-members,no-dupe-else-if,no-dupe-keys,no-duplicate-case,no-empty,no-empty-character-class,no-empty-pattern,no-ex-assign,no-extra-boolean-cast,no-extra-semi,no-fallthrough,no-func-assign,no-import-assign,no-inner-declarations,no-invalid-regexp,no-irregular-whitespace,no-loss-of-precision,no-misleading-character-class,no-mixed-spaces-and-tabs,no-nonoctal-decimal-escape,no-obj-calls,no-octal,no-prototype-builtins,no-regex-spaces,no-sparse-arrays,no-unexpected-multiline,no-unsafe-negation,no-unused-labels,no-useless-backreference,no-useless-escape,no-with,use-isnan,no-unpkg-cdn,no-proxy-requests,no-unhandled-promise,no-logging-rejections,no-non-client-request-model,no-deprecated-apis,no-dependency-mismatch,no-empty-function
2026-05-26 13:25:28.588 +0530 [debug] (lint.js) Running the following lints on the file server/server.js : no-eval,no-alert,no-debugger,no-unreachable,no-duplicate-imports,constructor-super,for-direction,no-class-assign,no-new-native-nonconstructor,valid-typeof,no-eq-null,no-var,require-await,no-unreachable-loop,no-redeclare,no-self-assign,no-setter-return,no-shadow-restricted-names,no-this-before-super,no-unsafe-finally,no-unsafe-optional-chaining,no-unused-vars,no-useless-catch,eqeqeq,prefer-const,require-yield,no-global-assign,no-caller,no-process-env,complexity,max-nested-callbacks,handle-callback-err,getter-return,no-async-promise-executor,no-case-declarations,no-compare-neg-zero,no-cond-assign,no-const-assign,no-constant-condition,no-control-regex,no-delete-var,no-dupe-args,no-dupe-class-members,no-dupe-else-if,no-dupe-keys,no-duplicate-case,no-empty,no-empty-character-class,no-empty-pattern,no-ex-assign,no-extra-boolean-cast,no-extra-semi,no-fallthrough,no-func-assign,no-import-assign,no-inner-declarations,no-invalid-regexp,no-irregular-whitespace,no-loss-of-precision,no-misleading-character-class,no-mixed-spaces-and-tabs,no-nonoctal-decimal-escape,no-obj-calls,no-octal,no-prototype-builtins,no-regex-spaces,no-sparse-arrays,no-unexpected-multiline,no-unsafe-negation,no-unused-labels,no-useless-backreference,no-useless-escape,no-with,use-isnan,no-unpkg-cdn,no-proxy-requests,no-unhandled-promise,no-logging-rejections,no-non-client-request-model,no-deprecated-apis,no-dependency-mismatch,no-empty-function
2026-05-26 13:25:28.609 +0530 [debug] (lint.js) Running the following lints on the file config/assets/scripts/iparams.js : no-unpkg-cdn,no-proxy-requests,no-logging-rejections
2026-05-26 13:25:28.687 +0530 [debug] (validate.js) running validator manifest
2026-05-26 13:25:28.688 +0530 [debug] (validate.js) skipping validator manifest-dependency
2026-05-26 13:25:28.688 +0530 [debug] (validate.js) running validator manifest-scripts
2026-05-26 13:25:28.688 +0530 [debug] (validate.js) running validator oauth
2026-05-26 13:25:28.688 +0530 [debug] (validate.js) skipping validator pkgsize
2026-05-26 13:25:28.688 +0530 [debug] (validate.js) running validator schema
2026-05-26 13:25:28.688 +0530 [debug] (validate.js) running validator version-check
2026-05-26 13:25:28.688 +0530 [debug] (validate.js) running validator app-settings
2026-05-26 13:25:28.690 +0530 [debug] (event.js) Found ["onAppInstallCallback","onTicketUpdateCallback","onAppUninstallCallback","updateKonnector","registerUser","authConnection","verifyLogin","getAssetById"] as exported functions.
2026-05-26 13:25:28.690 +0530 [debug] (manifest.js) Validating function registerUser
2026-05-26 13:25:28.690 +0530 [debug] (http.js) Failed to parse URL: https://<%= context.host %>, error: Invalid URL
2026-05-26 13:25:28.691 +0530 [debug] (manifest.js) Validating function authConnection
2026-05-26 13:25:28.691 +0530 [debug] (requests.js) validating request template for "getAssets"
2026-05-26 13:25:28.691 +0530 [debug] (manifest.js) Validating function verifyLogin
2026-05-26 13:25:28.691 +0530 [debug] (http.js) Failed to parse URL: https://<%= context.host %>, error: Invalid URL
2026-05-26 13:25:28.691 +0530 [debug] (manifest.js) Validating function updateKonnector
2026-05-26 13:25:28.691 +0530 [debug] (requests.js) validating request template for "getFreshserviceAssetTypes"
2026-05-26 13:25:28.691 +0530 [debug] (manifest.js) Validating function getAssetById
2026-05-26 13:25:28.691 +0530 [debug] (http.js) Failed to parse URL: https://<%=context.host%>.freshservice.com, error: Invalid URL
2026-05-26 13:25:28.691 +0530 [debug] (requests.js) validating request template for "getFreshserviceAssetFields"
2026-05-26 13:25:28.691 +0530 [debug] (http.js) Failed to parse URL: https://<%=context.host%>.freshservice.com, error: Invalid URL
2026-05-26 13:25:28.693 +0530 [debug] (requests.js) validating request template for "getAdminAccessToken"
2026-05-26 13:25:28.693 +0530 [debug] (http.js) Failed to parse URL: https://<%= context.host %>.konnectifyapp.co, error: Invalid URL
2026-05-26 13:25:28.693 +0530 [debug] (http.js) Failed to parse URL: https://<%= context.host %>, error: Invalid URL
2026-05-26 13:25:28.693 +0530 [debug] (requests.js) validating request template for "getTenantToken"
2026-05-26 13:25:28.693 +0530 [debug] (request.js) Checking request template for multi-oauth app
2026-05-26 13:25:28.693 +0530 [debug] (http.js) Failed to parse URL: https://<%= context.host %>.konnectifyapp.co, error: Invalid URL
2026-05-26 13:25:28.693 +0530 [debug] (requests.js) validating request template for "getFreshserviceWorkspace"
2026-05-26 13:25:28.693 +0530 [debug] (http.js) Failed to parse URL: https://<%= context.host %>, error: Invalid URL
2026-05-26 13:25:28.693 +0530 [debug] (http.js) Failed to parse URL: https://<%= context.domain %>.freshservice.com, error: Invalid URL
2026-05-26 13:25:28.693 +0530 [debug] (request.js) Checking request template for multi-oauth app
2026-05-26 13:25:28.693 +0530 [debug] (requests.js) validating request template for "getAssetById"
2026-05-26 13:25:28.693 +0530 [debug] (http.js) Failed to parse URL: https://<%=context.host%>.freshservice.com, error: Invalid URL
2026-05-26 13:25:28.693 +0530 [debug] (http.js) Failed to parse URL: https://<%= context.domain %>, error: Invalid URL
2026-05-26 13:25:28.694 +0530 [debug] (request.js) Checking request template for multi-oauth app
2026-05-26 13:25:28.694 +0530 [debug] (requests.js) validating request template for "getRequesters"
2026-05-26 13:25:28.694 +0530 [debug] (http.js) Failed to parse URL: https://<%= context.host %>, error: Invalid URL
2026-05-26 13:25:28.694 +0530 [debug] (http.js) Failed to parse URL: https://<%=context.host%>.freshservice.com, error: Invalid URL
2026-05-26 13:25:28.694 +0530 [debug] (requests.js) validating request template for "getAgents"
2026-05-26 13:25:28.694 +0530 [debug] (request.js) Checking request template for multi-oauth app
2026-05-26 13:25:28.694 +0530 [debug] (http.js) Failed to parse URL: https://<%= context.host %>, error: Invalid URL
2026-05-26 13:25:28.694 +0530 [debug] (http.js) Failed to parse URL: https://<%= context.host %>.konnectifyapp.co, error: Invalid URL
2026-05-26 13:25:28.694 +0530 [debug] (requests.js) validating request template for "getAllTicketFields"
2026-05-26 13:25:28.694 +0530 [debug] (request.js) Checking request template for multi-oauth app
2026-05-26 13:25:28.694 +0530 [debug] (http.js) Failed to parse URL: https://<%= context.host %>, error: Invalid URL
2026-05-26 13:25:28.694 +0530 [debug] (requests.js) validating request template for "getRequesterById"
2026-05-26 13:25:28.694 +0530 [debug] (http.js) Failed to parse URL: https://<%= context.host %>.konnectifyapp.co, error: Invalid URL
2026-05-26 13:25:28.694 +0530 [debug] (http.js) Failed to parse URL: https://<%= context.host %>, error: Invalid URL
2026-05-26 13:25:28.694 +0530 [debug] (request.js) Checking request template for multi-oauth app
2026-05-26 13:25:28.694 +0530 [debug] (requests.js) validating request template for "getAgentById"
2026-05-26 13:25:28.694 +0530 [debug] (http.js) Failed to parse URL: https://<%= context.domain %>.freshservice.com, error: Invalid URL
2026-05-26 13:25:28.694 +0530 [debug] (http.js) Failed to parse URL: https://<%= context.host %>, error: Invalid URL
2026-05-26 13:25:28.694 +0530 [debug] (request.js) Checking request template for multi-oauth app
2026-05-26 13:25:28.694 +0530 [debug] (requests.js) validating request template for "getAllSiteFromSuperops"
2026-05-26 13:25:28.694 +0530 [debug] (http.js) Failed to parse URL: https://<%= context.host %>, error: Invalid URL
2026-05-26 13:25:28.694 +0530 [debug] (http.js) Failed to parse URL: https://<%= context.domain %>, error: Invalid URL
2026-05-26 13:25:28.694 +0530 [debug] (requests.js) validating request template for "getLocations"
2026-05-26 13:25:28.694 +0530 [debug] (request.js) Checking request template for multi-oauth app
2026-05-26 13:25:28.694 +0530 [debug] (http.js) Failed to parse URL: https://<%= context.host %>, error: Invalid URL
2026-05-26 13:25:28.694 +0530 [debug] (http.js) Failed to parse URL: https://<%= context.host %>, error: Invalid URL
2026-05-26 13:25:28.694 +0530 [debug] (request.js) Checking request template for multi-oauth app
2026-05-26 13:25:28.694 +0530 [debug] (http.js) Failed to parse URL: https://<%= context.host %>, error: Invalid URL
2026-05-26 13:25:28.694 +0530 [debug] (request.js) Checking request template for multi-oauth app
2026-05-26 13:25:28.694 +0530 [debug] (http.js) Failed to parse URL: https://<%= context.host %>, error: Invalid URL
2026-05-26 13:25:28.694 +0530 [debug] (request.js) Checking request template for multi-oauth app
2026-05-26 13:25:28.694 +0530 [debug] (http.js) Failed to parse URL: https://<%= context.host %>, error: Invalid URL
2026-05-26 13:25:28.694 +0530 [debug] (request.js) Checking request template for multi-oauth app
2026-05-26 13:25:28.694 +0530 [debug] (http.js) Failed to parse URL: https://<%= context.host %>, error: Invalid URL
2026-05-26 13:25:28.694 +0530 [debug] (request.js) Checking request template for multi-oauth app
2026-05-26 13:25:28.694 +0530 [debug] (http.js) Failed to parse URL: https://<%= context.host %>, error: Invalid URL
2026-05-26 13:25:28.694 +0530 [debug] (request.js) Checking request template for multi-oauth app
2026-05-26 13:25:28.694 +0530 [debug] (http.js) Failed to parse URL: https://<%= context.host %>, error: Invalid URL
2026-05-26 13:25:28.694 +0530 [debug] (request.js) Checking request template for multi-oauth app
2026-05-26 13:25:28.696 +0530 [error] The local server could not be started due to the following issue(s):
2026-05-26 13:25:28.696 +0530 [error] 
2026-05-26 13:25:28.696 +0530 [error] Lint errors:
2026-05-26 13:25:28.697 +0530 [error] [31m✖[39m config/assets/scripts/iparams.js::3194: 'getConfigs' is defined but never used.
2026-05-26 13:25:28.697 +0530 [error] 
2026-05-26 13:25:28.697 +0530 [warn] Please ensure that the following are addressed for quick review process:
2026-05-26 13:25:28.697 +0530 [warn] [33m⚠[39m app/scripts/app.js::13: 'client' declared and assigned in different scopes. Possible asynchronous race condition.
2026-05-26 13:25:28.697 +0530 [warn] [33m⚠[39m app/scripts/app.js::19: 'activated' declared and assigned in different scopes. Possible asynchronous race condition.
2026-05-26 13:25:28.697 +0530 [warn] [33m⚠[39m app/scripts/app.js::28: 'globalRegion' declared and assigned in different scopes. Possible asynchronous race condition.
2026-05-26 13:25:28.697 +0530 [warn] [33m⚠[39m app/scripts/app.js::29: 'globalDomain' declared and assigned in different scopes. Possible asynchronous race condition.
2026-05-26 13:25:28.697 +0530 [warn] [33m⚠[39m app/scripts/app.js::31: 'globalAssets' declared and assigned in different scopes. Possible asynchronous race condition.
2026-05-26 13:25:28.697 +0530 [warn] [33m⚠[39m server/additionalConnectors.js::6: Arrow function has a complexity of 9. Maximum allowed is 7.
2026-05-26 13:25:28.697 +0530 [warn] [33m⚠[39m server/additionalConnectors.js::63: Async method 'saveAndActivate' has a complexity of 11. Maximum allowed is 7.
2026-05-26 13:25:28.697 +0530 [warn] [33m⚠[39m server/server.js::124: Async method 'onTicketUpdateCallback' has a complexity of 9. Maximum allowed is 7.
2026-05-26 13:25:28.697 +0530 [warn] [33m⚠[39m server/server.js::165: possible deprecated API usage detected
2026-05-26 13:25:28.697 +0530 [warn] [33m⚠[39m server/server.js::276: Async method 'registerUser' has a complexity of 9. Maximum allowed is 7.
2026-05-26 13:25:28.697 +0530 [warn] [33m⚠[39m server/server.js::310: Async method 'authConnection' has a complexity of 14. Maximum allowed is 7.
2026-05-26 13:25:28.697 +0530 [warn] [33m⚠[39m server/server.js::476: Async function 'createNewConnectors' has a complexity of 11. Maximum allowed is 7.
2026-05-26 13:25:28.697 +0530 [warn] [33m⚠[39m server/server.js::557: Async function 'getConnectorDetails' has a complexity of 11. Maximum allowed is 7.
2026-05-26 13:25:28.697 +0530 [warn] [33m⚠[39m config/assets/scripts/iparams.js::3025: refrain from simply logging errors.
2026-05-26 13:25:28.697 +0530 [warn] 
[1mYour app might be using one or more API endpoints that will be deprecated soon. Please go through the deprecation notice (https://community.freshworks.dev/t/freshservice-rest-api-v1-deprecation-notice/5899) to find alternate resources.[0m
2026-05-26 13:25:28.697 +0530 [warn] 
2026-05-26 13:25:28.713 +0530 [debug] (report.js) Generating hash for report.json file
2026-05-26 13:30:59.541 +0530 [debug] (configs.js) loaded default configs as "{"updates":{"manifest_url":"https://cdn.freshdev.io/assets/fdk/updates.json","changelog_url":"https://cdn.freshdev.io/assets/fdk/change-log.json","period":24},"log":{"level":"info"},"javascript":{"ecma_version":2020},"request":{"timeout":15000,"maxFilesPerRequest":5},"global_apps":{"enabled":true},"easel":{"enabled":false},"job":{"timeout":120000}}"
2026-05-26 13:30:59.544 +0530 [debug] (configs.js) loaded global configs as "{"request":{"timeout":15000},"job":{"timeout":120000},"global_apps":{"enabled":"true"}}"
2026-05-26 13:30:59.544 +0530 [debug] (configs.js) loaded local configs as "{"request":{"timeout":15000},"job":{"timeout":120000},"global_apps":{"enabled":"true"}}"
2026-05-26 13:30:59.544 +0530 [debug] (configs.js) loaded env configs as "{"updates":{},"log":{},"javascript":{},"request":{"timeout":15000,"maxFilesPerRequest":5},"job":{"timeout":120000}}"
2026-05-26 13:30:59.545 +0530 [debug] (configs.js) loaded resolved configs as "{"updates":{"manifest_url":"https://cdn.freshdev.io/assets/fdk/updates.json","changelog_url":"https://cdn.freshdev.io/assets/fdk/change-log.json","period":24},"log":{"level":"info"},"javascript":{"ecma_version":2020},"request":{"timeout":15000,"maxFilesPerRequest":5},"global_apps":{"enabled":"true"},"easel":{"enabled":false},"job":{"timeout":120000}}"
2026-05-26 13:30:59.545 +0530 [debug] (logger.js) Starting FDK in node v24.11.0 on darwin
2026-05-26 13:30:59.545 +0530 [debug] (sequelize.js) setting up sqilite at "/Users/sivakumar/Documents/freshworks/freshservice/superops_production/.fdk/store.sqlite"
2026-05-26 13:30:59.545 +0530 [debug] (data.js) Read {"version_details":{"cli":{"deprecated":{"version":"<9","message":"This FDK version has been deprecated. There will be no further feature updates to this version. For a seamless app-building experience, ensure to move to the latest FDK version. For more information, see https://developers.freshworks.com/docs/app-sdk/v2.3/freshdesk/migration-guide/#migrate-to-the-latest-platform-version."},"forced":{"version":"7.0.0","command":"npm install https://dl.freshdev.io/cli/fdk-7.0.0.tgz -g","message":"Your FDK version has been forced updated to v7.0.0, please visit https://community.developers.freshworks.com/t/fdk-v7-0-announcing-node-js-v12-and-es6-support/3606 to know more"},"latest":{"version":"10.1.2","command":"npm install https://cdn.freshdev.io/fdk/latest-v24.tgz -g","message":"You are on the latest FDK version. For information on the features available as part of this FDK version, see https://developers.freshworks.com/docs/?tab=modules."}},"addon":{"version":"2.2.7","url":"https://cdn.freshdev.io/assets/fdk/addons/addon.zip"}},"last_updated":{"time_stamp":1779782125744}}
2026-05-26 13:30:59.545 +0530 [debug] (updater.js) last check less than 24 hours ago, not looking for updates
2026-05-26 13:30:59.546 +0530 [debug] (index.js) running with opts {}
2026-05-26 13:30:59.613 +0530 [debug] (data.js) Read {"version_details":{"cli":{"deprecated":{"version":"<9","message":"This FDK version has been deprecated. There will be no further feature updates to this version. For a seamless app-building experience, ensure to move to the latest FDK version. For more information, see https://developers.freshworks.com/docs/app-sdk/v2.3/freshdesk/migration-guide/#migrate-to-the-latest-platform-version."},"forced":{"version":"7.0.0","command":"npm install https://dl.freshdev.io/cli/fdk-7.0.0.tgz -g","message":"Your FDK version has been forced updated to v7.0.0, please visit https://community.developers.freshworks.com/t/fdk-v7-0-announcing-node-js-v12-and-es6-support/3606 to know more"},"latest":{"version":"10.1.2","command":"npm install https://cdn.freshdev.io/fdk/latest-v24.tgz -g","message":"You are on the latest FDK version. For information on the features available as part of this FDK version, see https://developers.freshworks.com/docs/?tab=modules."}},"addon":{"version":"2.2.7","url":"https://cdn.freshdev.io/assets/fdk/addons/addon.zip"}},"last_updated":{"time_stamp":1779782125744}}
2026-05-26 13:30:59.615 +0530 [debug] (manifest.js) Reloading manifest with {"platform-version":"3.1","modules":{"common":{"functions":{"registerUser":{},"authConnection":{},"verifyLogin":{},"updateKonnector":{},"getAssetById":{}},"requests":{"getAllTickets":{},"getAssets":{},"getFreshserviceAssetTypes":{},"getFreshserviceAssetFields":{},"getAdminAccessToken":{},"getTenantToken":{},"getFreshserviceWorkspace":{},"getAssetById":{},"getRequesters":{},"getAgents":{},"getAllTicketFields":{},"getAgentById":{},"getRequesterById":{},"getAllSiteFromSuperops":{},"getLocations":{}},"events":{"onAppInstall":{"handler":"onAppInstallCallback"},"onAppUninstall":{"handler":"onAppUninstallCallback"}}},"service_ticket":{"location":{"ticket_sidebar":{"url":"index.html","icon":"./styles/images/logo.svg"}},"events":{"onTicketUpdate":{"handler":"onTicketUpdateCallback"}}}},"engines":{"node":"24.11.0","fdk":"10.1.1"},"dependencies":{"axios":"0.20.0"},"scripts":{"fdk-unit-test":"vitest run --coverage"}}.
2026-05-26 13:30:59.615 +0530 [debug] (manifest.js) Inferred db,backend as features.
2026-05-26 13:30:59.638 +0530 [debug] (data.js) Read {"version_details":{"cli":{"deprecated":{"version":"<9","message":"This FDK version has been deprecated. There will be no further feature updates to this version. For a seamless app-building experience, ensure to move to the latest FDK version. For more information, see https://developers.freshworks.com/docs/app-sdk/v2.3/freshdesk/migration-guide/#migrate-to-the-latest-platform-version."},"forced":{"version":"7.0.0","command":"npm install https://dl.freshdev.io/cli/fdk-7.0.0.tgz -g","message":"Your FDK version has been forced updated to v7.0.0, please visit https://community.developers.freshworks.com/t/fdk-v7-0-announcing-node-js-v12-and-es6-support/3606 to know more"},"latest":{"version":"10.1.2","command":"npm install https://cdn.freshdev.io/fdk/latest-v24.tgz -g","message":"You are on the latest FDK version. For information on the features available as part of this FDK version, see https://developers.freshworks.com/docs/?tab=modules."}},"addon":{"version":"2.2.7","url":"https://cdn.freshdev.io/assets/fdk/addons/addon.zip"}},"last_updated":{"time_stamp":1779782125744}}
2026-05-26 13:30:59.779 +0530 [debug] (coverage.js) INIT: About to merge initial coverage data with 3 files
2026-05-26 13:30:59.779 +0530 [debug] (coverage.js) INIT: After merge - Files in map: 3
2026-05-26 13:30:59.817 +0530 [debug] (index.js) Initializing AJV schemas from individual files
2026-05-26 13:30:59.817 +0530 [debug] (index.js) Compiling schemas...
2026-05-26 13:30:59.824 +0530 [debug] (index.js) All schemas compiled successfully
2026-05-26 13:30:59.853 +0530 [debug] (index.js) loading model at "/Users/sivakumar/.nvm/versions/node/v24.11.0/lib/node_modules/@freshworks/fdk/lib/models/bigint-pivot.js"
2026-05-26 13:30:59.854 +0530 [debug] (index.js) loading model at "/Users/sivakumar/.nvm/versions/node/v24.11.0/lib/node_modules/@freshworks/fdk/lib/models/entity-field-choice.js"
2026-05-26 13:30:59.854 +0530 [debug] (index.js) loading model at "/Users/sivakumar/.nvm/versions/node/v24.11.0/lib/node_modules/@freshworks/fdk/lib/models/entity-field.js"
2026-05-26 13:30:59.855 +0530 [debug] (index.js) loading model at "/Users/sivakumar/.nvm/versions/node/v24.11.0/lib/node_modules/@freshworks/fdk/lib/models/entity.js"
2026-05-26 13:30:59.855 +0530 [debug] (index.js) loading model at "/Users/sivakumar/.nvm/versions/node/v24.11.0/lib/node_modules/@freshworks/fdk/lib/models/files.js"
2026-05-26 13:30:59.855 +0530 [debug] (index.js) loading model at "/Users/sivakumar/.nvm/versions/node/v24.11.0/lib/node_modules/@freshworks/fdk/lib/models/oauth-details.js"
2026-05-26 13:30:59.856 +0530 [debug] (index.js) loading model at "/Users/sivakumar/.nvm/versions/node/v24.11.0/lib/node_modules/@freshworks/fdk/lib/models/record.js"
2026-05-26 13:30:59.857 +0530 [debug] (index.js) loading model at "/Users/sivakumar/.nvm/versions/node/v24.11.0/lib/node_modules/@freshworks/fdk/lib/models/string-pivot.js"
2026-05-26 13:30:59.907 +0530 [debug] (index.js) 'schema: ' [object Object]
2026-05-26 13:30:59.914 +0530 [debug] (index.js) 'schema: ' [object Object]
2026-05-26 13:30:59.914 +0530 [debug] (index.js) 'schema: ' [object Object]
2026-05-26 13:30:59.914 +0530 [debug] (index.js) 'schema: ' [object Object]
2026-05-26 13:30:59.915 +0530 [debug] (index.js) 'schema: ' [object Object]
2026-05-26 13:30:59.916 +0530 [debug] (index.js) 'schema: ' [object Object]
2026-05-26 13:30:59.917 +0530 [debug] (index.js) 'schema: ' [object Object]
2026-05-26 13:30:59.920 +0530 [debug] (index.js) 'schema: ' [object Object]
2026-05-26 13:30:59.920 +0530 [debug] (index.js) 'schema: ' [object Object]
2026-05-26 13:30:59.921 +0530 [debug] (index.js) 'schema: ' [object Object]
2026-05-26 13:30:59.924 +0530 [debug] (index.js) 'schema: ' [object Object]
2026-05-26 13:30:59.925 +0530 [debug] (index.js) 'schema: ' [object Object]
2026-05-26 13:30:59.926 +0530 [debug] (index.js) 'schema: ' [object Object]
2026-05-26 13:30:59.926 +0530 [debug] (index.js) 'schema: ' [object Object]
2026-05-26 13:30:59.927 +0530 [debug] (index.js) 'schema: ' [object Object]
2026-05-26 13:30:59.928 +0530 [debug] (index.js) 'schema: ' [object Object]
2026-05-26 13:30:59.929 +0530 [debug] (index.js) 'schema: ' [object Object]
2026-05-26 13:30:59.936 +0530 [debug] (index.js) 'schema: ' [object Object]
2026-05-26 13:31:00.095 +0530 [debug] (data.js) Read {"version_details":{"cli":{"deprecated":{"version":"<9","message":"This FDK version has been deprecated. There will be no further feature updates to this version. For a seamless app-building experience, ensure to move to the latest FDK version. For more information, see https://developers.freshworks.com/docs/app-sdk/v2.3/freshdesk/migration-guide/#migrate-to-the-latest-platform-version."},"forced":{"version":"7.0.0","command":"npm install https://dl.freshdev.io/cli/fdk-7.0.0.tgz -g","message":"Your FDK version has been forced updated to v7.0.0, please visit https://community.developers.freshworks.com/t/fdk-v7-0-announcing-node-js-v12-and-es6-support/3606 to know more"},"latest":{"version":"10.1.2","command":"npm install https://cdn.freshdev.io/fdk/latest-v24.tgz -g","message":"You are on the latest FDK version. For information on the features available as part of this FDK version, see https://developers.freshworks.com/docs/?tab=modules."}},"addon":{"version":"2.2.7","url":"https://cdn.freshdev.io/assets/fdk/addons/addon.zip"}},"last_updated":{"time_stamp":1779782125744}}
2026-05-26 13:31:00.664 +0530 [debug] (validate.js) asked to skip the following validations, 
2026-05-26 13:31:00.665 +0530 [debug] (validate.js) running validator actions
2026-05-26 13:31:00.665 +0530 [debug] (validate.js) running validator requests
2026-05-26 13:31:00.665 +0530 [debug] (requests.js) validating request template for "getAllTickets"
2026-05-26 13:31:00.665 +0530 [debug] (validate.js) running validator app-dir
2026-05-26 13:31:00.665 +0530 [debug] (validate.js) running validator config-dir
2026-05-26 13:31:00.665 +0530 [debug] (config-dir.js) Checking to see if /Users/sivakumar/Documents/freshworks/freshservice/superops_production/config/ exists.
2026-05-26 13:31:00.665 +0530 [debug] (config-dir.js) Fetched the following config files assets,iparams.html,requests.json
2026-05-26 13:31:00.665 +0530 [debug] (validate.js) running validator custom-objects
2026-05-26 13:31:00.665 +0530 [debug] (validate.js) running validator event
2026-05-26 13:31:00.675 +0530 [debug] (event.js) Found ["onAppInstallCallback","onTicketUpdateCallback","onAppUninstallCallback","updateKonnector","registerUser","authConnection","verifyLogin","getAssetById"] as exported functions.
2026-05-26 13:31:00.675 +0530 [debug] (validate.js) running validator iparam
2026-05-26 13:31:00.695 +0530 [debug] (validate.js) running validator lint
2026-05-26 13:31:00.695 +0530 [debug] (lint.js) passed fix flag: undefined
2026-05-26 13:31:00.697 +0530 [debug] (lint.js) Running the following lints on the file app/scripts/app.js : no-eval,no-alert,no-debugger,no-unreachable,no-duplicate-imports,constructor-super,for-direction,no-class-assign,no-new-native-nonconstructor,valid-typeof,no-eq-null,no-var,require-await,no-unreachable-loop,no-redeclare,no-self-assign,no-setter-return,no-shadow-restricted-names,no-this-before-super,no-unsafe-finally,no-unsafe-optional-chaining,no-unused-vars,no-useless-catch,eqeqeq,prefer-const,require-yield,no-global-assign,no-caller,no-process-env,complexity,max-nested-callbacks,handle-callback-err,getter-return,no-async-promise-executor,no-case-declarations,no-compare-neg-zero,no-cond-assign,no-const-assign,no-constant-condition,no-control-regex,no-delete-var,no-dupe-args,no-dupe-class-members,no-dupe-else-if,no-dupe-keys,no-duplicate-case,no-empty,no-empty-character-class,no-empty-pattern,no-ex-assign,no-extra-boolean-cast,no-extra-semi,no-fallthrough,no-func-assign,no-import-assign,no-inner-declarations,no-invalid-regexp,no-irregular-whitespace,no-loss-of-precision,no-misleading-character-class,no-mixed-spaces-and-tabs,no-nonoctal-decimal-escape,no-obj-calls,no-octal,no-prototype-builtins,no-regex-spaces,no-sparse-arrays,no-unexpected-multiline,no-unsafe-negation,no-unused-labels,no-useless-backreference,no-useless-escape,no-with,use-isnan,no-unpkg-cdn,no-proxy-requests,no-unhandled-promise,no-logging-rejections,no-non-client-request-model,no-deprecated-apis,no-cross-scope-assign,no-empty-function
2026-05-26 13:31:00.766 +0530 [debug] (lint.js) Running the following lints on the file server/additionalConnectors.js : no-eval,no-alert,no-debugger,no-unreachable,no-duplicate-imports,constructor-super,for-direction,no-class-assign,no-new-native-nonconstructor,valid-typeof,no-eq-null,no-var,require-await,no-unreachable-loop,no-redeclare,no-self-assign,no-setter-return,no-shadow-restricted-names,no-this-before-super,no-unsafe-finally,no-unsafe-optional-chaining,no-unused-vars,no-useless-catch,eqeqeq,prefer-const,require-yield,no-global-assign,no-caller,no-process-env,complexity,max-nested-callbacks,handle-callback-err,getter-return,no-async-promise-executor,no-case-declarations,no-compare-neg-zero,no-cond-assign,no-const-assign,no-constant-condition,no-control-regex,no-delete-var,no-dupe-args,no-dupe-class-members,no-dupe-else-if,no-dupe-keys,no-duplicate-case,no-empty,no-empty-character-class,no-empty-pattern,no-ex-assign,no-extra-boolean-cast,no-extra-semi,no-fallthrough,no-func-assign,no-import-assign,no-inner-declarations,no-invalid-regexp,no-irregular-whitespace,no-loss-of-precision,no-misleading-character-class,no-mixed-spaces-and-tabs,no-nonoctal-decimal-escape,no-obj-calls,no-octal,no-prototype-builtins,no-regex-spaces,no-sparse-arrays,no-unexpected-multiline,no-unsafe-negation,no-unused-labels,no-useless-backreference,no-useless-escape,no-with,use-isnan,no-unpkg-cdn,no-proxy-requests,no-unhandled-promise,no-logging-rejections,no-non-client-request-model,no-deprecated-apis,no-dependency-mismatch,no-empty-function
2026-05-26 13:31:00.782 +0530 [debug] (lint.js) Running the following lints on the file server/createKonnectorJson.js : no-eval,no-alert,no-debugger,no-unreachable,no-duplicate-imports,constructor-super,for-direction,no-class-assign,no-new-native-nonconstructor,valid-typeof,no-eq-null,no-var,require-await,no-unreachable-loop,no-redeclare,no-self-assign,no-setter-return,no-shadow-restricted-names,no-this-before-super,no-unsafe-finally,no-unsafe-optional-chaining,no-unused-vars,no-useless-catch,eqeqeq,prefer-const,require-yield,no-global-assign,no-caller,no-process-env,complexity,max-nested-callbacks,handle-callback-err,getter-return,no-async-promise-executor,no-case-declarations,no-compare-neg-zero,no-cond-assign,no-const-assign,no-constant-condition,no-control-regex,no-delete-var,no-dupe-args,no-dupe-class-members,no-dupe-else-if,no-dupe-keys,no-duplicate-case,no-empty,no-empty-character-class,no-empty-pattern,no-ex-assign,no-extra-boolean-cast,no-extra-semi,no-fallthrough,no-func-assign,no-import-assign,no-inner-declarations,no-invalid-regexp,no-irregular-whitespace,no-loss-of-precision,no-misleading-character-class,no-mixed-spaces-and-tabs,no-nonoctal-decimal-escape,no-obj-calls,no-octal,no-prototype-builtins,no-regex-spaces,no-sparse-arrays,no-unexpected-multiline,no-unsafe-negation,no-unused-labels,no-useless-backreference,no-useless-escape,no-with,use-isnan,no-unpkg-cdn,no-proxy-requests,no-unhandled-promise,no-logging-rejections,no-non-client-request-model,no-deprecated-apis,no-dependency-mismatch,no-empty-function
2026-05-26 13:31:00.796 +0530 [debug] (lint.js) Running the following lints on the file server/server.js : no-eval,no-alert,no-debugger,no-unreachable,no-duplicate-imports,constructor-super,for-direction,no-class-assign,no-new-native-nonconstructor,valid-typeof,no-eq-null,no-var,require-await,no-unreachable-loop,no-redeclare,no-self-assign,no-setter-return,no-shadow-restricted-names,no-this-before-super,no-unsafe-finally,no-unsafe-optional-chaining,no-unused-vars,no-useless-catch,eqeqeq,prefer-const,require-yield,no-global-assign,no-caller,no-process-env,complexity,max-nested-callbacks,handle-callback-err,getter-return,no-async-promise-executor,no-case-declarations,no-compare-neg-zero,no-cond-assign,no-const-assign,no-constant-condition,no-control-regex,no-delete-var,no-dupe-args,no-dupe-class-members,no-dupe-else-if,no-dupe-keys,no-duplicate-case,no-empty,no-empty-character-class,no-empty-pattern,no-ex-assign,no-extra-boolean-cast,no-extra-semi,no-fallthrough,no-func-assign,no-import-assign,no-inner-declarations,no-invalid-regexp,no-irregular-whitespace,no-loss-of-precision,no-misleading-character-class,no-mixed-spaces-and-tabs,no-nonoctal-decimal-escape,no-obj-calls,no-octal,no-prototype-builtins,no-regex-spaces,no-sparse-arrays,no-unexpected-multiline,no-unsafe-negation,no-unused-labels,no-useless-backreference,no-useless-escape,no-with,use-isnan,no-unpkg-cdn,no-proxy-requests,no-unhandled-promise,no-logging-rejections,no-non-client-request-model,no-deprecated-apis,no-dependency-mismatch,no-empty-function
2026-05-26 13:31:00.816 +0530 [debug] (lint.js) Running the following lints on the file config/assets/scripts/iparams.js : no-unpkg-cdn,no-proxy-requests,no-logging-rejections
2026-05-26 13:31:00.894 +0530 [debug] (validate.js) running validator manifest
2026-05-26 13:31:00.894 +0530 [debug] (validate.js) skipping validator manifest-dependency
2026-05-26 13:31:00.894 +0530 [debug] (validate.js) running validator manifest-scripts
2026-05-26 13:31:00.894 +0530 [debug] (validate.js) running validator oauth
2026-05-26 13:31:00.895 +0530 [debug] (validate.js) skipping validator pkgsize
2026-05-26 13:31:00.895 +0530 [debug] (validate.js) running validator schema
2026-05-26 13:31:00.895 +0530 [debug] (validate.js) running validator version-check
2026-05-26 13:31:00.895 +0530 [debug] (validate.js) running validator app-settings
2026-05-26 13:31:00.896 +0530 [debug] (event.js) Found ["onAppInstallCallback","onTicketUpdateCallback","onAppUninstallCallback","updateKonnector","registerUser","authConnection","verifyLogin","getAssetById"] as exported functions.
2026-05-26 13:31:00.897 +0530 [debug] (manifest.js) Validating function registerUser
2026-05-26 13:31:00.898 +0530 [debug] (http.js) Failed to parse URL: https://<%= context.host %>, error: Invalid URL
2026-05-26 13:31:00.898 +0530 [debug] (manifest.js) Validating function authConnection
2026-05-26 13:31:00.898 +0530 [debug] (requests.js) validating request template for "getAssets"
2026-05-26 13:31:00.898 +0530 [debug] (manifest.js) Validating function verifyLogin
2026-05-26 13:31:00.898 +0530 [debug] (http.js) Failed to parse URL: https://<%= context.host %>, error: Invalid URL
2026-05-26 13:31:00.898 +0530 [debug] (manifest.js) Validating function updateKonnector
2026-05-26 13:31:00.898 +0530 [debug] (requests.js) validating request template for "getFreshserviceAssetTypes"
2026-05-26 13:31:00.898 +0530 [debug] (manifest.js) Validating function getAssetById
2026-05-26 13:31:00.898 +0530 [debug] (http.js) Failed to parse URL: https://<%=context.host%>.freshservice.com, error: Invalid URL
2026-05-26 13:31:00.898 +0530 [debug] (requests.js) validating request template for "getFreshserviceAssetFields"
2026-05-26 13:31:00.898 +0530 [debug] (http.js) Failed to parse URL: https://<%=context.host%>.freshservice.com, error: Invalid URL
2026-05-26 13:31:00.900 +0530 [debug] (requests.js) validating request template for "getAdminAccessToken"
2026-05-26 13:31:00.900 +0530 [debug] (http.js) Failed to parse URL: https://<%= context.host %>.konnectifyapp.co, error: Invalid URL
2026-05-26 13:31:00.900 +0530 [debug] (http.js) Failed to parse URL: https://<%= context.host %>, error: Invalid URL
2026-05-26 13:31:00.900 +0530 [debug] (requests.js) validating request template for "getTenantToken"
2026-05-26 13:31:00.900 +0530 [debug] (request.js) Checking request template for multi-oauth app
2026-05-26 13:31:00.900 +0530 [debug] (http.js) Failed to parse URL: https://<%= context.host %>.konnectifyapp.co, error: Invalid URL
2026-05-26 13:31:00.900 +0530 [debug] (requests.js) validating request template for "getFreshserviceWorkspace"
2026-05-26 13:31:00.900 +0530 [debug] (http.js) Failed to parse URL: https://<%= context.host %>, error: Invalid URL
2026-05-26 13:31:00.900 +0530 [debug] (http.js) Failed to parse URL: https://<%= context.domain %>.freshservice.com, error: Invalid URL
2026-05-26 13:31:00.900 +0530 [debug] (request.js) Checking request template for multi-oauth app
2026-05-26 13:31:00.900 +0530 [debug] (requests.js) validating request template for "getAssetById"
2026-05-26 13:31:00.901 +0530 [debug] (http.js) Failed to parse URL: https://<%=context.host%>.freshservice.com, error: Invalid URL
2026-05-26 13:31:00.901 +0530 [debug] (http.js) Failed to parse URL: https://<%= context.domain %>, error: Invalid URL
2026-05-26 13:31:00.901 +0530 [debug] (request.js) Checking request template for multi-oauth app
2026-05-26 13:31:00.901 +0530 [debug] (requests.js) validating request template for "getRequesters"
2026-05-26 13:31:00.901 +0530 [debug] (http.js) Failed to parse URL: https://<%= context.host %>, error: Invalid URL
2026-05-26 13:31:00.901 +0530 [debug] (http.js) Failed to parse URL: https://<%=context.host%>.freshservice.com, error: Invalid URL
2026-05-26 13:31:00.901 +0530 [debug] (requests.js) validating request template for "getAgents"
2026-05-26 13:31:00.901 +0530 [debug] (request.js) Checking request template for multi-oauth app
2026-05-26 13:31:00.901 +0530 [debug] (http.js) Failed to parse URL: https://<%= context.host %>, error: Invalid URL
2026-05-26 13:31:00.901 +0530 [debug] (http.js) Failed to parse URL: https://<%= context.host %>.konnectifyapp.co, error: Invalid URL
2026-05-26 13:31:00.901 +0530 [debug] (requests.js) validating request template for "getAllTicketFields"
2026-05-26 13:31:00.901 +0530 [debug] (request.js) Checking request template for multi-oauth app
2026-05-26 13:31:00.901 +0530 [debug] (http.js) Failed to parse URL: https://<%= context.host %>, error: Invalid URL
2026-05-26 13:31:00.901 +0530 [debug] (requests.js) validating request template for "getRequesterById"
2026-05-26 13:31:00.901 +0530 [debug] (http.js) Failed to parse URL: https://<%= context.host %>.konnectifyapp.co, error: Invalid URL
2026-05-26 13:31:00.901 +0530 [debug] (http.js) Failed to parse URL: https://<%= context.host %>, error: Invalid URL
2026-05-26 13:31:00.901 +0530 [debug] (request.js) Checking request template for multi-oauth app
2026-05-26 13:31:00.901 +0530 [debug] (requests.js) validating request template for "getAgentById"
2026-05-26 13:31:00.901 +0530 [debug] (http.js) Failed to parse URL: https://<%= context.domain %>.freshservice.com, error: Invalid URL
2026-05-26 13:31:00.901 +0530 [debug] (http.js) Failed to parse URL: https://<%= context.host %>, error: Invalid URL
2026-05-26 13:31:00.901 +0530 [debug] (request.js) Checking request template for multi-oauth app
2026-05-26 13:31:00.901 +0530 [debug] (requests.js) validating request template for "getAllSiteFromSuperops"
2026-05-26 13:31:00.901 +0530 [debug] (http.js) Failed to parse URL: https://<%= context.host %>, error: Invalid URL
2026-05-26 13:31:00.901 +0530 [debug] (http.js) Failed to parse URL: https://<%= context.domain %>, error: Invalid URL
2026-05-26 13:31:00.901 +0530 [debug] (requests.js) validating request template for "getLocations"
2026-05-26 13:31:00.901 +0530 [debug] (request.js) Checking request template for multi-oauth app
2026-05-26 13:31:00.901 +0530 [debug] (http.js) Failed to parse URL: https://<%= context.host %>, error: Invalid URL
2026-05-26 13:31:00.901 +0530 [debug] (http.js) Failed to parse URL: https://<%= context.host %>, error: Invalid URL
2026-05-26 13:31:00.901 +0530 [debug] (request.js) Checking request template for multi-oauth app
2026-05-26 13:31:00.901 +0530 [debug] (http.js) Failed to parse URL: https://<%= context.host %>, error: Invalid URL
2026-05-26 13:31:00.901 +0530 [debug] (request.js) Checking request template for multi-oauth app
2026-05-26 13:31:00.901 +0530 [debug] (http.js) Failed to parse URL: https://<%= context.host %>, error: Invalid URL
2026-05-26 13:31:00.901 +0530 [debug] (request.js) Checking request template for multi-oauth app
2026-05-26 13:31:00.901 +0530 [debug] (http.js) Failed to parse URL: https://<%= context.host %>, error: Invalid URL
2026-05-26 13:31:00.901 +0530 [debug] (request.js) Checking request template for multi-oauth app
2026-05-26 13:31:00.901 +0530 [debug] (http.js) Failed to parse URL: https://<%= context.host %>, error: Invalid URL
2026-05-26 13:31:00.901 +0530 [debug] (request.js) Checking request template for multi-oauth app
2026-05-26 13:31:00.901 +0530 [debug] (http.js) Failed to parse URL: https://<%= context.host %>, error: Invalid URL
2026-05-26 13:31:00.901 +0530 [debug] (request.js) Checking request template for multi-oauth app
2026-05-26 13:31:00.901 +0530 [debug] (http.js) Failed to parse URL: https://<%= context.host %>, error: Invalid URL
2026-05-26 13:31:00.902 +0530 [debug] (request.js) Checking request template for multi-oauth app
2026-05-26 13:31:00.904 +0530 [warn] Please ensure that the following are addressed for quick review process:
2026-05-26 13:31:00.904 +0530 [warn] [33m⚠[39m app/scripts/app.js::13: 'client' declared and assigned in different scopes. Possible asynchronous race condition.
2026-05-26 13:31:00.904 +0530 [warn] [33m⚠[39m app/scripts/app.js::19: 'activated' declared and assigned in different scopes. Possible asynchronous race condition.
2026-05-26 13:31:00.904 +0530 [warn] [33m⚠[39m app/scripts/app.js::28: 'globalRegion' declared and assigned in different scopes. Possible asynchronous race condition.
2026-05-26 13:31:00.904 +0530 [warn] [33m⚠[39m app/scripts/app.js::29: 'globalDomain' declared and assigned in different scopes. Possible asynchronous race condition.
2026-05-26 13:31:00.904 +0530 [warn] [33m⚠[39m app/scripts/app.js::31: 'globalAssets' declared and assigned in different scopes. Possible asynchronous race condition.
2026-05-26 13:31:00.904 +0530 [warn] [33m⚠[39m server/additionalConnectors.js::6: Arrow function has a complexity of 9. Maximum allowed is 7.
2026-05-26 13:31:00.904 +0530 [warn] [33m⚠[39m server/additionalConnectors.js::63: Async method 'saveAndActivate' has a complexity of 11. Maximum allowed is 7.
2026-05-26 13:31:00.904 +0530 [warn] [33m⚠[39m server/server.js::124: Async method 'onTicketUpdateCallback' has a complexity of 9. Maximum allowed is 7.
2026-05-26 13:31:00.904 +0530 [warn] [33m⚠[39m server/server.js::165: possible deprecated API usage detected
2026-05-26 13:31:00.904 +0530 [warn] [33m⚠[39m server/server.js::276: Async method 'registerUser' has a complexity of 9. Maximum allowed is 7.
2026-05-26 13:31:00.904 +0530 [warn] [33m⚠[39m server/server.js::310: Async method 'authConnection' has a complexity of 14. Maximum allowed is 7.
2026-05-26 13:31:00.904 +0530 [warn] [33m⚠[39m server/server.js::476: Async function 'createNewConnectors' has a complexity of 11. Maximum allowed is 7.
2026-05-26 13:31:00.904 +0530 [warn] [33m⚠[39m server/server.js::557: Async function 'getConnectorDetails' has a complexity of 11. Maximum allowed is 7.
2026-05-26 13:31:00.904 +0530 [warn] [33m⚠[39m config/assets/scripts/iparams.js::3027: refrain from simply logging errors.
2026-05-26 13:31:00.904 +0530 [warn] 
[1mYour app might be using one or more API endpoints that will be deprecated soon. Please go through the deprecation notice (https://community.freshworks.dev/t/freshservice-rest-api-v1-deprecation-notice/5899) to find alternate resources.[0m
2026-05-26 13:31:00.904 +0530 [warn] 
2026-05-26 13:31:00.905 +0530 [debug] (watcher.js) Preparing to watch the following files ./app,./config,./manifest.json
2026-05-26 13:31:01.001 +0530 [debug] (install.js) dependency installer called with {"axios":"0.20.0"}
2026-05-26 13:31:01.001 +0530 [debug] (install.js) Preparing to install the following dependencies axios@0.20.0
2026-05-26 13:31:01.001 +0530 [info] Installing dependencies...
2026-05-26 13:31:01.001 +0530 [debug] (install.js) Installing dependencies with the following environment variables: {"PATH":"/opt/homebrew/bin:/opt/homebrew/sbin:/Users/sivakumar/.nvm/versions/node/v24.11.0/bin:/usr/local/bin:/System/Cryptexes/App/usr/bin:/usr/bin:/bin:/usr/sbin:/sbin:/var/run/com.apple.security.cryptexd/codex.system/bootstrap/usr/local/bin:/var/run/com.apple.security.cryptexd/codex.system/bootstrap/usr/bin:/var/run/com.apple.security.cryptexd/codex.system/bootstrap/usr/appleinternal/bin:/Library/Apple/usr/bin","HOME":"/Users/sivakumar","TMPDIR":"/var/folders/8z/3gylz6xx5w910n0f08grs6kw0000gq/T/","npm_config_depth":"0"}
2026-05-26 13:31:01.853 +0530 [debug] (data.js) Error while reading localstore Unexpected end of JSON input
2026-05-26 13:31:01.853 +0530 [debug] (custom-objects.js) to force or not? undefined
2026-05-26 13:31:01.853 +0530 [debug] (custom-objects.js) beginning to re-sync db
2026-05-26 13:31:01.903 +0530 [debug] (data.js) Error while reading localstore Unexpected end of JSON input
2026-05-26 13:31:01.903 +0530 [debug] (custom-objects.js) updated local store with latest entity hash
2026-05-26 13:31:01.903 +0530 [debug] (run.js) migrate stored oauth configs from localstore to sqlite
2026-05-26 13:31:01.903 +0530 [debug] (data.js) Read {}
2026-05-26 13:31:01.903 +0530 [debug] (data.js) Read {}
2026-05-26 13:31:01.903 +0530 [debug] (oauth.js) app without oauth configs, skipping oauth configs migration
2026-05-26 13:31:01.903 +0530 [debug] (data.js) Read {}
2026-05-26 13:31:01.903 +0530 [debug] (oauth.js) empty json, setting oauth migration flag to true
2026-05-26 13:31:01.903 +0530 [debug] (data.js) Read {"supero_101_101_migrate_oauth_status":true}
2026-05-26 13:31:01.903 +0530 [info] Starting local testing server at http://*:10001/    
Append 'dev=true' to your current host URL to start testing    
     
e.g:     
2026-05-26 13:31:01.903 +0530 [info]   https://domain.freshservice.com/helpdesk/tickets/1?dev=true
2026-05-26 13:31:01.903 +0530 [info] 
Quit the server with Control-C.
2026-05-26 13:31:01.904 +0530 [info] 
To test the installation page, visit - http://localhost:10001/custom_configs
2026-05-26 13:31:01.904 +0530 [info] 
To simulate product, app setup, and external events, visit - http://localhost:10001/web/test
2026-05-26 13:31:01.904 +0530 [info] Populating test data with events found in the app
2026-05-26 13:31:09.949 +0530 [debug] (data.js) Read {"supero_101_101_migrate_oauth_status":true}
2026-05-26 13:31:09.949 +0530 [debug] (data.js) Read {"supero_101_101_migrate_oauth_status":true}
2026-05-26 13:31:09.949 +0530 [debug] (oauth.js) Fetching oauth configs of product : modules
2026-05-26 13:31:09.950 +0530 [debug] (data.js) Read {"supero_101_101_migrate_oauth_status":true}
2026-05-26 13:31:18.695 +0530 [debug] (data.js) Read {"supero_101_101_migrate_oauth_status":true}
2026-05-26 13:31:18.697 +0530 [debug] (data.js) Read {"supero_101_101_migrate_oauth_status":true}
2026-05-26 13:31:18.697 +0530 [debug] (oauth.js) Fetching oauth configs of product : modules
2026-05-26 13:31:18.697 +0530 [debug] (data.js) Read {"supero_101_101_migrate_oauth_status":true}
2026-05-26 13:31:19.635 +0530 [debug] (http.js) Failed to parse URL: , error: Invalid URL
2026-05-26 13:31:24.333 +0530 [debug] (http.js) Failed to parse URL: , error: Invalid URL
2026-05-26 13:31:25.773 +0530 [debug] (oauth.js) Fetching oauth configs of product : modules
2026-05-26 13:31:25.778 +0530 [debug] (iframe.js) Checking is authorized for all oauths 
2026-05-26 13:31:25.786 +0530 [debug] (data.js) Read {"supero_101_101_migrate_oauth_status":true}
2026-05-26 13:31:25.797 +0530 [debug] (data.js) Read {"supero_101_101_migrate_oauth_status":true}
2026-05-26 13:31:25.799 +0530 [debug] (data.js) Read {"supero_101_101_migrate_oauth_status":true}
2026-05-26 13:31:25.799 +0530 [debug] (iframe.js) Responding to product with {"configs":{},"displayName":"superops_production","product":{"freshservice":{"location":{"ticket_sidebar":{"url":"agent/index.html","icon":"agent/./styles/images/logo.svg"}},"events":{"onTicketUpdate":{"handler":"onTicketUpdateCallback"},"onAppInstall":{"handler":"onAppInstallCallback"},"onAppUninstall":{"handler":"onAppUninstallCallback"}},"functions":{"registerUser":{},"authConnection":{},"verifyLogin":{},"updateKonnector":{},"getAssetById":{}},"requests":{"getAllTickets":{},"getAssets":{},"getFreshserviceAssetTypes":{},"getFreshserviceAssetFields":{},"getAdminAccessToken":{},"getTenantToken":{},"getFreshserviceWorkspace":{},"getAssetById":{},"getRequesters":{},"getAgents":{},"getAllTicketFields":{},"getAgentById":{},"getRequesterById":{},"getAllSiteFromSuperops":{},"getLocations":{}}}},"modules":{"common":{"functions":{"registerUser":{},"authConnection":{},"verifyLogin":{},"updateKonnector":{},"getAssetById":{}},"requests":{"getAllTickets":{},"getAssets":{},"getFreshserviceAssetTypes":{},"getFreshserviceAssetFields":{},"getAdminAccessToken":{},"getTenantToken":{},"getFreshserviceWorkspace":{},"getAssetById":{},"getRequesters":{},"getAgents":{},"getAllTicketFields":{},"getAgentById":{},"getRequesterById":{},"getAllSiteFromSuperops":{},"getLocations":{}},"events":{"onAppInstall":{"handler":"onAppInstallCallback"},"onAppUninstall":{"handler":"onAppUninstallCallback"}}},"service_ticket":{"location":{"ticket_sidebar":{"url":"index.html","icon":"./styles/images/logo.svg"}},"events":{"onTicketUpdate":{"handler":"onTicketUpdateCallback"}}}},"features":["db","backend"],"actions":false,"omni":false,"products":["freshservice"],"platform":"3.1","isInstall":true,"oauth_configs_list":[],"subscribed_modules":null,"endpoint_urls":null,"product_types":{},"currentHost":{"subscribed_modules":null,"endpoint_urls":null,"org_domain":null,"product_types":{},"itam_version":{}},"isAuthorized":true,"v2":[]}
2026-05-26 13:31:25.803 +0530 [debug] (data.js) Read {"supero_101_101_migrate_oauth_status":true}
2026-05-26 13:31:47.148 +0530 [debug] (data.js) Read {"supero_101_101_migrate_oauth_status":true}
2026-05-26 13:31:49.247 +0530 [debug] (app.js) Initiating installation of local app.
2026-05-26 13:31:49.564 +0530 [debug] (data.js) Read {"supero_101_101_migrate_oauth_status":true,"supero_101_101_modules":{"supero_101_101_system_settings":{"currentHost":{"endpoint_urls":{"freshservice":"https://sivakumar.freshservice.com"},"subscribed_modules":["service_ticket"],"org_domain":"https://sivakumar-877416007896811476.myfreshworks.com","product_types":{"freshservice":"ITSM"},"itam_version":{"freshservice":"BASIC"}}}}}
2026-05-26 13:31:49.564 +0530 [debug] (oauth.js) Fetching oauth configs of product : modules
2026-05-26 13:31:49.565 +0530 [debug] (data.js) Read {"supero_101_101_migrate_oauth_status":true,"supero_101_101_modules":{"supero_101_101_system_settings":{"currentHost":{"endpoint_urls":{"freshservice":"https://sivakumar.freshservice.com"},"subscribed_modules":["service_ticket"],"org_domain":"https://sivakumar-877416007896811476.myfreshworks.com","product_types":{"freshservice":"ITSM"},"itam_version":{"freshservice":"BASIC"}}}}}
2026-05-26 13:31:49.565 +0530 [debug] (oauth.js) Fetching oauth configs of product : modules
2026-05-26 13:31:49.565 +0530 [debug] (data.js) Read {"supero_101_101_migrate_oauth_status":true,"supero_101_101_modules":{"supero_101_101_system_settings":{"currentHost":{"endpoint_urls":{"freshservice":"https://sivakumar.freshservice.com"},"subscribed_modules":["service_ticket"],"org_domain":"https://sivakumar-877416007896811476.myfreshworks.com","product_types":{"freshservice":"ITSM"},"itam_version":{"freshservice":"BASIC"}}}}}
2026-05-26 13:31:49.565 +0530 [debug] (data.js) Read {"supero_101_101_migrate_oauth_status":true,"supero_101_101_modules":{"supero_101_101_system_settings":{"currentHost":{"endpoint_urls":{"freshservice":"https://sivakumar.freshservice.com"},"subscribed_modules":["service_ticket"],"org_domain":"https://sivakumar-877416007896811476.myfreshworks.com","product_types":{"freshservice":"ITSM"},"itam_version":{"freshservice":"BASIC"}}}}}
2026-05-26 13:31:49.566 +0530 [debug] (data.js) Read {"supero_101_101_migrate_oauth_status":true,"supero_101_101_modules":{"supero_101_101_system_settings":{"currentHost":{"endpoint_urls":{"freshservice":"https://sivakumar.freshservice.com"},"subscribed_modules":["service_ticket"],"org_domain":"https://sivakumar-877416007896811476.myfreshworks.com","product_types":{"freshservice":"ITSM"},"itam_version":{"freshservice":"BASIC"}}}}}
2026-05-26 13:31:49.566 +0530 [debug] (oauth.js) Fetching oauth configs of product : modules
2026-05-26 13:31:49.566 +0530 [debug] (data.js) Read {"supero_101_101_migrate_oauth_status":true,"supero_101_101_modules":{"supero_101_101_system_settings":{"currentHost":{"endpoint_urls":{"freshservice":"https://sivakumar.freshservice.com"},"subscribed_modules":["service_ticket"],"org_domain":"https://sivakumar-877416007896811476.myfreshworks.com","product_types":{"freshservice":"ITSM"},"itam_version":{"freshservice":"BASIC"}}}}}
2026-05-26 13:31:49.566 +0530 [debug] (app.js) /app/-1 responding with {"extDetail":{"extension_id":-1,"id":-1,"name":"superops_production","display_name":"superops_production","features":["db","backend"],"subscribed_modules":["service_ticket"],"endpoint_urls":{"freshservice":"https://sivakumar.freshservice.com"},"product_types":{"freshservice":"ITSM"},"currentHost":{"endpoint_urls":{"freshservice":"https://sivakumar.freshservice.com"},"subscribed_modules":["service_ticket"],"product_types":{"freshservice":"ITSM"},"itam_version":{"freshservice":"BASIC"}},"cover_art":{"thumb":"http://localhost:10001/web/assets/images/freshworks_logo.svg","thumb2x":"http://localhost:10001/web/assets/images/freshworks_logo.svg"},"screenshots":[{"large":"https://dej20ntrln9u1.cloudfront.net/images/test_data/791/live_screenshot/large/Screen_Shot_2018_01_24_at_11.03.20_PM.png","large2x":"https://dej20ntrln9u1.cloudfront.net/images/test_data/791/live_screenshot/large2x/Screen_Shot_2018_01_24_at_11.03.20_PM.png"}],"categories":[],"type":6,"install_count":0,"published_at":"Tue May 26 2026 13:31:49 GMT+0530 (India Standard Time)","contact_details":{"support_email":"dummy@heeloc.com","support_url":"http://com.com"},"options":{},"is_local":true,"has_config":true,"configs_url":"http://localhost:10001/custom_configs/form","published_date":"a few moments","platform_details":{"3.1":true},"platform_version":"3.1","version_id":-1,"events":{},"oauth_configs_list":[],"placeholders":{"ticket_sidebar":{"url":"https://dej20ntrln9u1.cloudfront.net/app-assets/test_data/e23f49923ae1f1191bcd/app/template.html","icon_url":"https://dej20ntrln9u1.cloudfront.net/app-assets/test_data/e23f49923ae1f1191bcd/app/icon.svg"}},"app_type":1},"extensionDetail":{"extension_id":-1,"id":-1,"name":"superops_production","display_name":"superops_production","features":["db","backend"],"subscribed_modules":["service_ticket"],"endpoint_urls":{"freshservice":"https://sivakumar.freshservice.com"},"product_types":{"freshservice":"ITSM"},"currentHost":{"endpoint_urls":{"freshservice":"https://sivakumar.freshservice.com"},"subscribed_modules":["service_ticket"],"product_types":{"freshservice":"ITSM"},"itam_version":{"freshservice":"BASIC"}},"cover_art":{"thumb":"http://localhost:10001/web/assets/images/freshworks_logo.svg","thumb2x":"http://localhost:10001/web/assets/images/freshworks_logo.svg"},"screenshots":[{"large":"https://dej20ntrln9u1.cloudfront.net/images/test_data/791/live_screenshot/large/Screen_Shot_2018_01_24_at_11.03.20_PM.png","large2x":"https://dej20ntrln9u1.cloudfront.net/images/test_data/791/live_screenshot/large2x/Screen_Shot_2018_01_24_at_11.03.20_PM.png"}],"categories":[],"type":6,"install_count":0,"published_at":"Tue May 26 2026 13:31:49 GMT+0530 (India Standard Time)","contact_details":{"support_email":"dummy@heeloc.com","support_url":"http://com.com"},"options":{},"is_local":true,"has_config":true,"configs_url":"http://localhost:10001/custom_configs/form","published_date":"a few moments","platform_details":{"3.1":true},"platform_version":"3.1","version_id":-1,"events":{},"oauth_configs_list":[],"placeholders":{"ticket_sidebar":{"url":"https://dej20ntrln9u1.cloudfront.net/app-assets/test_data/e23f49923ae1f1191bcd/app/template.html","icon_url":"https://dej20ntrln9u1.cloudfront.net/app-assets/test_data/e23f49923ae1f1191bcd/app/icon.svg"}},"app_type":1},"installedExtn":{"installed_extension_id":-1,"installed_versions":[-1],"extension_id":-1,"version_id":-1,"installed":false,"enabled":false,"configs":{},"state":2,"extension_type":6,"oauth_configs_list":[]},"installationInfo":{"installed":false,"previously_installed":false,"installation_scope":"account","installations":[]}}
2026-05-26 13:31:49.610 +0530 [debug] (http.js) Failed to parse URL: , error: Invalid URL
2026-05-26 13:32:42.118 +0530 [debug] (data.js) Read {"supero_101_101_migrate_oauth_status":true,"supero_101_101_modules":{"supero_101_101_system_settings":{"currentHost":{"endpoint_urls":{"freshservice":"https://sivakumar.freshservice.com"},"subscribed_modules":["service_ticket"],"org_domain":"https://sivakumar-877416007896811476.myfreshworks.com","product_types":{"freshservice":"ITSM"},"itam_version":{"freshservice":"BASIC"}}}}}
2026-05-26 13:32:42.119 +0530 [debug] (data.js) Read {"supero_101_101_migrate_oauth_status":true,"supero_101_101_modules":{"supero_101_101_system_settings":{"currentHost":{"endpoint_urls":{"freshservice":"https://sivakumar.freshservice.com"},"subscribed_modules":["service_ticket"],"org_domain":"https://sivakumar-877416007896811476.myfreshworks.com","product_types":{"freshservice":"ITSM"},"itam_version":{"freshservice":"BASIC"}}}}}
2026-05-26 13:32:42.120 +0530 [debug] (oauth.js) Fetching oauth configs of product : modules
2026-05-26 13:32:42.120 +0530 [debug] (data.js) Read {"supero_101_101_migrate_oauth_status":true,"supero_101_101_modules":{"supero_101_101_system_settings":{"currentHost":{"endpoint_urls":{"freshservice":"https://sivakumar.freshservice.com"},"subscribed_modules":["service_ticket"],"org_domain":"https://sivakumar-877416007896811476.myfreshworks.com","product_types":{"freshservice":"ITSM"},"itam_version":{"freshservice":"BASIC"}}}}}
2026-05-26 13:32:47.324 +0530 [debug] (app.js) Initiating installation of local app.
2026-05-26 13:32:47.345 +0530 [debug] (data.js) Read {"supero_101_101_migrate_oauth_status":true,"supero_101_101_modules":{"supero_101_101_system_settings":{"currentHost":{"endpoint_urls":{"freshservice":"https://sivakumar.freshservice.com"},"subscribed_modules":["service_ticket"],"org_domain":"https://sivakumar-877416007896811476.myfreshworks.com","product_types":{"freshservice":"ITSM"},"itam_version":{"freshservice":"BASIC"}}}}}
2026-05-26 13:32:47.345 +0530 [debug] (oauth.js) Fetching oauth configs of product : modules
2026-05-26 13:32:47.345 +0530 [debug] (data.js) Read {"supero_101_101_migrate_oauth_status":true,"supero_101_101_modules":{"supero_101_101_system_settings":{"currentHost":{"endpoint_urls":{"freshservice":"https://sivakumar.freshservice.com"},"subscribed_modules":["service_ticket"],"org_domain":"https://sivakumar-877416007896811476.myfreshworks.com","product_types":{"freshservice":"ITSM"},"itam_version":{"freshservice":"BASIC"}}}}}
2026-05-26 13:32:47.345 +0530 [debug] (oauth.js) Fetching oauth configs of product : modules
2026-05-26 13:32:47.345 +0530 [debug] (data.js) Read {"supero_101_101_migrate_oauth_status":true,"supero_101_101_modules":{"supero_101_101_system_settings":{"currentHost":{"endpoint_urls":{"freshservice":"https://sivakumar.freshservice.com"},"subscribed_modules":["service_ticket"],"org_domain":"https://sivakumar-877416007896811476.myfreshworks.com","product_types":{"freshservice":"ITSM"},"itam_version":{"freshservice":"BASIC"}}}}}
2026-05-26 13:32:47.345 +0530 [debug] (data.js) Read {"supero_101_101_migrate_oauth_status":true,"supero_101_101_modules":{"supero_101_101_system_settings":{"currentHost":{"endpoint_urls":{"freshservice":"https://sivakumar.freshservice.com"},"subscribed_modules":["service_ticket"],"org_domain":"https://sivakumar-877416007896811476.myfreshworks.com","product_types":{"freshservice":"ITSM"},"itam_version":{"freshservice":"BASIC"}}}}}
2026-05-26 13:32:47.345 +0530 [debug] (data.js) Read {"supero_101_101_migrate_oauth_status":true,"supero_101_101_modules":{"supero_101_101_system_settings":{"currentHost":{"endpoint_urls":{"freshservice":"https://sivakumar.freshservice.com"},"subscribed_modules":["service_ticket"],"org_domain":"https://sivakumar-877416007896811476.myfreshworks.com","product_types":{"freshservice":"ITSM"},"itam_version":{"freshservice":"BASIC"}}}}}
2026-05-26 13:32:47.345 +0530 [debug] (oauth.js) Fetching oauth configs of product : modules
2026-05-26 13:32:47.345 +0530 [debug] (data.js) Read {"supero_101_101_migrate_oauth_status":true,"supero_101_101_modules":{"supero_101_101_system_settings":{"currentHost":{"endpoint_urls":{"freshservice":"https://sivakumar.freshservice.com"},"subscribed_modules":["service_ticket"],"org_domain":"https://sivakumar-877416007896811476.myfreshworks.com","product_types":{"freshservice":"ITSM"},"itam_version":{"freshservice":"BASIC"}}}}}
2026-05-26 13:32:47.345 +0530 [debug] (app.js) /app/-1 responding with {"extDetail":{"extension_id":-1,"id":-1,"name":"superops_production","display_name":"superops_production","features":["db","backend"],"subscribed_modules":["service_ticket"],"endpoint_urls":{"freshservice":"https://sivakumar.freshservice.com"},"product_types":{"freshservice":"ITSM"},"currentHost":{"endpoint_urls":{"freshservice":"https://sivakumar.freshservice.com"},"subscribed_modules":["service_ticket"],"product_types":{"freshservice":"ITSM"},"itam_version":{"freshservice":"BASIC"}},"cover_art":{"thumb":"http://localhost:10001/web/assets/images/freshworks_logo.svg","thumb2x":"http://localhost:10001/web/assets/images/freshworks_logo.svg"},"screenshots":[{"large":"https://dej20ntrln9u1.cloudfront.net/images/test_data/791/live_screenshot/large/Screen_Shot_2018_01_24_at_11.03.20_PM.png","large2x":"https://dej20ntrln9u1.cloudfront.net/images/test_data/791/live_screenshot/large2x/Screen_Shot_2018_01_24_at_11.03.20_PM.png"}],"categories":[],"type":6,"install_count":0,"published_at":"Tue May 26 2026 13:32:47 GMT+0530 (India Standard Time)","contact_details":{"support_email":"dummy@heeloc.com","support_url":"http://com.com"},"options":{},"is_local":true,"has_config":true,"configs_url":"http://localhost:10001/custom_configs/form","published_date":"a few moments","platform_details":{"3.1":true},"platform_version":"3.1","version_id":-1,"events":{},"oauth_configs_list":[],"placeholders":{"ticket_sidebar":{"url":"https://dej20ntrln9u1.cloudfront.net/app-assets/test_data/e23f49923ae1f1191bcd/app/template.html","icon_url":"https://dej20ntrln9u1.cloudfront.net/app-assets/test_data/e23f49923ae1f1191bcd/app/icon.svg"}},"app_type":1},"extensionDetail":{"extension_id":-1,"id":-1,"name":"superops_production","display_name":"superops_production","features":["db","backend"],"subscribed_modules":["service_ticket"],"endpoint_urls":{"freshservice":"https://sivakumar.freshservice.com"},"product_types":{"freshservice":"ITSM"},"currentHost":{"endpoint_urls":{"freshservice":"https://sivakumar.freshservice.com"},"subscribed_modules":["service_ticket"],"product_types":{"freshservice":"ITSM"},"itam_version":{"freshservice":"BASIC"}},"cover_art":{"thumb":"http://localhost:10001/web/assets/images/freshworks_logo.svg","thumb2x":"http://localhost:10001/web/assets/images/freshworks_logo.svg"},"screenshots":[{"large":"https://dej20ntrln9u1.cloudfront.net/images/test_data/791/live_screenshot/large/Screen_Shot_2018_01_24_at_11.03.20_PM.png","large2x":"https://dej20ntrln9u1.cloudfront.net/images/test_data/791/live_screenshot/large2x/Screen_Shot_2018_01_24_at_11.03.20_PM.png"}],"categories":[],"type":6,"install_count":0,"published_at":"Tue May 26 2026 13:32:47 GMT+0530 (India Standard Time)","contact_details":{"support_email":"dummy@heeloc.com","support_url":"http://com.com"},"options":{},"is_local":true,"has_config":true,"configs_url":"http://localhost:10001/custom_configs/form","published_date":"a few moments","platform_details":{"3.1":true},"platform_version":"3.1","version_id":-1,"events":{},"oauth_configs_list":[],"placeholders":{"ticket_sidebar":{"url":"https://dej20ntrln9u1.cloudfront.net/app-assets/test_data/e23f49923ae1f1191bcd/app/template.html","icon_url":"https://dej20ntrln9u1.cloudfront.net/app-assets/test_data/e23f49923ae1f1191bcd/app/icon.svg"}},"app_type":1},"installedExtn":{"installed_extension_id":-1,"installed_versions":[-1],"extension_id":-1,"version_id":-1,"installed":false,"enabled":false,"configs":{},"state":2,"extension_type":6,"oauth_configs_list":[]},"installationInfo":{"installed":false,"previously_installed":false,"installation_scope":"account","installations":[]}}
2026-05-26 13:32:47.356 +0530 [debug] (http.js) Failed to parse URL: , error: Invalid URL
2026-05-26 14:29:32.174 +0530 [debug] (watcher.js) Broadcasted "{"file":"config/assets/scripts/iparams.js"}" to all listeners.
2026-05-26 15:25:57.189 +0530 [debug] (watcher.js) Broadcasted "{"file":"config/assets/scripts/iparams.js"}" to all listeners.
2026-05-26 15:28:37.017 +0530 [info] 
NOTE: We recommend a coverage of 80% for apps that are to be published in the public marketplace.
2026-05-26 15:28:47.920 +0530 [debug] (configs.js) loaded default configs as "{"updates":{"manifest_url":"https://cdn.freshdev.io/assets/fdk/updates.json","changelog_url":"https://cdn.freshdev.io/assets/fdk/change-log.json","period":24},"log":{"level":"info"},"javascript":{"ecma_version":2020},"request":{"timeout":15000,"maxFilesPerRequest":5},"global_apps":{"enabled":true},"easel":{"enabled":false},"job":{"timeout":120000}}"
2026-05-26 15:28:47.924 +0530 [debug] (configs.js) loaded global configs as "{"request":{"timeout":15000},"job":{"timeout":120000},"global_apps":{"enabled":"true"}}"
2026-05-26 15:28:47.924 +0530 [debug] (configs.js) loaded local configs as "{"request":{"timeout":15000},"job":{"timeout":120000},"global_apps":{"enabled":"true"}}"
2026-05-26 15:28:47.924 +0530 [debug] (configs.js) loaded env configs as "{"updates":{},"log":{},"javascript":{},"request":{"timeout":15000,"maxFilesPerRequest":5},"job":{"timeout":120000}}"
2026-05-26 15:28:47.924 +0530 [debug] (configs.js) loaded resolved configs as "{"updates":{"manifest_url":"https://cdn.freshdev.io/assets/fdk/updates.json","changelog_url":"https://cdn.freshdev.io/assets/fdk/change-log.json","period":24},"log":{"level":"info"},"javascript":{"ecma_version":2020},"request":{"timeout":15000,"maxFilesPerRequest":5},"global_apps":{"enabled":"true"},"easel":{"enabled":false},"job":{"timeout":120000}}"
2026-05-26 15:28:47.924 +0530 [debug] (logger.js) Starting FDK in node v24.11.0 on darwin
2026-05-26 15:28:47.924 +0530 [debug] (sequelize.js) setting up sqilite at "/Users/sivakumar/Documents/freshworks/freshservice/superops_production/.fdk/store.sqlite"
2026-05-26 15:28:47.924 +0530 [debug] (data.js) Read {"version_details":{"cli":{"deprecated":{"version":"<9","message":"This FDK version has been deprecated. There will be no further feature updates to this version. For a seamless app-building experience, ensure to move to the latest FDK version. For more information, see https://developers.freshworks.com/docs/app-sdk/v2.3/freshdesk/migration-guide/#migrate-to-the-latest-platform-version."},"forced":{"version":"7.0.0","command":"npm install https://dl.freshdev.io/cli/fdk-7.0.0.tgz -g","message":"Your FDK version has been forced updated to v7.0.0, please visit https://community.developers.freshworks.com/t/fdk-v7-0-announcing-node-js-v12-and-es6-support/3606 to know more"},"latest":{"version":"10.1.2","command":"npm install https://cdn.freshdev.io/fdk/latest-v24.tgz -g","message":"You are on the latest FDK version. For information on the features available as part of this FDK version, see https://developers.freshworks.com/docs/?tab=modules."}},"addon":{"version":"2.2.7","url":"https://cdn.freshdev.io/assets/fdk/addons/addon.zip"}},"last_updated":{"time_stamp":1779782125744}}
2026-05-26 15:28:47.924 +0530 [debug] (updater.js) last check less than 24 hours ago, not looking for updates
2026-05-26 15:28:47.926 +0530 [debug] (index.js) running with opts {}
2026-05-26 15:28:48.013 +0530 [debug] (data.js) Read {"version_details":{"cli":{"deprecated":{"version":"<9","message":"This FDK version has been deprecated. There will be no further feature updates to this version. For a seamless app-building experience, ensure to move to the latest FDK version. For more information, see https://developers.freshworks.com/docs/app-sdk/v2.3/freshdesk/migration-guide/#migrate-to-the-latest-platform-version."},"forced":{"version":"7.0.0","command":"npm install https://dl.freshdev.io/cli/fdk-7.0.0.tgz -g","message":"Your FDK version has been forced updated to v7.0.0, please visit https://community.developers.freshworks.com/t/fdk-v7-0-announcing-node-js-v12-and-es6-support/3606 to know more"},"latest":{"version":"10.1.2","command":"npm install https://cdn.freshdev.io/fdk/latest-v24.tgz -g","message":"You are on the latest FDK version. For information on the features available as part of this FDK version, see https://developers.freshworks.com/docs/?tab=modules."}},"addon":{"version":"2.2.7","url":"https://cdn.freshdev.io/assets/fdk/addons/addon.zip"}},"last_updated":{"time_stamp":1779782125744}}
2026-05-26 15:28:48.015 +0530 [debug] (manifest.js) Reloading manifest with {"platform-version":"3.1","modules":{"common":{"functions":{"registerUser":{},"authConnection":{},"verifyLogin":{},"updateKonnector":{},"getAssetById":{}},"requests":{"getAllTickets":{},"getAssets":{},"getFreshserviceAssetTypes":{},"getFreshserviceAssetFields":{},"getAdminAccessToken":{},"getTenantToken":{},"getFreshserviceWorkspace":{},"getAssetById":{},"getRequesters":{},"getAgents":{},"getAllTicketFields":{},"getAgentById":{},"getRequesterById":{},"getAllSiteFromSuperops":{},"getLocations":{}},"events":{"onAppInstall":{"handler":"onAppInstallCallback"},"onAppUninstall":{"handler":"onAppUninstallCallback"}}},"service_ticket":{"location":{"ticket_sidebar":{"url":"index.html","icon":"./styles/images/logo.svg"}},"events":{"onTicketUpdate":{"handler":"onTicketUpdateCallback"}}}},"engines":{"node":"24.11.0","fdk":"10.1.1"},"dependencies":{"axios":"0.20.0"},"scripts":{"fdk-unit-test":"vitest run --coverage"}}.
2026-05-26 15:28:48.015 +0530 [debug] (manifest.js) Inferred db,backend as features.
2026-05-26 15:28:48.016 +0530 [debug] (data.js) Read {"version_details":{"cli":{"deprecated":{"version":"<9","message":"This FDK version has been deprecated. There will be no further feature updates to this version. For a seamless app-building experience, ensure to move to the latest FDK version. For more information, see https://developers.freshworks.com/docs/app-sdk/v2.3/freshdesk/migration-guide/#migrate-to-the-latest-platform-version."},"forced":{"version":"7.0.0","command":"npm install https://dl.freshdev.io/cli/fdk-7.0.0.tgz -g","message":"Your FDK version has been forced updated to v7.0.0, please visit https://community.developers.freshworks.com/t/fdk-v7-0-announcing-node-js-v12-and-es6-support/3606 to know more"},"latest":{"version":"10.1.2","command":"npm install https://cdn.freshdev.io/fdk/latest-v24.tgz -g","message":"You are on the latest FDK version. For information on the features available as part of this FDK version, see https://developers.freshworks.com/docs/?tab=modules."}},"addon":{"version":"2.2.7","url":"https://cdn.freshdev.io/assets/fdk/addons/addon.zip"}},"last_updated":{"time_stamp":1779782125744}}
2026-05-26 15:28:48.164 +0530 [debug] (coverage.js) INIT: About to merge initial coverage data with 3 files
2026-05-26 15:28:48.165 +0530 [debug] (coverage.js) INIT: After merge - Files in map: 3
2026-05-26 15:28:48.208 +0530 [debug] (index.js) Initializing AJV schemas from individual files
2026-05-26 15:28:48.208 +0530 [debug] (index.js) Compiling schemas...
2026-05-26 15:28:48.216 +0530 [debug] (index.js) All schemas compiled successfully
2026-05-26 15:28:48.407 +0530 [debug] (index.js) 'schema: ' [object Object]
2026-05-26 15:28:48.411 +0530 [debug] (index.js) 'schema: ' [object Object]
2026-05-26 15:28:48.411 +0530 [debug] (index.js) 'schema: ' [object Object]
2026-05-26 15:28:48.412 +0530 [debug] (index.js) 'schema: ' [object Object]
2026-05-26 15:28:48.413 +0530 [debug] (index.js) 'schema: ' [object Object]
2026-05-26 15:28:48.413 +0530 [debug] (index.js) 'schema: ' [object Object]
2026-05-26 15:28:48.414 +0530 [debug] (index.js) 'schema: ' [object Object]
2026-05-26 15:28:48.417 +0530 [debug] (index.js) 'schema: ' [object Object]
2026-05-26 15:28:48.417 +0530 [debug] (index.js) 'schema: ' [object Object]
2026-05-26 15:28:48.418 +0530 [debug] (index.js) 'schema: ' [object Object]
2026-05-26 15:28:48.420 +0530 [debug] (index.js) 'schema: ' [object Object]
2026-05-26 15:28:48.421 +0530 [debug] (index.js) 'schema: ' [object Object]
2026-05-26 15:28:48.423 +0530 [debug] (index.js) 'schema: ' [object Object]
2026-05-26 15:28:48.423 +0530 [debug] (index.js) 'schema: ' [object Object]
2026-05-26 15:28:48.423 +0530 [debug] (index.js) 'schema: ' [object Object]
2026-05-26 15:28:48.424 +0530 [debug] (index.js) 'schema: ' [object Object]
2026-05-26 15:28:48.425 +0530 [debug] (index.js) 'schema: ' [object Object]
2026-05-26 15:28:48.432 +0530 [debug] (index.js) 'schema: ' [object Object]
2026-05-26 15:28:48.961 +0530 [debug] (pack.js) 'pack' called with {"0":true,"1":true}
2026-05-26 15:28:48.962 +0530 [debug] (validate.js) asked to skip the following validations, eslint
2026-05-26 15:28:48.962 +0530 [debug] (validate.js) running validator actions
2026-05-26 15:28:48.962 +0530 [debug] (validate.js) running validator requests
2026-05-26 15:28:48.962 +0530 [debug] (requests.js) validating request template for "getAllTickets"
2026-05-26 15:28:48.962 +0530 [debug] (validate.js) running validator app-dir
2026-05-26 15:28:48.962 +0530 [debug] (validate.js) running validator config-dir
2026-05-26 15:28:48.962 +0530 [debug] (config-dir.js) Checking to see if /Users/sivakumar/Documents/freshworks/freshservice/superops_production/config/ exists.
2026-05-26 15:28:48.962 +0530 [debug] (config-dir.js) Fetched the following config files assets,iparams.html,requests.json
2026-05-26 15:28:48.962 +0530 [debug] (validate.js) running validator custom-objects
2026-05-26 15:28:48.962 +0530 [debug] (validate.js) running validator event
2026-05-26 15:28:48.972 +0530 [debug] (event.js) Found ["onAppInstallCallback","onTicketUpdateCallback","onAppUninstallCallback","updateKonnector","registerUser","authConnection","verifyLogin","getAssetById"] as exported functions.
2026-05-26 15:28:48.972 +0530 [debug] (validate.js) running validator iparam
2026-05-26 15:28:48.993 +0530 [debug] (validate.js) running validator lint
2026-05-26 15:28:48.994 +0530 [debug] (lint.js) passed fix flag: undefined
2026-05-26 15:28:49.175 +0530 [debug] (validate.js) running validator manifest
2026-05-26 15:28:49.175 +0530 [debug] (validate.js) running validator manifest-dependency
2026-05-26 15:28:49.176 +0530 [debug] (validate.js) skipping validator manifest-scripts
2026-05-26 15:28:49.176 +0530 [debug] (validate.js) running validator oauth
2026-05-26 15:28:49.176 +0530 [debug] (validate.js) skipping validator pkgsize
2026-05-26 15:28:49.176 +0530 [debug] (validate.js) skipping validator schema
2026-05-26 15:28:49.176 +0530 [debug] (validate.js) running validator version-check
2026-05-26 15:28:49.176 +0530 [debug] (validate.js) running validator app-settings
2026-05-26 15:28:49.178 +0530 [debug] (event.js) Found ["onAppInstallCallback","onTicketUpdateCallback","onAppUninstallCallback","updateKonnector","registerUser","authConnection","verifyLogin","getAssetById"] as exported functions.
2026-05-26 15:28:49.178 +0530 [debug] (manifest.js) Validating function registerUser
2026-05-26 15:28:49.179 +0530 [debug] (http.js) Failed to parse URL: https://<%= context.host %>, error: Invalid URL
2026-05-26 15:28:49.186 +0530 [debug] (manifest.js) Validating function authConnection
2026-05-26 15:28:49.187 +0530 [debug] (requests.js) validating request template for "getAssets"
2026-05-26 15:28:49.187 +0530 [debug] (manifest.js) Validating function verifyLogin
2026-05-26 15:28:49.187 +0530 [debug] (http.js) Failed to parse URL: https://<%= context.host %>, error: Invalid URL
2026-05-26 15:28:49.187 +0530 [debug] (manifest.js) Validating function updateKonnector
2026-05-26 15:28:49.187 +0530 [debug] (requests.js) validating request template for "getFreshserviceAssetTypes"
2026-05-26 15:28:49.187 +0530 [debug] (manifest.js) Validating function getAssetById
2026-05-26 15:28:49.187 +0530 [debug] (http.js) Failed to parse URL: https://<%=context.host%>.freshservice.com, error: Invalid URL
2026-05-26 15:28:49.187 +0530 [debug] (requests.js) validating request template for "getFreshserviceAssetFields"
2026-05-26 15:28:49.187 +0530 [debug] (http.js) Failed to parse URL: https://<%=context.host%>.freshservice.com, error: Invalid URL
2026-05-26 15:28:49.189 +0530 [debug] (requests.js) validating request template for "getAdminAccessToken"
2026-05-26 15:28:49.189 +0530 [debug] (http.js) Failed to parse URL: https://<%= context.host %>.konnectifyapp.co, error: Invalid URL
2026-05-26 15:28:49.189 +0530 [debug] (http.js) Failed to parse URL: https://<%= context.host %>, error: Invalid URL
2026-05-26 15:28:49.189 +0530 [debug] (requests.js) validating request template for "getTenantToken"
2026-05-26 15:28:49.189 +0530 [debug] (request.js) Checking request template for multi-oauth app
2026-05-26 15:28:49.189 +0530 [debug] (http.js) Failed to parse URL: https://<%= context.host %>.konnectifyapp.co, error: Invalid URL
2026-05-26 15:28:49.189 +0530 [debug] (requests.js) validating request template for "getFreshserviceWorkspace"
2026-05-26 15:28:49.189 +0530 [debug] (http.js) Failed to parse URL: https://<%= context.host %>, error: Invalid URL
2026-05-26 15:28:49.189 +0530 [debug] (http.js) Failed to parse URL: https://<%= context.domain %>.freshservice.com, error: Invalid URL
2026-05-26 15:28:49.189 +0530 [debug] (request.js) Checking request template for multi-oauth app
2026-05-26 15:28:49.189 +0530 [debug] (requests.js) validating request template for "getAssetById"
2026-05-26 15:28:49.189 +0530 [debug] (http.js) Failed to parse URL: https://<%=context.host%>.freshservice.com, error: Invalid URL
2026-05-26 15:28:49.189 +0530 [debug] (http.js) Failed to parse URL: https://<%= context.domain %>, error: Invalid URL
2026-05-26 15:28:49.190 +0530 [debug] (request.js) Checking request template for multi-oauth app
2026-05-26 15:28:49.190 +0530 [debug] (requests.js) validating request template for "getRequesters"
2026-05-26 15:28:49.190 +0530 [debug] (http.js) Failed to parse URL: https://<%= context.host %>, error: Invalid URL
2026-05-26 15:28:49.190 +0530 [debug] (http.js) Failed to parse URL: https://<%=context.host%>.freshservice.com, error: Invalid URL
2026-05-26 15:28:49.190 +0530 [debug] (requests.js) validating request template for "getAgents"
2026-05-26 15:28:49.190 +0530 [debug] (request.js) Checking request template for multi-oauth app
2026-05-26 15:28:49.190 +0530 [debug] (http.js) Failed to parse URL: https://<%= context.host %>, error: Invalid URL
2026-05-26 15:28:49.190 +0530 [debug] (http.js) Failed to parse URL: https://<%= context.host %>.konnectifyapp.co, error: Invalid URL
2026-05-26 15:28:49.190 +0530 [debug] (requests.js) validating request template for "getAllTicketFields"
2026-05-26 15:28:49.190 +0530 [debug] (request.js) Checking request template for multi-oauth app
2026-05-26 15:28:49.190 +0530 [debug] (http.js) Failed to parse URL: https://<%= context.host %>, error: Invalid URL
2026-05-26 15:28:49.190 +0530 [debug] (requests.js) validating request template for "getRequesterById"
2026-05-26 15:28:49.190 +0530 [debug] (http.js) Failed to parse URL: https://<%= context.host %>.konnectifyapp.co, error: Invalid URL
2026-05-26 15:28:49.190 +0530 [debug] (http.js) Failed to parse URL: https://<%= context.host %>, error: Invalid URL
2026-05-26 15:28:49.190 +0530 [debug] (request.js) Checking request template for multi-oauth app
2026-05-26 15:28:49.190 +0530 [debug] (requests.js) validating request template for "getAgentById"
2026-05-26 15:28:49.190 +0530 [debug] (http.js) Failed to parse URL: https://<%= context.domain %>.freshservice.com, error: Invalid URL
2026-05-26 15:28:49.190 +0530 [debug] (http.js) Failed to parse URL: https://<%= context.host %>, error: Invalid URL
2026-05-26 15:28:49.190 +0530 [debug] (request.js) Checking request template for multi-oauth app
2026-05-26 15:28:49.190 +0530 [debug] (requests.js) validating request template for "getAllSiteFromSuperops"
2026-05-26 15:28:49.190 +0530 [debug] (http.js) Failed to parse URL: https://<%= context.host %>, error: Invalid URL
2026-05-26 15:28:49.190 +0530 [debug] (http.js) Failed to parse URL: https://<%= context.domain %>, error: Invalid URL
2026-05-26 15:28:49.190 +0530 [debug] (requests.js) validating request template for "getLocations"
2026-05-26 15:28:49.190 +0530 [debug] (request.js) Checking request template for multi-oauth app
2026-05-26 15:28:49.190 +0530 [debug] (http.js) Failed to parse URL: https://<%= context.host %>, error: Invalid URL
2026-05-26 15:28:49.190 +0530 [debug] (http.js) Failed to parse URL: https://<%= context.host %>, error: Invalid URL
2026-05-26 15:28:49.190 +0530 [debug] (request.js) Checking request template for multi-oauth app
2026-05-26 15:28:49.190 +0530 [debug] (http.js) Failed to parse URL: https://<%= context.host %>, error: Invalid URL
2026-05-26 15:28:49.190 +0530 [debug] (request.js) Checking request template for multi-oauth app
2026-05-26 15:28:49.190 +0530 [debug] (http.js) Failed to parse URL: https://<%= context.host %>, error: Invalid URL
2026-05-26 15:28:49.190 +0530 [debug] (request.js) Checking request template for multi-oauth app
2026-05-26 15:28:49.190 +0530 [debug] (http.js) Failed to parse URL: https://<%= context.host %>, error: Invalid URL
2026-05-26 15:28:49.190 +0530 [debug] (request.js) Checking request template for multi-oauth app
2026-05-26 15:28:49.190 +0530 [debug] (http.js) Failed to parse URL: https://<%= context.host %>, error: Invalid URL
2026-05-26 15:28:49.190 +0530 [debug] (request.js) Checking request template for multi-oauth app
2026-05-26 15:28:49.190 +0530 [debug] (http.js) Failed to parse URL: https://<%= context.host %>, error: Invalid URL
2026-05-26 15:28:49.190 +0530 [debug] (request.js) Checking request template for multi-oauth app
2026-05-26 15:28:49.190 +0530 [debug] (http.js) Failed to parse URL: https://<%= context.host %>, error: Invalid URL
2026-05-26 15:28:49.191 +0530 [debug] (request.js) Checking request template for multi-oauth app
2026-05-26 15:28:49.339 +0530 [warn] Please ensure that the following are addressed for quick review process:
2026-05-26 15:28:49.339 +0530 [warn] [33m⚠[39m server/server.js::158: possible deprecated API usage detected
2026-05-26 15:28:49.339 +0530 [warn] 
[1mYour app might be using one or more API endpoints that will be deprecated soon. Please go through the deprecation notice (https://community.freshworks.dev/t/freshservice-rest-api-v1-deprecation-notice/5899) to find alternate resources.[0m
2026-05-26 15:28:49.339 +0530 [warn] 
2026-05-26 15:28:49.339 +0530 [info] App being packed in Node v24.11.0 using FDK 10.1.1
2026-05-26 15:28:49.354 +0530 [debug] (report.js) Generating hash for report.json file
2026-05-26 15:28:49.355 +0530 [debug] (data.js) Read {"supero_101_101_migrate_oauth_status":true,"supero_101_101_modules":{"supero_101_101_system_settings":{"currentHost":{"endpoint_urls":{"freshservice":"https://sivakumar.freshservice.com"},"subscribed_modules":["service_ticket"],"org_domain":"https://sivakumar-877416007896811476.myfreshworks.com","product_types":{"freshservice":"ITSM"},"itam_version":{"freshservice":"BASIC"}}}},"report_hash":"faccb7482ac91a67efe2d6e2f85bc171cf838de9957888b4a41c9bfb8c0eb9a8"}
2026-05-26 15:28:49.355 +0530 [debug] (report.js) Comparing the stored hash with report.json file hash
2026-05-26 15:28:49.355 +0530 [info] 
Code coverage has been skipped. Skipping code coverage may result in your app being rejected by the Freshworks Marketplace. Ensure at least 80% coverage before final submission.

2026-05-26 15:28:49.360 +0530 [debug] (pack.js) Cannot find './visitor-app' directory while packing.
2026-05-26 15:28:49.360 +0530 [debug] (pack.js) Cannot find './src' directory while packing.
2026-05-26 15:28:49.363 +0530 [debug] (pack.js) Cannot find './tests' directory while packing.
2026-05-26 15:28:49.364 +0530 [debug] (file.js) Computing digest for app/index.html,app/scripts/app.js,app/styles/images/logo.svg,app/styles/styles.css,manifest.json.
2026-05-26 15:28:49.366 +0530 [debug] (pack.js) Packing ./app/index.html
2026-05-26 15:28:49.367 +0530 [debug] (pack.js) Packing ./app/scripts/app.js
2026-05-26 15:28:49.369 +0530 [debug] (pack.js) Packing ./app/styles/images/logo.svg
2026-05-26 15:28:49.369 +0530 [debug] (pack.js) Packing ./app/styles/styles.css
2026-05-26 15:28:49.369 +0530 [debug] (pack.js) Packing ./server/additionalConnectors.js
2026-05-26 15:28:49.370 +0530 [debug] (pack.js) Packing ./server/createKonnectorJson.js
2026-05-26 15:28:49.375 +0530 [debug] (pack.js) Packing ./server/server.js
2026-05-26 15:28:49.376 +0530 [debug] (pack.js) Packing ./config/assets/scripts/iparams.js
2026-05-26 15:28:49.383 +0530 [debug] (pack.js) Packing ./config/assets/style/iparams.css
2026-05-26 15:28:49.383 +0530 [debug] (pack.js) Packing ./config/iparams.html
2026-05-26 15:28:49.384 +0530 [debug] (pack.js) Packing ./config/requests.json
2026-05-26 15:28:49.384 +0530 [debug] (pack.js) Packing ./manifest.json
2026-05-26 15:28:49.384 +0530 [debug] (pack.js) Packing ./.report.json
2026-05-26 15:28:49.384 +0530 [debug] (pack.js) Packing ./README.md
2026-05-26 15:28:49.384 +0530 [debug] (pack.js) Packing ./package.json
2026-05-26 15:28:49.384 +0530 [debug] (pack.js) Packing ./digest.md5
2026-05-26 15:28:49.405 +0530 [debug] (validate.js) asked to skip the following validations, 
2026-05-26 15:28:49.405 +0530 [debug] (validate.js) skipping validator actions
2026-05-26 15:28:49.405 +0530 [debug] (validate.js) skipping validator requests
2026-05-26 15:28:49.405 +0530 [debug] (validate.js) skipping validator app-dir
2026-05-26 15:28:49.405 +0530 [debug] (validate.js) skipping validator config-dir
2026-05-26 15:28:49.405 +0530 [debug] (validate.js) skipping validator custom-objects
2026-05-26 15:28:49.405 +0530 [debug] (validate.js) skipping validator event
2026-05-26 15:28:49.405 +0530 [debug] (validate.js) skipping validator iparam
2026-05-26 15:28:49.405 +0530 [debug] (validate.js) skipping validator lint
2026-05-26 15:28:49.405 +0530 [debug] (validate.js) skipping validator manifest
2026-05-26 15:28:49.405 +0530 [debug] (validate.js) skipping validator manifest-dependency
2026-05-26 15:28:49.405 +0530 [debug] (validate.js) skipping validator manifest-scripts
2026-05-26 15:28:49.405 +0530 [debug] (validate.js) skipping validator oauth
2026-05-26 15:28:49.405 +0530 [debug] (validate.js) running validator pkgsize
2026-05-26 15:28:49.405 +0530 [debug] (validate.js) skipping validator schema
2026-05-26 15:28:49.405 +0530 [debug] (validate.js) skipping validator version-check
2026-05-26 15:28:49.405 +0530 [debug] (validate.js) skipping validator app-settings
2026-05-26 15:28:49.405 +0530 [info] App packed successfully at /dist/superops_production.zip
2026-05-26 15:28:49.405 +0530 [info] Upload this file to the marketplace by following the instructions at https://developers.freshworks.com/docs/app-sdk/v3.0/common/app-submission-process/
2026-05-26 15:28:49.406 +0530 [debug] (file.js) Deleting digest.
2026-05-26 15:28:49.421 +0530 [debug] (report.js) Generating hash for report.json file
2026-05-26 15:30:04.134 +0530 [debug] (configs.js) loaded default configs as "{"updates":{"manifest_url":"https://cdn.freshdev.io/assets/fdk/updates.json","changelog_url":"https://cdn.freshdev.io/assets/fdk/change-log.json","period":24},"log":{"level":"info"},"javascript":{"ecma_version":2020},"request":{"timeout":15000,"maxFilesPerRequest":5},"global_apps":{"enabled":true},"easel":{"enabled":false},"job":{"timeout":120000}}"
2026-05-26 15:30:04.137 +0530 [debug] (configs.js) loaded global configs as "{"request":{"timeout":15000},"job":{"timeout":120000},"global_apps":{"enabled":"true"}}"
2026-05-26 15:30:04.138 +0530 [debug] (configs.js) loaded local configs as "{"request":{"timeout":15000},"job":{"timeout":120000},"global_apps":{"enabled":"true"}}"
2026-05-26 15:30:04.138 +0530 [debug] (configs.js) loaded env configs as "{"updates":{},"log":{},"javascript":{},"request":{"timeout":15000,"maxFilesPerRequest":5},"job":{"timeout":120000}}"
2026-05-26 15:30:04.138 +0530 [debug] (configs.js) loaded resolved configs as "{"updates":{"manifest_url":"https://cdn.freshdev.io/assets/fdk/updates.json","changelog_url":"https://cdn.freshdev.io/assets/fdk/change-log.json","period":24},"log":{"level":"info"},"javascript":{"ecma_version":2020},"request":{"timeout":15000,"maxFilesPerRequest":5},"global_apps":{"enabled":"true"},"easel":{"enabled":false},"job":{"timeout":120000}}"
2026-05-26 15:30:04.138 +0530 [debug] (logger.js) Starting FDK in node v24.11.0 on darwin
2026-05-26 15:30:04.138 +0530 [debug] (sequelize.js) setting up sqilite at "/Users/sivakumar/Documents/freshworks/freshservice/superops_production/.fdk/store.sqlite"
2026-05-26 15:30:04.138 +0530 [debug] (data.js) Read {"version_details":{"cli":{"deprecated":{"version":"<9","message":"This FDK version has been deprecated. There will be no further feature updates to this version. For a seamless app-building experience, ensure to move to the latest FDK version. For more information, see https://developers.freshworks.com/docs/app-sdk/v2.3/freshdesk/migration-guide/#migrate-to-the-latest-platform-version."},"forced":{"version":"7.0.0","command":"npm install https://dl.freshdev.io/cli/fdk-7.0.0.tgz -g","message":"Your FDK version has been forced updated to v7.0.0, please visit https://community.developers.freshworks.com/t/fdk-v7-0-announcing-node-js-v12-and-es6-support/3606 to know more"},"latest":{"version":"10.1.2","command":"npm install https://cdn.freshdev.io/fdk/latest-v24.tgz -g","message":"You are on the latest FDK version. For information on the features available as part of this FDK version, see https://developers.freshworks.com/docs/?tab=modules."}},"addon":{"version":"2.2.7","url":"https://cdn.freshdev.io/assets/fdk/addons/addon.zip"}},"last_updated":{"time_stamp":1779782125744}}
2026-05-26 15:30:04.138 +0530 [debug] (updater.js) last check less than 24 hours ago, not looking for updates
2026-05-26 15:30:04.140 +0530 [debug] (index.js) running with opts {}
2026-05-26 15:30:04.223 +0530 [debug] (data.js) Read {"version_details":{"cli":{"deprecated":{"version":"<9","message":"This FDK version has been deprecated. There will be no further feature updates to this version. For a seamless app-building experience, ensure to move to the latest FDK version. For more information, see https://developers.freshworks.com/docs/app-sdk/v2.3/freshdesk/migration-guide/#migrate-to-the-latest-platform-version."},"forced":{"version":"7.0.0","command":"npm install https://dl.freshdev.io/cli/fdk-7.0.0.tgz -g","message":"Your FDK version has been forced updated to v7.0.0, please visit https://community.developers.freshworks.com/t/fdk-v7-0-announcing-node-js-v12-and-es6-support/3606 to know more"},"latest":{"version":"10.1.2","command":"npm install https://cdn.freshdev.io/fdk/latest-v24.tgz -g","message":"You are on the latest FDK version. For information on the features available as part of this FDK version, see https://developers.freshworks.com/docs/?tab=modules."}},"addon":{"version":"2.2.7","url":"https://cdn.freshdev.io/assets/fdk/addons/addon.zip"}},"last_updated":{"time_stamp":1779782125744}}
2026-05-26 15:30:04.225 +0530 [debug] (manifest.js) Reloading manifest with {"platform-version":"3.1","modules":{"common":{"functions":{"registerUser":{},"authConnection":{},"verifyLogin":{},"updateKonnector":{},"getAssetById":{}},"requests":{"getAllTickets":{},"getAssets":{},"getFreshserviceAssetTypes":{},"getFreshserviceAssetFields":{},"getAdminAccessToken":{},"getTenantToken":{},"getFreshserviceWorkspace":{},"getAssetById":{},"getRequesters":{},"getAgents":{},"getAllTicketFields":{},"getAgentById":{},"getRequesterById":{},"getAllSiteFromSuperops":{},"getLocations":{}},"events":{"onAppInstall":{"handler":"onAppInstallCallback"},"onAppUninstall":{"handler":"onAppUninstallCallback"}}},"service_ticket":{"location":{"ticket_sidebar":{"url":"index.html","icon":"./styles/images/logo.svg"}},"events":{"onTicketUpdate":{"handler":"onTicketUpdateCallback"}}}},"engines":{"node":"24.11.0","fdk":"10.1.1"},"dependencies":{"axios":"0.20.0"},"scripts":{"fdk-unit-test":"vitest run --coverage"}}.
2026-05-26 15:30:04.225 +0530 [debug] (manifest.js) Inferred db,backend as features.
2026-05-26 15:30:04.225 +0530 [debug] (data.js) Read {"version_details":{"cli":{"deprecated":{"version":"<9","message":"This FDK version has been deprecated. There will be no further feature updates to this version. For a seamless app-building experience, ensure to move to the latest FDK version. For more information, see https://developers.freshworks.com/docs/app-sdk/v2.3/freshdesk/migration-guide/#migrate-to-the-latest-platform-version."},"forced":{"version":"7.0.0","command":"npm install https://dl.freshdev.io/cli/fdk-7.0.0.tgz -g","message":"Your FDK version has been forced updated to v7.0.0, please visit https://community.developers.freshworks.com/t/fdk-v7-0-announcing-node-js-v12-and-es6-support/3606 to know more"},"latest":{"version":"10.1.2","command":"npm install https://cdn.freshdev.io/fdk/latest-v24.tgz -g","message":"You are on the latest FDK version. For information on the features available as part of this FDK version, see https://developers.freshworks.com/docs/?tab=modules."}},"addon":{"version":"2.2.7","url":"https://cdn.freshdev.io/assets/fdk/addons/addon.zip"}},"last_updated":{"time_stamp":1779782125744}}
2026-05-26 15:30:04.364 +0530 [debug] (coverage.js) INIT: About to merge initial coverage data with 3 files
2026-05-26 15:30:04.364 +0530 [debug] (coverage.js) INIT: After merge - Files in map: 3
2026-05-26 15:30:04.411 +0530 [debug] (index.js) Initializing AJV schemas from individual files
2026-05-26 15:30:04.411 +0530 [debug] (index.js) Compiling schemas...
2026-05-26 15:30:04.418 +0530 [debug] (index.js) All schemas compiled successfully
2026-05-26 15:30:04.603 +0530 [debug] (index.js) 'schema: ' [object Object]
2026-05-26 15:30:04.607 +0530 [debug] (index.js) 'schema: ' [object Object]
2026-05-26 15:30:04.608 +0530 [debug] (index.js) 'schema: ' [object Object]
2026-05-26 15:30:04.608 +0530 [debug] (index.js) 'schema: ' [object Object]
2026-05-26 15:30:04.609 +0530 [debug] (index.js) 'schema: ' [object Object]
2026-05-26 15:30:04.610 +0530 [debug] (index.js) 'schema: ' [object Object]
2026-05-26 15:30:04.610 +0530 [debug] (index.js) 'schema: ' [object Object]
2026-05-26 15:30:04.614 +0530 [debug] (index.js) 'schema: ' [object Object]
2026-05-26 15:30:04.614 +0530 [debug] (index.js) 'schema: ' [object Object]
2026-05-26 15:30:04.614 +0530 [debug] (index.js) 'schema: ' [object Object]
2026-05-26 15:30:04.617 +0530 [debug] (index.js) 'schema: ' [object Object]
2026-05-26 15:30:04.618 +0530 [debug] (index.js) 'schema: ' [object Object]
2026-05-26 15:30:04.620 +0530 [debug] (index.js) 'schema: ' [object Object]
2026-05-26 15:30:04.620 +0530 [debug] (index.js) 'schema: ' [object Object]
2026-05-26 15:30:04.620 +0530 [debug] (index.js) 'schema: ' [object Object]
2026-05-26 15:30:04.621 +0530 [debug] (index.js) 'schema: ' [object Object]
2026-05-26 15:30:04.622 +0530 [debug] (index.js) 'schema: ' [object Object]
2026-05-26 15:30:04.628 +0530 [debug] (index.js) 'schema: ' [object Object]
2026-05-26 15:30:05.150 +0530 [debug] (pack.js) 'pack' called with {"0":true,"1":true}
2026-05-26 15:30:05.150 +0530 [debug] (validate.js) asked to skip the following validations, eslint
2026-05-26 15:30:05.150 +0530 [debug] (validate.js) running validator actions
2026-05-26 15:30:05.150 +0530 [debug] (validate.js) running validator requests
2026-05-26 15:30:05.150 +0530 [debug] (requests.js) validating request template for "getAllTickets"
2026-05-26 15:30:05.150 +0530 [debug] (validate.js) running validator app-dir
2026-05-26 15:30:05.150 +0530 [debug] (validate.js) running validator config-dir
2026-05-26 15:30:05.150 +0530 [debug] (config-dir.js) Checking to see if /Users/sivakumar/Documents/freshworks/freshservice/superops_production/config/ exists.
2026-05-26 15:30:05.150 +0530 [debug] (config-dir.js) Fetched the following config files assets,iparams.html,requests.json
2026-05-26 15:30:05.150 +0530 [debug] (validate.js) running validator custom-objects
2026-05-26 15:30:05.151 +0530 [debug] (validate.js) running validator event
2026-05-26 15:30:05.159 +0530 [debug] (event.js) Found ["onAppInstallCallback","onTicketUpdateCallback","onAppUninstallCallback","updateKonnector","registerUser","authConnection","verifyLogin","getAssetById"] as exported functions.
2026-05-26 15:30:05.159 +0530 [debug] (validate.js) running validator iparam
2026-05-26 15:30:05.179 +0530 [debug] (validate.js) running validator lint
2026-05-26 15:30:05.179 +0530 [debug] (lint.js) passed fix flag: undefined
2026-05-26 15:30:05.363 +0530 [debug] (validate.js) running validator manifest
2026-05-26 15:30:05.363 +0530 [debug] (validate.js) running validator manifest-dependency
2026-05-26 15:30:05.364 +0530 [debug] (validate.js) skipping validator manifest-scripts
2026-05-26 15:30:05.364 +0530 [debug] (validate.js) running validator oauth
2026-05-26 15:30:05.364 +0530 [debug] (validate.js) skipping validator pkgsize
2026-05-26 15:30:05.364 +0530 [debug] (validate.js) skipping validator schema
2026-05-26 15:30:05.364 +0530 [debug] (validate.js) running validator version-check
2026-05-26 15:30:05.364 +0530 [debug] (validate.js) running validator app-settings
2026-05-26 15:30:05.366 +0530 [debug] (event.js) Found ["onAppInstallCallback","onTicketUpdateCallback","onAppUninstallCallback","updateKonnector","registerUser","authConnection","verifyLogin","getAssetById"] as exported functions.
2026-05-26 15:30:05.366 +0530 [debug] (manifest.js) Validating function registerUser
2026-05-26 15:30:05.367 +0530 [debug] (http.js) Failed to parse URL: https://<%= context.host %>, error: Invalid URL
2026-05-26 15:30:05.374 +0530 [debug] (manifest.js) Validating function authConnection
2026-05-26 15:30:05.375 +0530 [debug] (requests.js) validating request template for "getAssets"
2026-05-26 15:30:05.375 +0530 [debug] (manifest.js) Validating function verifyLogin
2026-05-26 15:30:05.375 +0530 [debug] (http.js) Failed to parse URL: https://<%= context.host %>, error: Invalid URL
2026-05-26 15:30:05.375 +0530 [debug] (manifest.js) Validating function updateKonnector
2026-05-26 15:30:05.375 +0530 [debug] (requests.js) validating request template for "getFreshserviceAssetTypes"
2026-05-26 15:30:05.375 +0530 [debug] (manifest.js) Validating function getAssetById
2026-05-26 15:30:05.375 +0530 [debug] (http.js) Failed to parse URL: https://<%=context.host%>.freshservice.com, error: Invalid URL
2026-05-26 15:30:05.375 +0530 [debug] (requests.js) validating request template for "getFreshserviceAssetFields"
2026-05-26 15:30:05.375 +0530 [debug] (http.js) Failed to parse URL: https://<%=context.host%>.freshservice.com, error: Invalid URL
2026-05-26 15:30:05.377 +0530 [debug] (requests.js) validating request template for "getAdminAccessToken"
2026-05-26 15:30:05.377 +0530 [debug] (http.js) Failed to parse URL: https://<%= context.host %>.konnectifyapp.co, error: Invalid URL
2026-05-26 15:30:05.377 +0530 [debug] (http.js) Failed to parse URL: https://<%= context.host %>, error: Invalid URL
2026-05-26 15:30:05.377 +0530 [debug] (requests.js) validating request template for "getTenantToken"
2026-05-26 15:30:05.377 +0530 [debug] (request.js) Checking request template for multi-oauth app
2026-05-26 15:30:05.377 +0530 [debug] (http.js) Failed to parse URL: https://<%= context.host %>.konnectifyapp.co, error: Invalid URL
2026-05-26 15:30:05.377 +0530 [debug] (requests.js) validating request template for "getFreshserviceWorkspace"
2026-05-26 15:30:05.377 +0530 [debug] (http.js) Failed to parse URL: https://<%= context.host %>, error: Invalid URL
2026-05-26 15:30:05.377 +0530 [debug] (http.js) Failed to parse URL: https://<%= context.domain %>.freshservice.com, error: Invalid URL
2026-05-26 15:30:05.377 +0530 [debug] (request.js) Checking request template for multi-oauth app
2026-05-26 15:30:05.377 +0530 [debug] (requests.js) validating request template for "getAssetById"
2026-05-26 15:30:05.377 +0530 [debug] (http.js) Failed to parse URL: https://<%=context.host%>.freshservice.com, error: Invalid URL
2026-05-26 15:30:05.377 +0530 [debug] (http.js) Failed to parse URL: https://<%= context.domain %>, error: Invalid URL
2026-05-26 15:30:05.378 +0530 [debug] (request.js) Checking request template for multi-oauth app
2026-05-26 15:30:05.378 +0530 [debug] (requests.js) validating request template for "getRequesters"
2026-05-26 15:30:05.378 +0530 [debug] (http.js) Failed to parse URL: https://<%= context.host %>, error: Invalid URL
2026-05-26 15:30:05.378 +0530 [debug] (http.js) Failed to parse URL: https://<%=context.host%>.freshservice.com, error: Invalid URL
2026-05-26 15:30:05.378 +0530 [debug] (requests.js) validating request template for "getAgents"
2026-05-26 15:30:05.378 +0530 [debug] (request.js) Checking request template for multi-oauth app
2026-05-26 15:30:05.378 +0530 [debug] (http.js) Failed to parse URL: https://<%= context.host %>, error: Invalid URL
2026-05-26 15:30:05.378 +0530 [debug] (http.js) Failed to parse URL: https://<%= context.host %>.konnectifyapp.co, error: Invalid URL
2026-05-26 15:30:05.378 +0530 [debug] (requests.js) validating request template for "getAllTicketFields"
2026-05-26 15:30:05.378 +0530 [debug] (request.js) Checking request template for multi-oauth app
2026-05-26 15:30:05.378 +0530 [debug] (http.js) Failed to parse URL: https://<%= context.host %>, error: Invalid URL
2026-05-26 15:30:05.378 +0530 [debug] (requests.js) validating request template for "getRequesterById"
2026-05-26 15:30:05.378 +0530 [debug] (http.js) Failed to parse URL: https://<%= context.host %>.konnectifyapp.co, error: Invalid URL
2026-05-26 15:30:05.378 +0530 [debug] (http.js) Failed to parse URL: https://<%= context.host %>, error: Invalid URL
2026-05-26 15:30:05.378 +0530 [debug] (request.js) Checking request template for multi-oauth app
2026-05-26 15:30:05.378 +0530 [debug] (requests.js) validating request template for "getAgentById"
2026-05-26 15:30:05.378 +0530 [debug] (http.js) Failed to parse URL: https://<%= context.domain %>.freshservice.com, error: Invalid URL
2026-05-26 15:30:05.378 +0530 [debug] (http.js) Failed to parse URL: https://<%= context.host %>, error: Invalid URL
2026-05-26 15:30:05.378 +0530 [debug] (request.js) Checking request template for multi-oauth app
2026-05-26 15:30:05.378 +0530 [debug] (requests.js) validating request template for "getAllSiteFromSuperops"
2026-05-26 15:30:05.378 +0530 [debug] (http.js) Failed to parse URL: https://<%= context.host %>, error: Invalid URL
2026-05-26 15:30:05.378 +0530 [debug] (http.js) Failed to parse URL: https://<%= context.domain %>, error: Invalid URL
2026-05-26 15:30:05.378 +0530 [debug] (requests.js) validating request template for "getLocations"
2026-05-26 15:30:05.378 +0530 [debug] (request.js) Checking request template for multi-oauth app
2026-05-26 15:30:05.378 +0530 [debug] (http.js) Failed to parse URL: https://<%= context.host %>, error: Invalid URL
2026-05-26 15:30:05.378 +0530 [debug] (http.js) Failed to parse URL: https://<%= context.host %>, error: Invalid URL
2026-05-26 15:30:05.378 +0530 [debug] (request.js) Checking request template for multi-oauth app
2026-05-26 15:30:05.378 +0530 [debug] (http.js) Failed to parse URL: https://<%= context.host %>, error: Invalid URL
2026-05-26 15:30:05.378 +0530 [debug] (request.js) Checking request template for multi-oauth app
2026-05-26 15:30:05.378 +0530 [debug] (http.js) Failed to parse URL: https://<%= context.host %>, error: Invalid URL
2026-05-26 15:30:05.378 +0530 [debug] (request.js) Checking request template for multi-oauth app
2026-05-26 15:30:05.378 +0530 [debug] (http.js) Failed to parse URL: https://<%= context.host %>, error: Invalid URL
2026-05-26 15:30:05.378 +0530 [debug] (request.js) Checking request template for multi-oauth app
2026-05-26 15:30:05.378 +0530 [debug] (http.js) Failed to parse URL: https://<%= context.host %>, error: Invalid URL
2026-05-26 15:30:05.378 +0530 [debug] (request.js) Checking request template for multi-oauth app
2026-05-26 15:30:05.378 +0530 [debug] (http.js) Failed to parse URL: https://<%= context.host %>, error: Invalid URL
2026-05-26 15:30:05.378 +0530 [debug] (request.js) Checking request template for multi-oauth app
2026-05-26 15:30:05.378 +0530 [debug] (http.js) Failed to parse URL: https://<%= context.host %>, error: Invalid URL
2026-05-26 15:30:05.378 +0530 [debug] (request.js) Checking request template for multi-oauth app
2026-05-26 15:30:05.542 +0530 [warn] Please ensure that the following are addressed for quick review process:
2026-05-26 15:30:05.542 +0530 [warn] [33m⚠[39m server/server.js::158: possible deprecated API usage detected
2026-05-26 15:30:05.542 +0530 [warn] 
[1mYour app might be using one or more API endpoints that will be deprecated soon. Please go through the deprecation notice (https://community.freshworks.dev/t/freshservice-rest-api-v1-deprecation-notice/5899) to find alternate resources.[0m
2026-05-26 15:30:05.542 +0530 [warn] 
2026-05-26 15:30:05.542 +0530 [info] App being packed in Node v24.11.0 using FDK 10.1.1
2026-05-26 15:30:05.559 +0530 [debug] (report.js) Generating hash for report.json file
2026-05-26 15:30:05.559 +0530 [debug] (data.js) Read {"supero_101_101_migrate_oauth_status":true,"supero_101_101_modules":{"supero_101_101_system_settings":{"currentHost":{"endpoint_urls":{"freshservice":"https://sivakumar.freshservice.com"},"subscribed_modules":["service_ticket"],"org_domain":"https://sivakumar-877416007896811476.myfreshworks.com","product_types":{"freshservice":"ITSM"},"itam_version":{"freshservice":"BASIC"}}}},"report_hash":"37bcedc1d82307374b2bc7c7a72f1d586b3b04d580f089fc6c3f6d5b55d2757c"}
2026-05-26 15:30:05.560 +0530 [debug] (report.js) Comparing the stored hash with report.json file hash
2026-05-26 15:30:05.560 +0530 [info] 
Code coverage has been skipped. Skipping code coverage may result in your app being rejected by the Freshworks Marketplace. Ensure at least 80% coverage before final submission.

2026-05-26 15:30:05.564 +0530 [debug] (pack.js) Cannot find './visitor-app' directory while packing.
2026-05-26 15:30:05.564 +0530 [debug] (pack.js) Cannot find './src' directory while packing.
2026-05-26 15:30:05.566 +0530 [debug] (pack.js) Cannot find './tests' directory while packing.
2026-05-26 15:30:05.567 +0530 [debug] (file.js) Computing digest for app/index.html,app/scripts/app.js,app/styles/images/logo.svg,app/styles/styles.css,manifest.json.
2026-05-26 15:30:05.570 +0530 [debug] (pack.js) Packing ./app/index.html
2026-05-26 15:30:05.571 +0530 [debug] (pack.js) Packing ./app/scripts/app.js
2026-05-26 15:30:05.573 +0530 [debug] (pack.js) Packing ./app/styles/images/logo.svg
2026-05-26 15:30:05.573 +0530 [debug] (pack.js) Packing ./app/styles/styles.css
2026-05-26 15:30:05.573 +0530 [debug] (pack.js) Packing ./server/additionalConnectors.js
2026-05-26 15:30:05.574 +0530 [debug] (pack.js) Packing ./server/createKonnectorJson.js
2026-05-26 15:30:05.576 +0530 [debug] (pack.js) Packing ./server/server.js
2026-05-26 15:30:05.578 +0530 [debug] (pack.js) Packing ./config/assets/scripts/iparams.js
2026-05-26 15:30:05.586 +0530 [debug] (pack.js) Packing ./config/assets/style/iparams.css
2026-05-26 15:30:05.586 +0530 [debug] (pack.js) Packing ./config/iparams.html
2026-05-26 15:30:05.586 +0530 [debug] (pack.js) Packing ./config/requests.json
2026-05-26 15:30:05.586 +0530 [debug] (pack.js) Packing ./manifest.json
2026-05-26 15:30:05.587 +0530 [debug] (pack.js) Packing ./.report.json
2026-05-26 15:30:05.587 +0530 [debug] (pack.js) Packing ./README.md
2026-05-26 15:30:05.587 +0530 [debug] (pack.js) Packing ./package.json
2026-05-26 15:30:05.587 +0530 [debug] (pack.js) Packing ./digest.md5
2026-05-26 15:30:05.606 +0530 [debug] (validate.js) asked to skip the following validations, 
2026-05-26 15:30:05.606 +0530 [debug] (validate.js) skipping validator actions
2026-05-26 15:30:05.606 +0530 [debug] (validate.js) skipping validator requests
2026-05-26 15:30:05.606 +0530 [debug] (validate.js) skipping validator app-dir
2026-05-26 15:30:05.606 +0530 [debug] (validate.js) skipping validator config-dir
2026-05-26 15:30:05.606 +0530 [debug] (validate.js) skipping validator custom-objects
2026-05-26 15:30:05.606 +0530 [debug] (validate.js) skipping validator event
2026-05-26 15:30:05.606 +0530 [debug] (validate.js) skipping validator iparam
2026-05-26 15:30:05.606 +0530 [debug] (validate.js) skipping validator lint
2026-05-26 15:30:05.606 +0530 [debug] (validate.js) skipping validator manifest
2026-05-26 15:30:05.606 +0530 [debug] (validate.js) skipping validator manifest-dependency
2026-05-26 15:30:05.606 +0530 [debug] (validate.js) skipping validator manifest-scripts
2026-05-26 15:30:05.606 +0530 [debug] (validate.js) skipping validator oauth
2026-05-26 15:30:05.606 +0530 [debug] (validate.js) running validator pkgsize
2026-05-26 15:30:05.606 +0530 [debug] (validate.js) skipping validator schema
2026-05-26 15:30:05.606 +0530 [debug] (validate.js) skipping validator version-check
2026-05-26 15:30:05.606 +0530 [debug] (validate.js) skipping validator app-settings
2026-05-26 15:30:05.606 +0530 [info] App packed successfully at /dist/superops_production.zip
2026-05-26 15:30:05.606 +0530 [info] Upload this file to the marketplace by following the instructions at https://developers.freshworks.com/docs/app-sdk/v3.0/common/app-submission-process/
2026-05-26 15:30:05.606 +0530 [debug] (file.js) Deleting digest.
2026-05-26 15:30:05.622 +0530 [debug] (report.js) Generating hash for report.json file
